NAICS,NAICS Description,Item,Tax Status,Employer Status,2012 Revenue,2011 Revenue,2010 Revenue,2012 Coefficient of Variation,2011 Coefficient of Variation,2010 Coefficient of Variation
51223,Music Publishers ,Licensing revenue - Licensing of rights to use musical recordings ,All Establishments ,Employer Firms ,39,34,17,13.2,13.7,15.5
5412,"Accounting, Tax Preparation, Bookkeeping, and Payroll Services ",All other operating revenue ,All Establishments ,Employer Firms ,"10,756","10,347","9,923",11.6,11.2,11.8
62133,"Offices of Mental Health Practitioners, (except Physicians) ","Contributions, gifts, and grants received ",All Establishments ,Employer Firms ,297,309,294,9.3,8.6,8.9
5621,Waste Collection ,Total operating revenue ,All Establishments ,Employer Firms ,"42,370","42,567","41,373",3.7,3,3.2
54131,Architectural Services ,Interior design services ,All Establishments ,Employer Firms ,"2,314","2,021","1,968",14,14.6,13.9
6232,"Residential Intellectual and Developmental Disability, Mental Health and Substance Abuse Facilities11 ","Government (includes Medicare, Medicaid, Other Government, and Workers Compensation) ",All Establishments ,Employer Firms ,"25,211","24,603","24,106",2.1,1.8,1.6
S ,"Estimate does not meet publication standards because of high sampling variability (coefficient of variation is greater than 30%) or poor response quality (total quantity response rate is less than 50%) or other concerns about the estimate's quality.  Unpublished estimates derived from this table by subtraction are subject to these same limitations and should not be attributed to the U.S. Census Bureau.  For a description of publication standards and the total quantity response rate, see http://www.census.gov/quality/standards/standardf1.html. ",,,,,,,,,
51219,Postproduction Services and Other Motion Picture and Video Industries ,Total operating revenue ,All Establishments ,Employer Firms ,"5,415","5,590","5,310",3.8,3.9,3.8
54133,Engineering Services ,Total operating revenue ,All Establishments ,Employer Firms ,"175,434","177,708","172,403",10,9.1,10.2
5231Y ,Investment Banking and Securities Dealing and Brokerage7 ,Securities origination products ,All Establishments ,Employer Firms ,"33,842","31,843","31,522",2.4,2.5,2.7
51114,Directory and Mailing List Publishers ,"Directories, databases, and other collections of information - Advertising space ",All Establishments ,Employer Firms ,"9,323","10,064","10,401",2.5,2.3,2.3
51919,All Other Information Services ,Information search and retrieval services ,All Establishments ,Employer Firms ,"2,048","1,917","1,971",4.9,4.8,4.8
621391,Offices of Podiatrists ,All other non-patient care revenue ,All Establishments ,Employer Firms ,51,S,S,22.4,S,S
621493,Freestanding Ambulatory Surgical and Emergency Centers ,"Private insurance (includes Health, Property, and Auto) ",All Establishments ,Employer Firms ,"12,665","11,573","10,824",4,2.3,2.2
  ,  ,,,,,,,,,
6216,Home Health Care Services ,"Government (includes Medicare, Medicaid, Other Government, and Workers Compensation) ",All Establishments ,Employer Firms ,"47,159","44,248","42,310",4.8,3.7,4
51112,Periodical Publishers ,Sale or licensing of rights to content ,All Establishments ,Employer Firms ,506,482,475,13.4,15.2,15.3
5121x ,Motion Picture and Video Production and Distribution1 ,Contract production of audiovisual works ,All Establishments ,Employer Firms ,"6,283","5,764","5,289",9.7,5.7,5.7
522,Credit Intermediation and Related Activities ,Credit card income from consumers ,All Establishments ,Employer Firms ,"76,784","95,923","106,588",1,0.7,0.7
54111,Offices of Lawyers ,All other non-operating revenue ,Establishments exempt from federal income tax ,Employer Firms ,105,74,69,22.5,13.9,15.7
6114,Business Schools and Computer and Management Training ,All other operating revenue ,All Establishments ,Employer Firms ,"1,799","1,740","1,566",12.7,12.6,11.6
515112,Radio Stations ,All other operating revenue ,All Establishments ,Employer Firms ,"1,461","1,277","1,212",2.9,4.5,4.5
621493,Freestanding Ambulatory Surgical and Emergency Centers ,All other non-patient care revenue ,All Establishments ,Employer Firms ,664,S,S,10.5,S,S
621491,Other Outpatient Care Centers ,"Contributions, gifts, and grants received ",All Establishments ,Employer Firms ,6,4,4,1.2,1.2,1.2
5172,Wireless Telecommunications Carriers (except Satellite)3 ,Mobile telephony ,All Establishments ,Employer Firms ,"54,472","56,179","56,418",1.6,0.9,0.8
481,Air Transportation ,"International, scheduled freight transportation by air ",All Establishments ,Employer Firms ,"8,095","7,347","6,402",11.7,7.7,6.8
54133,Engineering Services ,"Commercial, public, and institutional engineering projects ",All Establishments ,Employer Firms ,"13,718","12,054","10,611",21.6,21.8,20
5239X ,Portfolio Management and Investment Advice9 ,Brokering and dealing products - Equities ,All Establishments ,Employer Firms ,"5,116","4,962","4,876",5.9,7.3,5.7
483,Water Transportation ,Total operating revenue ,All Establishments ,Employer Firms ,"37,630","36,560","34,836",0.7,0.6,0.5
51913,Internet Publishing and Broadcasting and Web Search Portals6 ,Licensing of rights to use intellectual property ,All Establishments ,Employer Firms ,"1,814","1,768","1,160",3.6,3.3,3.5
56299,All Other Waste Management Services ,Sale or brokerage of nonhazardous recyclable material ,All Establishments ,Employer Firms ,151,173,42,16.8,8.3,15.4
71311,Amusement and Theme Parks ,All other operating revenue ,Establishments subject to federal income tax ,Employer Firms ,"5,602","5,265","4,999",1.3,1.3,0.8
6117,Educational Support Services ,"Occupational, technical, and trade; professional development; and management training programs and courses ",All Establishments ,Employer Firms ,"10,697","10,191","9,510",2.8,2.9,2.7
6233,Community Care Facilities for the Elderly ,Total operating revenue ,All Establishments ,Employer Firms ,"51,346","49,022","46,594",1.9,1.6,1.4
5412,"Accounting, Tax Preparation, Bookkeeping, and Payroll Services ",Taxation planning and consulting services ,All Establishments ,Employer Firms ,"6,698","6,765","6,478",8.9,7.7,6.1
51919,All Other Information Services ,Information services ,All Establishments ,Employer Firms ,350,281,272,9.7,9.6,7.7
5415,Computer Systems Design and Related Services ,IT infrastructure and network management ,All Establishments ,Employer Firms ,"46,602","44,512","41,601",2.2,4.1,4.2
5417,Scientific Research and Development Services ,Production services for development ,Establishments subject to federal income tax ,Employer Firms ,"3,556","2,869","2,470",14.6,27.5,15.4
5231X ,Commodity Contracts Dealing and Brokerage8 ,All other operating revenue ,All Establishments ,Employer Firms ,"6,278","6,235","5,725",3.9,3.4,4.1
62132,Offices of Optometrists ,Other patient care revenue ,All Establishments ,Employer Firms ,858,832,781,11.8,8.3,8.6
561599,All Other Travel Arrangement and Reservation Services ,Commissions or fees from computerized reservation systems ,All Establishments ,Employer Firms ,"1,713","1,668","1,629",5,4.1,4.5
7111,Performing Arts Companies ,Total operating revenue ,Establishments subject to federal income tax ,Employer Firms ,"11,022","11,334","10,327",5.6,5.5,4.6
6212,Offices of Dentists ,All other non-patient care revenue ,All Establishments ,Employer Firms ,"1,128",S,S,29.8,S,S
51114,Directory and Mailing List Publishers ,Rental or sale of mailing lists ,All Establishments ,Employer Firms ,S,118,127,S,29.4,26.4
5174,Satellite Telecommunications ,Carrier services ,All Establishments ,Employer Firms ,"1,622","1,519","1,418",5.4,4.6,5.1
5172,Wireless Telecommunications Carriers (except Satellite)3 ,Internet access services ,All Establishments ,Employer Firms ,"56,084",S,S,3.6,S,S
515111,Radio Networks ,National/regional/local air time ,All Establishments ,Employer Firms ,"1,135","1,049","1,118",4.1,4.8,4.1
481,Air Transportation ,"International, non-scheduled passenger by air ",All Establishments ,Employer Firms ,"2,775","2,450","2,630",3.5,3.9,6.1
51113,Book Publishers ,Books - adult trade books ,All Establishments ,Employer Firms ,"6,637","7,024","7,075",3.2,3.4,3.2
712,"Museums, Historical Sites, and Similar Institutions ",Investment and property income ,Establishments exempt from federal income tax ,Employer Firms ,760,907,822,5.9,5.9,7.9
51114,Directory and Mailing List Publishers ,"Directories, databases, and other collections of information - Subscriptions and sales ",All Establishments ,Employer Firms ,"2,295","2,313","2,337",3.7,3.3,3.3
51224,Sound Recording Studios ,Studio recording ,All Establishments ,Employer Firms ,614,613,605,5.7,6,5.8
5112,Software Publishers ,Application software publishing - General business productivity and home use applications ,All Establishments ,Employer Firms ,"28,039","27,990","25,731",6.6,6.2,4.8
5112,Software Publishers ,All other operating revenue ,All Establishments ,Employer Firms ,"34,759",S,"29,234",3.6,S,3.6
62141,Outpatient Care Centers ,Patient out-of-pocket - Payments from patients and their families ,All Establishments ,Employer Firms ,602,567,542,4.4,5,4.4
624,Social Assistance ,Total revenue ,All Establishments ,Employer Firms ,"151,938","149,927","146,081",1.6,1.3,0.9
62133,"Offices of Mental Health Practitioners, (except Physicians) ",Other patient care revenue ,All Establishments ,Employer Firms ,607,582,541,7.3,8.2,8.6
518,"Data Processing, Hosting, and Related Services5 ",Information technology (IT) technical support services ,All Establishments ,Employer Firms ,"3,138","2,853","2,607",11.7,10.1,8.5
621399,Offices of All Other Miscellaneous Health Practitioners ,All other non-patient care revenue ,All Establishments ,Employer Firms ,395,237,215,12.2,14.2,13.1
813,"Religious, Grantmaking, Civic, Professional, and Similar Organizations12 ","Contributions, gifts, and grants received ",All Establishments ,Employer Firms ,"84,787","83,219","77,761",2.5,2.4,2.4
54182,Public Relations Agencies ,Total operating revenue ,All Establishments ,Employer Firms ,"10,931","10,285","10,004",3.9,3.9,3.3
51112,Periodical Publishers ,Total operating revenue ,All Establishments ,Employer Firms ,"38,949","38,462","38,395",4.3,3.2,2.5
56152,Tour Operators ,Total operating revenue ,All Establishments ,Employer Firms ,"5,665","5,382","5,283",4.5,4.7,4.9
622,Hospitals ,Patient out-of-pocket - Payments from patients and their families ,All Establishments ,Employer Firms ,"38,171","34,597","32,915",3.6,3.5,3.6
5231Y ,Investment Banking and Securities Dealing and Brokerage7 ,Trading debt instruments on own account - Net gains (losses) ,All Establishments ,Employer Firms ,"4,488","2,704","3,373",5.2,8.1,4.6
54186,Direct Mail Advertising ,Other direct mail advertising services ,All Establishments ,Employer Firms ,342,375,376,13.3,11.2,12.1
483,Water Transportation ,All other operating revenue ,All Establishments ,Employer Firms ,"1,662","1,431","1,445",5.4,5.5,5
5121x ,Motion Picture and Video Production and Distribution1 ,Merchandise licensing ,All Establishments ,Employer Firms ,837,769,546,5.5,3.5,3.7
5152,Cable and Other Subscription Programming ,Advertising and program revenue - Licensing of rights to broadcast specialty programming protected by copyright ,All Establishments ,Employer Firms ,"36,764","33,821","31,354",0.7,0.7,0.7
6233,Community Care Facilities for the Elderly ,"Contributions, gifts, and grants received ",All Establishments ,Employer Firms ,553,512,503,11.1,9.9,9.8
  ,  ,,,,,,,,,
6215,Medical and Diagnostic Laboratories ,"Government (includes Medicare, Medicaid, Other Government, and Workers Compensation) ",All Establishments ,Employer Firms ,"10,150","10,433","9,873",2.5,1.9,1.9
51213,Motion Picture and Video Exhibition ,Advertising services ,All Establishments ,Employer Firms ,190,165,154,10.2,5,2.7
5112,Software Publishers ,Total operating revenue ,All Establishments ,Employer Firms ,"161,744","156,806","145,425",1.9,1.7,1.6
54133,Engineering Services ,Transportation infrastructure engineering projects ,All Establishments ,Employer Firms ,"14,191","14,521","15,372",15.4,14.4,16.2
2212,Natural Gas Distribution ,Sales of energy and resources - Water ,All Establishments ,Employer Firms ,D,ZZ,ZZ,D,NA,NA
518,"Data Processing, Hosting, and Related Services5 ",Software publishing ,All Establishments ,Employer Firms ,"2,821",S,"2,019",9.8,S,10.3
711211,Sports Teams and Clubs ,All other operating revenue ,Establishments subject to federal income tax ,Employer Firms ,"14,123","13,927","13,658",5.1,4.5,4.1
621491,Other Outpatient Care Centers ,"Government (includes Medicare, Medicaid, Other Government, and Workers Compensation) ",All Establishments ,Employer Firms ,"1,360","1,304","1,206",3.7,3.7,3.8
6215,Medical and Diagnostic Laboratories ,Total operating revenue ,All Establishments ,Employer Firms ,"46,542","47,151","45,318",2.3,2.2,1.8
621498,All Other Outpatient Care Centers ,Total operating revenue ,All Establishments ,Employer Firms ,"34,891","33,416","31,709",1.4,1.2,1.2
6115,Technical and Trade Schools ,All other operating revenue ,All Establishments ,Employer Firms ,"2,113","2,428","2,190",9.7,11,11.4
522,Credit Intermediation and Related Activities ,Credit card income from businesses and governments ,All Establishments ,Employer Firms ,"23,104","21,678","22,354",6.7,6.2,5.4
5172,Wireless Telecommunications Carriers (except Satellite)3 ,Rental of telecommunications equipment ,All Establishments ,Employer Firms ,345,362,336,14.3,15.8,16.1
6233,Community Care Facilities for the Elderly ,"Private insurance (includes Health, Property, and Auto) ",All Establishments ,Employer Firms ,"2,059","2,175","1,979",12.1,10.9,10.6
5417,Scientific Research and Development Services ,All other operating revenue ,Establishments subject to federal income tax ,Employer Firms ,"38,186","33,406","33,151",7.3,6.5,6
6215,Medical and Diagnostic Laboratories ,Total operating revenue ,All Establishments ,Employer Firms ,"46,542","47,151","45,318",2.3,2.2,1.8
51213,Motion Picture and Video Exhibition ,Food and beverage sales ,All Establishments ,Employer Firms ,"4,207","3,858","3,789",3.3,2.5,2.3
5172,Wireless Telecommunications Carriers (except Satellite)3 ,Mobile long-distance ,All Establishments ,Employer Firms ,"3,354","3,505","3,761",5.3,4.3,3.4
2211,"Electric Power Generation, Transmission and Distribution ",All other operating revenue ,All Establishments ,Employer Firms ,"8,062","8,612","6,646",7.9,7.3,6.4
51113,Book Publishers ,Books - adult trade books ,All Establishments ,Employer Firms ,"6,637","7,024","7,075",3.2,3.4,3.2
621493,Freestanding Ambulatory Surgical and Emergency Centers ,"Contributions, gifts, and grants received ",All Establishments ,Employer Firms ,S,S,S,S,S,S
51222,Integrated Record Production/Distribution ,Sale of recordings ,All Establishments ,Employer Firms ,"4,597","4,579","5,558",1,1.2,0.7
5121x ,Motion Picture and Video Production and Distribution1 ,Other production services ,All Establishments ,Employer Firms ,"3,584","3,093","2,900",6.9,7.7,5.1
5171,Wired Telecommunications Carriers2 ,All other operating revenue ,All Establishments ,Employer Firms ,"13,609","14,141","18,753",4.8,3.7,2.6
56151,Travel Agencies ,Commissions or fees from lodging ,All Establishments ,Employer Firms ,"3,035","2,976","2,671",7,7.2,6.9
5231X ,Commodity Contracts Dealing and Brokerage8 ,Brokering and dealing products - Derivative contracts ,All Establishments ,Employer Firms ,"1,785","2,359","2,003",7.3,6,6.8
62132,Offices of Optometrists ,"Contributions, gifts, and grants received ",All Establishments ,Employer Firms ,S,S,S,S,S,S
6239,Other Residential Care Facilities ,All other non-patient care revenue ,All Establishments ,Employer Firms ,282,268,238,6.9,7.4,4.8
2211,"Electric Power Generation, Transmission and Distribution ",Sales of energy and resources - Other revenue from sales of energy ,All Establishments ,Employer Firms ,"8,994","8,855","9,333",3.6,2.7,3.8
5172,Wireless Telecommunications Carriers (except Satellite)3 ,Messaging (paging) services ,All Establishments ,Employer Firms ,"4,647","4,434","4,004",4.9,4.8,5.2
56132,Temporary Help Services ,Temporary staffing services ,All Establishments ,Employer Firms ,"99,446","89,733","79,790",4.1,3.2,3.3
5231Y ,Investment Banking and Securities Dealing and Brokerage7 ,Brokering and dealing products - Debt instruments ,All Establishments ,Employer Firms ,"39,988","34,219","34,000",2.5,2.5,2.5
621391,Offices of Podiatrists ,Other patient care revenue ,All Establishments ,Employer Firms ,299,257,229,19.1,20,16.4
5415,Computer Systems Design and Related Services ,Hosting and IT infrastructure provisioning services ,All Establishments ,Employer Firms ,"22,587","22,471","21,893",4.5,4.5,3.6
56292,Material Recovery Facilities ,Other waste management services ,All Establishments ,Employer Firms ,43,30,29,26.3,6.2,5.8
5171,Wired Telecommunications Carriers2 ,"Reselling services for telecommunications equipment, retail ",All Establishments ,Employer Firms ,"1,387","1,737","1,770",7,13.5,9.5
6232,"Residential Intellectual and Developmental Disability, Mental Health and Substance Abuse Facilities11 ",Investment and property income ,All Establishments ,Employer Firms ,184,192,229,15.1,14.5,17.5
6115,Technical and Trade Schools ,"Occupational, technical, and trade; professional development; and management training programs and courses ",All Establishments ,Employer Firms ,"13,365","13,394","12,801",4.4,4.9,3.7
6215,Medical and Diagnostic Laboratories ,Hospitals ,All Establishments ,Employer Firms ,"4,184","4,223","4,027",7.2,6.3,6.7
5171,Wired Telecommunications Carriers2 ,Pay-per-view ,All Establishments ,Employer Firms ,"3,473","3,358","3,445",0.8,0.6,0.5
5231X ,Commodity Contracts Dealing and Brokerage8 ,Brokering and dealing other financial instruments ,All Establishments ,Employer Firms ,"1,730","3,079","1,834",5.3,4.4,4.3
712,"Museums, Historical Sites, and Similar Institutions ",All other non-operating revenue ,Establishments exempt from federal income tax ,Employer Firms ,"1,460","1,315","1,533",5.3,11.5,5.9
621492,Kidney Dialysis Centers ,Investment and property income ,All Establishments ,Employer Firms ,59,58,55,1.9,3.8,1.7
517911,Telecommunications Resellers4 ,Carrier services ,All Establishments ,Employer Firms ,"2,653","2,525","2,499",5.9,5.9,5.6
5621,Waste Collection ,Residential nonhazardous waste and recyclable material collection services ,All Establishments ,Employer Firms ,"16,639","16,626","15,805",5,5.1,5.1
517911,Telecommunications Resellers4 ,Fixed local telephony ,All Establishments ,Employer Firms ,"1,615","1,505",S,6.5,6.1,S
5621,Waste Collection ,Residential nonhazardous waste and recyclable material collection services ,All Establishments ,Employer Firms ,"16,639","16,626","15,805",5,5.1,5.1
6239,Other Residential Care Facilities ,"Private insurance (includes Health, Property, and Auto) ",All Establishments ,Employer Firms ,176,165,173,9.4,10.7,13.5
518,"Data Processing, Hosting, and Related Services5 ",Information technology (IT) technical consulting services ,All Establishments ,Employer Firms ,"3,868","3,623","3,431",8.9,7.7,7.6
62141,Outpatient Care Centers ,Investment and property income ,All Establishments ,Employer Firms ,37,41,38,9.6,9.2,5.9
5417,Scientific Research and Development Services ,Production services for development ,Establishments exempt from federal income tax ,Employer Firms ,28,94,89,16.5,22.8,26.1
5231X ,Commodity Contracts Dealing and Brokerage8 ,Brokering and dealing products - Derivative contracts ,All Establishments ,Employer Firms ,"1,785","2,359","2,003",7.3,6,6.8
621498,All Other Outpatient Care Centers ,"Government (includes Medicare, Medicaid, Other Government, and Workers Compensation) ",All Establishments ,Employer Firms ,"12,119","11,190","10,431",2.3,2.3,2.1
51113,Book Publishers ,Books - general reference books ,All Establishments ,Employer Firms ,566,670,636,20.2,18.2,18.3
62133,"Offices of Mental Health Practitioners, (except Physicians) ",Other patient care revenue ,All Establishments ,Employer Firms ,607,582,541,7.3,8.2,8.6
54182,Public Relations Agencies ,Media relations ,All Establishments ,Employer Firms ,828,747,764,11.5,15.2,14.7
5171,Wired Telecommunications Carriers2 ,Rental of telecommunications equipment ,All Establishments ,Employer Firms ,"1,169","1,165","1,292",0.9,2.5,2.1
622,Hospitals ,Other patient care revenue ,All Establishments ,Employer Firms ,"67,653","65,543","57,333",8.2,8.8,10.3
62142,Outpatient Mental Health and Substance Abuse Centers ,"Private insurance (includes Health, Property, and Auto) ",All Establishments ,Employer Firms ,"2,043","1,869","1,783",6.1,7.6,9.7
2212,Natural Gas Distribution ,Sewer system user charges ,All Establishments ,Employer Firms ,ZZ,ZZ,ZZ,Z,NA,NA
54186,Direct Mail Advertising ,Full direct mail services ,All Establishments ,Employer Firms ,"5,654","5,487","5,262",5.2,5.7,5.2
5171,Wired Telecommunications Carriers2 ,Premium programming package ,All Establishments ,Employer Firms ,"23,592","23,392","21,246",0.9,0.5,0.5
5415,Computer Systems Design and Related Services ,Network design and development ,All Establishments ,Employer Firms ,"7,298",S,"5,853",19.4,S,15.1
621399,Offices of All Other Miscellaneous Health Practitioners ,All other non-patient care revenue ,All Establishments ,Employer Firms ,395,237,215,12.2,14.2,13.1
6233,Community Care Facilities for the Elderly ,Patient out-of-pocket - Payments from patients and their families ,All Establishments ,Employer Firms ,"31,463","29,715","28,299",2.8,2.7,2.7
62132,Offices of Optometrists ,Patient out-of-pocket - Payments from patients and their families ,All Establishments ,Employer Firms ,"5,285","5,021","4,923",3.1,3.4,2.9
4,"Includes 2002 NAICS 5173 (Telecommunications Resellers).  Historical data, 2010 and prior, have been restated to reflect comparable data on the 2007 NAICS basis. ",,,,,,,,,
62133,"Offices of Mental Health Practitioners, (except Physicians) ",Patient out-of-pocket - Payments from patients and their families ,All Establishments ,Employer Firms ,"1,357","1,227","1,129",9.5,7.2,6.8
5172,Wireless Telecommunications Carriers (except Satellite)3 ,Repair and maintenance services for telecommunications equipment ,All Establishments ,Employer Firms ,S,"1,480","1,335",S,4.9,5.4
62141,Outpatient Care Centers ,"Contributions, gifts, and grants received ",All Establishments ,Employer Firms ,424,380,370,8.3,8.2,7.8
56152,Tour Operators ,Customized group tours - Domestic travel ,All Establishments ,Employer Firms ,"1,106","1,000",851,12.4,11.7,8.1
51111,Newspaper Publishers ,Advertising space ,All Establishments ,Employer Firms ,"18,871","19,731","21,055",2.8,2.6,2.5
5112,Software Publishers ,System software publishing - Network software ,All Establishments ,Employer Firms ,"15,725","14,471","13,911",7.7,8,7.7
6117,Educational Support Services ,All other operating revenue ,All Establishments ,Employer Firms ,"2,450","2,741","2,737",8.8,8.4,7.5
6232,"Residential Intellectual and Developmental Disability, Mental Health and Substance Abuse Facilities11 ",Total operating revenue ,All Establishments ,Employer Firms ,"33,702","32,657","31,948",2,1.8,1.5
51512,Television Broadcasting ,Total operating revenue ,All Establishments ,Employer Firms ,"38,765","35,293","35,334",1.2,1.8,1.2
6232,"Residential Intellectual and Developmental Disability, Mental Health and Substance Abuse Facilities11 ",Patient out-of-pocket - Patients' assigned Social Security benefits ,All Establishments ,Employer Firms ,706,697,646,12.7,11.1,9.4
5171,Wired Telecommunications Carriers2 ,Fixed services - Fixed long-distance telephony ,All Establishments ,Employer Firms ,"19,743","21,383","20,826",1,0.5,0.7
622,Hospitals ,Total operating revenue ,All Establishments ,Employer Firms ,"918,707","864,422","822,590",1.1,0.9,0.6
56132,Temporary Help Services ,All other operating revenue ,All Establishments ,Employer Firms ,"9,400","8,736","7,693",6.1,7.8,7.8
486,Pipeline Transportation ,Transportation of refined petroleum by pipeline ,All Establishments ,Employer Firms ,"5,758","5,503","5,206",Z,Z,Z
621493,Freestanding Ambulatory Surgical and Emergency Centers ,Patient out-of-pocket - Patients' assigned Social Security benefits ,All Establishments ,Employer Firms ,S,S,S,S,S,S
5231X ,Commodity Contracts Dealing and Brokerage8 ,Total operating revenue ,All Establishments ,Employer Firms ,"13,432","13,626","14,145",3.6,3.4,3.8
51222,Integrated Record Production/Distribution ,Licensing revenue - Licensing of rights to use musical compositions ,All Establishments ,Employer Firms ,"1,167","1,126","1,040",2.5,2.4,2.4
561599,All Other Travel Arrangement and Reservation Services ,Total operating revenue ,All Establishments ,Employer Firms ,"15,529","14,641","13,851",5.7,4.8,4.6
51222,Integrated Record Production/Distribution ,All other operating revenue ,All Establishments ,Employer Firms ,D,865,869,D,5.1,4.8
485,Transit and Ground Passenger Transportation ,Total operating revenue ,All Establishments ,Employer Firms ,"29,971","28,256","27,020",2.3,2,1.5
518,"Data Processing, Hosting, and Related Services5 ",Information technology (IT) technical consulting services ,All Establishments ,Employer Firms ,"3,868","3,623","3,431",8.9,7.7,7.6
62142,Outpatient Mental Health and Substance Abuse Centers ,Investment and property income ,All Establishments ,Employer Firms ,57,61,53,29.5,25.2,11.9
621491,Other Outpatient Care Centers ,"Government (includes Medicare, Medicaid, Other Government, and Workers Compensation) ",All Establishments ,Employer Firms ,"1,360","1,304","1,206",3.7,3.7,3.8
6117,Educational Support Services ,"Occupational, technical, and trade; professional development; and management training programs and courses ",All Establishments ,Employer Firms ,"10,697","10,191","9,510",2.8,2.9,2.7
515111,Radio Networks ,National/regional/local air time ,All Establishments ,Employer Firms ,"1,135","1,049","1,118",4.1,4.8,4.1
  ,  ,,,,,,,,,
62133,"Offices of Mental Health Practitioners, (except Physicians) ",Patient out-of-pocket - Payments from patients and their families ,All Establishments ,Employer Firms ,"1,357","1,227","1,129",9.5,7.2,6.8
54133,Engineering Services ,Industrial and manufacturing engineering projects ,All Establishments ,Employer Firms ,"33,288","31,502","26,971",8.4,11.1,12.4
813,"Religious, Grantmaking, Civic, Professional, and Similar Organizations12 ",Investment and property income ,All Establishments ,Employer Firms ,"19,957","15,183","20,002",6.4,7.5,7.3
485,Transit and Ground Passenger Transportation ,"Local, fixed-route passenger transportation by road and transit rail ",All Establishments ,Employer Firms ,"8,190","7,536","7,219",6.3,5.3,4.9
5417,Scientific Research and Development Services ,Production services for development ,Establishments subject to federal income tax ,Employer Firms ,"3,556","2,869","2,470",14.6,27.5,15.4
51222,Integrated Record Production/Distribution ,All other operating revenue ,All Establishments ,Employer Firms ,D,865,869,D,5.1,4.8
5121x ,Motion Picture and Video Production and Distribution1 ,All other operating revenue ,All Establishments ,Employer Firms ,"4,110","3,876","3,859",5,4.3,3.4
6212,Offices of Dentists ,"Government (includes Medicare, Medicaid, Other Government, and Workers Compensation) ",All Establishments ,Employer Firms ,"9,957","11,049","10,982",5.8,8.5,6.9
62142,Outpatient Mental Health and Substance Abuse Centers ,"Contributions, gifts, and grants received ",All Establishments ,Employer Firms ,"1,097","1,229","1,174",13.3,8.9,9.1
5412,"Accounting, Tax Preparation, Bookkeeping, and Payroll Services ",Management consulting services ,All Establishments ,Employer Firms ,"10,937","9,291","8,026",4.5,4,4.2
54133,Engineering Services ,Surveying and mapping services ,All Establishments ,Employer Firms ,"1,560","1,676","2,116",20.6,22.8,23.9
621498,All Other Outpatient Care Centers ,Other patient care revenue ,All Establishments ,Employer Firms ,"3,246","2,747","2,543",6.1,3.4,3.2
6239,Other Residential Care Facilities ,Investment and property income ,All Establishments ,Employer Firms ,212,203,225,7.1,5.1,6.5
5231X ,Commodity Contracts Dealing and Brokerage8 ,Brokering and dealing other financial instruments ,All Establishments ,Employer Firms ,"1,730","3,079","1,834",5.3,4.4,4.3
62132,Offices of Optometrists ,"Private insurance (includes Health, Property, and Auto) ",All Establishments ,Employer Firms ,"4,447","4,310","4,161",3.2,2.3,1.8
51911,News Syndicates ,All other operating revenue ,All Establishments ,Employer Firms ,590,S,346,18.7,S,13
54182,Public Relations Agencies ,Lobbying ,All Establishments ,Employer Firms ,"1,507","1,392","1,458",6.9,7.5,7
517911,Telecommunications Resellers4 ,Total operating revenue ,All Establishments ,Employer Firms ,"9,945","9,683","9,817",6.7,5.6,4.4
486,Pipeline Transportation ,Transportation of other bulk liquid gases by pipeline ,All Establishments ,Employer Firms ,505,488,439,Z,Z,Z
54182,Public Relations Agencies ,Media relations ,All Establishments ,Employer Firms ,828,747,764,11.5,15.2,14.7
483,Water Transportation ,Cruises ,All Establishments ,Employer Firms ,"15,329","14,812","14,422",0.1,0.3,0.3
2211,"Electric Power Generation, Transmission and Distribution ",Sales of energy and resources - Other revenue from sales of energy ,All Establishments ,Employer Firms ,"8,994","8,855","9,333",3.6,2.7,3.8
56151,Travel Agencies ,Commissions or fees from packaged tours ,All Establishments ,Employer Firms ,"1,516","1,498","1,460",8.7,7.4,7.9
522,Credit Intermediation and Related Activities ,Credit card income from consumers ,All Establishments ,Employer Firms ,"76,784","95,923","106,588",1,0.7,0.7
712,"Museums, Historical Sites, and Similar Institutions ",All other non-operating revenue ,Establishments exempt from federal income tax ,Employer Firms ,"1,460","1,315","1,533",5.3,11.5,5.9
486,Pipeline Transportation ,Total operating revenue ,All Establishments ,Employer Firms ,"36,396","35,948","33,665",Z,Z,Z
51913,Internet Publishing and Broadcasting and Web Search Portals6 ,Online advertising space ,All Establishments ,Employer Firms ,"30,770","26,248","22,523",2.7,3,2.6
71311,Amusement and Theme Parks ,All other operating revenue ,Establishments subject to federal income tax ,Employer Firms ,"5,602","5,265","4,999",1.3,1.3,0.8
5231Y ,Investment Banking and Securities Dealing and Brokerage7 ,All other operating revenue ,All Establishments ,Employer Firms ,"64,943","67,534","72,763",1.2,1.8,1.6
5172,Wireless Telecommunications Carriers (except Satellite)3 ,Internet access services ,All Establishments ,Employer Firms ,"56,084",S,S,3.6,S,S
813,"Religious, Grantmaking, Civic, Professional, and Similar Organizations12 ",All other non-operating revenue ,All Establishments ,Employer Firms ,"25,737","23,655","23,772",3.4,3.8,3.2
6231,Nursing Care Facilities (Skilled Nursing Facilities)11 ,"Private insurance (includes Health, Property, and Auto) ",All Establishments ,Employer Firms ,"9,475","9,185","8,808",2.6,2.3,2.1
Z ,Absolute value is less than 0.05 ,,,,,,,,,
621493,Freestanding Ambulatory Surgical and Emergency Centers ,"Private insurance (includes Health, Property, and Auto) ",All Establishments ,Employer Firms ,"12,665","11,573","10,824",4,2.3,2.2
54133,Engineering Services ,Hazardous waste and industrial waste engineering projects ,All Establishments ,Employer Firms ,"4,649","4,634","4,437",20.9,19.2,23.9
484,Truck Transportation ,Total operating revenue ,All Establishments ,Employer Firms ,"230,632","215,884","194,616",1.4,1.5,1.4
522,Credit Intermediation and Related Activities ,Loan income from consumers ,All Establishments ,Employer Firms ,"528,541","535,148","573,297",1.2,0.8,0.7
5171,Wired Telecommunications Carriers2 ,Private network services ,All Establishments ,Employer Firms ,"22,253","22,222","21,977",2.2,2.3,1.8
62133,"Offices of Mental Health Practitioners, (except Physicians) ",Patient out-of-pocket - Patients' assigned Social Security benefits ,All Establishments ,Employer Firms ,S,S,S,S,S,S
712,"Museums, Historical Sites, and Similar Institutions ",Program service ,Establishments exempt from federal income tax ,Employer Firms ,"3,670","3,497","3,323",3.8,2.7,3.1
51111,Newspaper Publishers ,Advertising space ,All Establishments ,Employer Firms ,"18,871","19,731","21,055",2.8,2.6,2.5
5112,Software Publishers ,System software publishing - Other systems software ,All Establishments ,Employer Firms ,"3,527","3,507","3,766",2.7,11.1,10.9
51213,Motion Picture and Video Exhibition ,Total operating revenue ,All Establishments ,Employer Firms ,"14,519","13,309","13,454",3.1,2.1,1.8
62141,Outpatient Care Centers ,Total operating revenue ,All Establishments ,Employer Firms ,"2,002","1,914","1,864",3.3,3.1,2.8
481,Air Transportation ,Total operating revenue ,All Establishments ,Employer Firms ,"193,769","184,768","157,342",3.1,2.8,2.5
486,Pipeline Transportation ,Transportation of bulk natural gas and liquefied natural gas by pipeline ,All Establishments ,Employer Firms ,"21,867","22,242","20,839",Z,Z,Z
6212,Offices of Dentists ,"Private insurance (includes Health, Property, and Auto) ",All Establishments ,Employer Firms ,"45,875","44,673","43,798",2.4,1.9,1.9
621492,Kidney Dialysis Centers ,Patient out-of-pocket - Payments from patients and their families ,All Establishments ,Employer Firms ,97,103,101,3.2,3.2,2.3
51224,Sound Recording Studios ,Sound recording studio rental and leasing ,All Establishments ,Employer Firms ,51,48,50,20.2,17.9,16.4
621493,Freestanding Ambulatory Surgical and Emergency Centers ,"Contributions, gifts, and grants received ",All Establishments ,Employer Firms ,S,S,S,S,S,S
5417,Scientific Research and Development Services ,"Basic and applied research in natural and exact sciences, except biological sciences ",Establishments exempt from federal income tax ,Employer Firms ,"1,861","1,740","1,623",3.7,3,3.2
486,Pipeline Transportation ,Total operating revenue ,All Establishments ,Employer Firms ,"36,396","35,948","33,665",Z,Z,Z
5231Y ,Investment Banking and Securities Dealing and Brokerage7 ,Securities origination products ,All Establishments ,Employer Firms ,"33,842","31,843","31,522",2.4,2.5,2.7
6216,Home Health Care Services ,"Government (includes Medicare, Medicaid, Other Government, and Workers Compensation) ",All Establishments ,Employer Firms ,"47,159","44,248","42,310",4.8,3.7,4
51224,Sound Recording Studios ,Total operating revenue ,All Establishments ,Employer Firms ,895,866,839,4.1,4.7,5
621492,Kidney Dialysis Centers ,"Contributions, gifts, and grants received ",All Establishments ,Employer Firms ,S,S,S,S,S,S
62133,"Offices of Mental Health Practitioners, (except Physicians) ",Other patient care revenue ,All Establishments ,Employer Firms ,607,582,541,7.3,8.2,8.6
515111,Radio Networks ,Public and non-commercial programming services ,All Establishments ,Employer Firms ,415,405,391,10.1,11,11.3
56299,All Other Waste Management Services ,"Nonhazardous waste and recyclable material consolidation, storage, and preparation services ",All Establishments ,Employer Firms ,S,319,264,S,9.4,10.3
621491,Other Outpatient Care Centers ,"Contributions, gifts, and grants received ",All Establishments ,Employer Firms ,6,4,4,1.2,1.2,1.2
54186,Direct Mail Advertising ,Concept development for a direct mail advertising campaign ,All Establishments ,Employer Firms ,388,410,428,17.5,15.6,18.8
5417,Scientific Research and Development Services ,"Basic and applied research in natural and exact sciences, except biological sciences ",Establishments subject to federal income tax ,Employer Firms ,"9,264","9,102","9,248",7.1,5.7,6.4
5415,Computer Systems Design and Related Services ,IT technical consulting ,All Establishments ,Employer Firms ,"31,474","30,673","26,937",11.9,10.6,9.2
62132,Offices of Optometrists ,"Private insurance (includes Health, Property, and Auto) ",All Establishments ,Employer Firms ,"4,447","4,310","4,161",3.2,2.3,1.8
56152,Tour Operators ,Pre-packaged tours - International travel ,All Establishments ,Employer Firms ,"1,777","1,687","1,699",5,6.8,6.3
711211,Sports Teams and Clubs ,Admissions revenue (excluding admissions taxes) ,Establishments subject to federal income tax ,Employer Firms ,"8,458","8,494","7,846",6.4,7.7,6.6
621492,Kidney Dialysis Centers ,Investment and property income ,All Establishments ,Employer Firms ,59,58,55,1.9,3.8,1.7
517911,Telecommunications Resellers4 ,Total operating revenue ,All Establishments ,Employer Firms ,"9,945","9,683","9,817",6.7,5.6,4.4
6219,Other Ambulatory Health Care Services ,Other patient care revenue ,All Establishments ,Employer Firms ,"11,327","11,394","11,063",1.4,1.7,1.7
5231Y ,Investment Banking and Securities Dealing and Brokerage7 ,Brokering and dealing products - Derivative contracts ,All Establishments ,Employer Firms ,"20,658","20,161","27,062",2.8,2.6,2.3
6212,Offices of Dentists ,Total operating revenue ,All Establishments ,Employer Firms ,"106,042","103,803","101,619",2.2,1.7,1
6115,Technical and Trade Schools ,Total operating revenue ,All Establishments ,Employer Firms ,"15,478","15,822","14,991",3.9,4.2,2.8
621492,Kidney Dialysis Centers ,Other patient care revenue ,All Establishments ,Employer Firms ,594,528,502,3.5,3.3,2.9
54133,Engineering Services ,Telecommunications and broadcasting engineering projects ,All Establishments ,Employer Firms ,"2,312","2,453","2,705",19.2,19.5,19.5
5172,Wireless Telecommunications Carriers (except Satellite)3 ,Messaging (paging) services ,All Establishments ,Employer Firms ,"4,647","4,434","4,004",4.9,4.8,5.2
62134,"Offices of Physical, Occupational and Speech Therapists and Audiologists ","Contributions, gifts, and grants received ",All Establishments ,Employer Firms ,S,100,101,S,29.9,29.9
51222,Integrated Record Production/Distribution ,Sale of recordings ,All Establishments ,Employer Firms ,"4,597","4,579","5,558",1,1.2,0.7
62132,Offices of Optometrists ,"Contributions, gifts, and grants received ",All Establishments ,Employer Firms ,S,S,S,S,S,S
56151,Travel Agencies ,Commissions or fees from other travel arrangement services revenue ,All Establishments ,Employer Firms ,373,483,407,7.4,7.7,9.3
5622,Waste Treatment and Disposal ,All other operating revenue ,All Establishments ,Employer Firms ,"2,323","1,979","1,867",8.6,6,4.7
621492,Kidney Dialysis Centers ,"Contributions, gifts, and grants received ",All Establishments ,Employer Firms ,S,S,S,S,S,S
5112,Software Publishers ,Application software publishing - Cross-industry application software ,All Establishments ,Employer Firms ,"13,186","12,186","10,785",5,4.7,5.1
54133,Engineering Services ,Total operating revenue ,All Establishments ,Employer Firms ,"175,434","177,708","172,403",10,9.1,10.2
56151,Travel Agencies ,Commissions or fees from packaged tours ,All Establishments ,Employer Firms ,"1,516","1,498","1,460",8.7,7.4,7.9
54182,Public Relations Agencies ,Total operating revenue ,All Establishments ,Employer Firms ,"10,931","10,285","10,004",3.9,3.9,3.3
5121x ,Motion Picture and Video Production and Distribution1 ,International licensing of rights to others to distribute audiovisual works ,All Establishments ,Employer Firms ,369,377,351,7.2,5.7,7.9
5112,Software Publishers ,System software publishing - Other systems software ,All Establishments ,Employer Firms ,"3,527","3,507","3,766",2.7,11.1,10.9
54181,Advertising Agencies ,All other operating revenue ,All Establishments ,Employer Firms ,"2,345","2,075","2,022",20.1,13.6,12.5
483,Water Transportation ,All other operating revenue ,All Establishments ,Employer Firms ,"1,662","1,431","1,445",5.4,5.5,5
54133,Engineering Services ,Hazardous waste and industrial waste engineering projects ,All Establishments ,Employer Firms ,"4,649","4,634","4,437",20.9,19.2,23.9
6219,Other Ambulatory Health Care Services ,"Private insurance (includes Health, Property, and Auto) ",All Establishments ,Employer Firms ,"5,882","5,567","5,213",3.6,3.3,3.1
621498,All Other Outpatient Care Centers ,Investment and property income ,All Establishments ,Employer Firms ,235,239,211,8.7,10.5,9
51919,All Other Information Services ,All other operating revenue ,All Establishments ,Employer Firms ,443,396,381,14.8,12.9,10.2
712,"Museums, Historical Sites, and Similar Institutions ",Investment and property income ,Establishments exempt from federal income tax ,Employer Firms ,760,907,822,5.9,5.9,7.9
5121x ,Motion Picture and Video Production and Distribution1 ,Domestic licensing of rights to television programs ,All Establishments ,Employer Firms ,"12,796","12,355","11,364",8.9,2.6,2.4
6,"Includes 2002 NAICS 516 (Internet Publishing and Broadcasting) and 2002 NAICS 518112 (Web Search Portals).  Historical data, 2010 and prior, have been restated to reflect comparable data on the 2007 NAICS basis. ",,,,,,,,,
54161,Management Consulting Services10 ,All other operating revenue ,All Establishments ,Employer Firms ,"18,549","19,103","18,316",5.9,4.9,4.1
6232,"Residential Intellectual and Developmental Disability, Mental Health and Substance Abuse Facilities11 ","Government (includes Medicare, Medicaid, Other Government, and Workers Compensation) ",All Establishments ,Employer Firms ,"25,211","24,603","24,106",2.1,1.8,1.6
6212,Offices of Dentists ,All other non-patient care revenue ,All Establishments ,Employer Firms ,"1,128",S,S,29.8,S,S
54186,Direct Mail Advertising ,Other direct mail advertising services ,All Establishments ,Employer Firms ,342,375,376,13.3,11.2,12.1
5621,Waste Collection ,All other operating revenue ,All Establishments ,Employer Firms ,"3,607","4,228","3,828",10.5,13.5,14
712,"Museums, Historical Sites, and Similar Institutions ",Program service ,Establishments exempt from federal income tax ,Employer Firms ,"3,670","3,497","3,323",3.8,2.7,3.1
6219,Other Ambulatory Health Care Services ,Total operating revenue ,All Establishments ,Employer Firms ,"31,969","31,454","30,021",1.6,1.6,1.3
5231X ,Commodity Contracts Dealing and Brokerage8 ,All other operating revenue ,All Establishments ,Employer Firms ,"6,278","6,235","5,725",3.9,3.4,4.1
62141,Outpatient Care Centers ,"Private insurance (includes Health, Property, and Auto) ",All Establishments ,Employer Firms ,334,317,330,3.6,2.9,2.8
624,Social Assistance ,All other non-operating revenue ,All Establishments ,Employer Firms ,"7,594","7,330","7,025",7.1,6.3,5.7
621492,Kidney Dialysis Centers ,Patient out-of-pocket - Patients' assigned Social Security benefits ,All Establishments ,Employer Firms ,8,7,7,3.5,3.5,3.1
51112,Periodical Publishers ,Periodicals - advertising space ,All Establishments ,Employer Firms ,"15,912","16,213","16,076",5.4,4.6,4.5
62134,"Offices of Physical, Occupational and Speech Therapists and Audiologists ",Total operating revenue ,All Establishments ,Employer Firms ,"24,402","23,338","22,363",3.3,2.6,2.2
6212,Offices of Dentists ,Patient out-of-pocket - Payments from patients and their families ,All Establishments ,Employer Firms ,"41,719","40,048","38,855",3.6,2.7,2.3
522,Credit Intermediation and Related Activities ,Credit card income from businesses and governments ,All Establishments ,Employer Firms ,"23,104","21,678","22,354",6.7,6.2,5.4
54111,Offices of Lawyers ,Program service ,Establishments exempt from federal income tax ,Employer Firms ,727,685,704,21.3,19,17.6
6212,Offices of Dentists ,Patient out-of-pocket - Patients' assigned Social Security benefits ,All Establishments ,Employer Firms ,520,631,645,25,21.8,22.9
6239,Other Residential Care Facilities ,Total operating revenue ,All Establishments ,Employer Firms ,"8,534","8,308","8,196",2.6,2,2.3
5121x ,Motion Picture and Video Production and Distribution1 ,International licensing of rights to motion picture films ,All Establishments ,Employer Firms ,"8,519","8,100","9,100",2,2,2
54161,Management Consulting Services10 ,Actuarial consulting (except for employee pensions and other benefits) ,All Establishments ,Employer Firms ,"1,437","1,308","1,214",11.4,10.4,11.8
6212,Offices of Dentists ,"Private insurance (includes Health, Property, and Auto) ",All Establishments ,Employer Firms ,"45,875","44,673","43,798",2.4,1.9,1.9
517911,Telecommunications Resellers4 ,Mobile telephony ,All Establishments ,Employer Firms ,"2,045","1,894",S,18.1,16.1,S
62141,Outpatient Care Centers ,Investment and property income ,All Establishments ,Employer Firms ,37,41,38,9.6,9.2,5.9
54161,Management Consulting Services10 ,"Marketing management consulting, and consulting combined with implementation ",All Establishments ,Employer Firms ,"15,136","13,831","12,606",7.4,6.6,6.5
