NAICS,NAICS Description,Item,Tax Status,Employer Status,2012 Revenue,2011 Revenue,2010 Revenue,2012 Coefficient of Variation,2011 Coefficient of Variation,2010 Coefficient of Variation
6233,Community Care Facilities for the Elderly ,Patient out-of-pocket - Payments from patients and their families ,All Establishments ,Employer Firms ,"31,463","29,715","28,299",2.8,2.7,2.7
5417,Scientific Research and Development Services ,Licensing of right to use intellectual property ,Establishments subject to federal income tax ,Employer Firms ,"13,983","15,146","10,720",10.5,18.2,7.3
62131,Offices of Chiropractors ,"Government (includes Medicare, Medicaid, Other Government, and Workers Compensation) ",All Establishments ,Employer Firms ,"1,385","1,357","1,316",4.2,4.9,4.8
62134,"Offices of Physical, Occupational and Speech Therapists and Audiologists ",Investment and property income ,All Establishments ,Employer Firms ,S,26,26,S,12.6,19.7
515111,Radio Networks ,National/regional/local air time ,All Establishments ,Employer Firms ,"1,135","1,049","1,118",4.1,4.8,4.1
51213,Motion Picture and Video Exhibition ,All other operating revenue ,All Establishments ,Employer Firms ,498,330,315,12.7,22.5,23.9
5417,Scientific Research and Development Services ,Basic and applied research in the biological and biomedical sciences ,Establishments exempt from federal income tax ,Employer Firms ,"4,314","4,138","3,994",5.4,5.4,5.8
5417,Scientific Research and Development Services ,All other operating revenue ,Establishments subject to federal income tax ,Employer Firms ,"38,186","33,406","33,151",7.3,6.5,6
522,Credit Intermediation and Related Activities ,Loan income from businesses and governments ,All Establishments ,Employer Firms ,"181,470","183,809","197,028",6,5.5,5.7
624,Social Assistance ,All other non-operating revenue ,All Establishments ,Employer Firms ,"7,594","7,330","7,025",7.1,6.3,5.7
483,Water Transportation ,Towing services by water ,All Establishments ,Employer Firms ,843,738,565,9.3,9.3,10.6
5231X ,Commodity Contracts Dealing and Brokerage8 ,Management of financial market clearing products ,All Establishments ,Employer Firms ,400,427,429,13.3,15.2,10.6
621492,Kidney Dialysis Centers ,Patient out-of-pocket - Payments from patients and their families ,All Establishments ,Employer Firms ,97,103,101,3.2,3.2,2.3
6211,Offices of Physicians ,"Contributions, gifts, and grants received ",All Establishments ,Employer Firms ,"2,598","2,664","2,441",19,17.2,17.3
56152,Tour Operators ,Customized group tours - Domestic travel ,All Establishments ,Employer Firms ,"1,106","1,000",851,12.4,11.7,8.1
6215,Medical and Diagnostic Laboratories ,All other health care providers ,All Establishments ,Employer Firms ,836,756,701,19.3,20,18.6
71311,Amusement and Theme Parks ,Total operating revenue ,Establishments subject to federal income tax ,Employer Firms ,"14,021","13,283","12,197",1.1,1.1,0.6
62131,Offices of Chiropractors ,All other non-patient care revenue ,All Establishments ,Employer Firms ,S,135,145,S,16.1,14.3
2212,Natural Gas Distribution ,Sales of energy and resources - Other revenue from sales of energy ,All Establishments ,Employer Firms ,"8,384","11,019","11,134",4.2,5.4,6.3
6219,Other Ambulatory Health Care Services ,All other non-patient care revenue ,All Establishments ,Employer Firms ,"4,627","4,868","4,590",3.4,2.3,2.2
  ,  ,,,,,,,,,
71311,Amusement and Theme Parks ,All other operating revenue ,Establishments subject to federal income tax ,Employer Firms ,"5,602","5,265","4,999",1.3,1.3,0.8
561599,All Other Travel Arrangement and Reservation Services ,Commissions or fees from automobile clubs and road and travel service ,All Establishments ,Employer Firms ,"3,818","3,715","3,569",4.5,4,4.2
6239,Other Residential Care Facilities ,Patient out-of-pocket - Patients' assigned Social Security benefits ,All Establishments ,Employer Firms ,S,26,S,S,29.2,S
62141,Outpatient Care Centers ,All other non-patient care revenue ,All Establishments ,Employer Firms ,53,50,47,14.7,8.8,11.6
54181,Advertising Agencies ,Sales promotion ,All Establishments ,Employer Firms ,980,"1,012",989,23.5,8.7,9.6
62142,Outpatient Mental Health and Substance Abuse Centers ,Patient out-of-pocket - Payments from patients and their families ,All Establishments ,Employer Firms ,744,675,618,10,13,9.9
561599,All Other Travel Arrangement and Reservation Services ,Commissions or fees from cruises ,All Establishments ,Employer Firms ,169,S,155,29.3,S,29.5
5417,Scientific Research and Development Services ,Production services for development ,Establishments exempt from federal income tax ,Employer Firms ,28,94,89,16.5,22.8,26.1
5231Y ,Investment Banking and Securities Dealing and Brokerage7 ,Financial planning and investment management services for businesses and governments ,All Establishments ,Employer Firms ,"9,929","10,975","11,617",3.5,2.7,4
6212,Offices of Dentists ,"Private insurance (includes Health, Property, and Auto) ",All Establishments ,Employer Firms ,"45,875","44,673","43,798",2.4,1.9,1.9
6232,"Residential Intellectual and Developmental Disability, Mental Health and Substance Abuse Facilities11 ","Private insurance (includes Health, Property, and Auto) ",All Establishments ,Employer Firms ,"2,038","1,880","1,783",9,9.2,8.8
56292,Material Recovery Facilities ,"Nonhazardous waste and recyclable material consolidation, storage, and preparation services ",All Establishments ,Employer Firms ,"2,590","3,188","2,683",5,5,5.1
5121x ,Motion Picture and Video Production and Distribution1 ,Contract production of audiovisual works ,All Establishments ,Employer Firms ,"6,283","5,764","5,289",9.7,5.7,5.7
5171,Wired Telecommunications Carriers2 ,Repair and maintenance services for telecommunications equipment ,All Establishments ,Employer Firms ,703,S,389,9.6,S,7.2
62132,Offices of Optometrists ,Other patient care revenue ,All Establishments ,Employer Firms ,858,832,781,11.8,8.3,8.6
6219,Other Ambulatory Health Care Services ,"Private insurance (includes Health, Property, and Auto) ",All Establishments ,Employer Firms ,"5,882","5,567","5,213",3.6,3.3,3.1
5415,Computer Systems Design and Related Services ,IT technical support ,All Establishments ,Employer Firms ,"45,107","44,805","42,199",4.5,3.5,3.3
8,Includes NAICS 52313 (Commodity Contracts Dealing) and NAICS 52314 (Commodity Contracts Brokerage). ,,,,,,,,,
621391,Offices of Podiatrists ,"Contributions, gifts, and grants received ",All Establishments ,Employer Firms ,S,S,4,S,S,23.6
62141,Outpatient Care Centers ,All other non-patient care revenue ,All Establishments ,Employer Firms ,53,50,47,14.7,8.8,11.6
517911,Telecommunications Resellers4 ,Total operating revenue ,All Establishments ,Employer Firms ,"9,945","9,683","9,817",6.7,5.6,4.4
621491,Other Outpatient Care Centers ,All other non-patient care revenue ,All Establishments ,Employer Firms ,13,21,15,1.4,1.3,1.2
621391,Offices of Podiatrists ,"Government (includes Medicare, Medicaid, Other Government, and Workers Compensation) ",All Establishments ,Employer Firms ,"1,624","1,474","1,395",6.4,3.8,3.3
2212,Natural Gas Distribution ,Sewer system user charges ,All Establishments ,Employer Firms ,ZZ,ZZ,ZZ,Z,NA,NA
5112,Software Publishers ,Application software publishing - Vertical market application software ,All Establishments ,Employer Firms ,"8,231","8,782","8,263",17.1,11.6,11
5171,Wired Telecommunications Carriers2 ,Basic programming package ,All Establishments ,Employer Firms ,"60,290","56,480","54,901",0.9,0.7,0.6
6116,Other Schools and Instruction ,Total operating revenue ,All Establishments ,Employer Firms ,"19,844","18,179","16,931",2.3,2.7,2.5
62142,Outpatient Mental Health and Substance Abuse Centers ,"Private insurance (includes Health, Property, and Auto) ",All Establishments ,Employer Firms ,"2,043","1,869","1,783",6.1,7.6,9.7
54111,Offices of Lawyers ,"Contributions, gifts, and grants received ",Establishments exempt from federal income tax ,Employer Firms ,"2,228","2,252","2,126",9.5,7.9,7.1
51111,Newspaper Publishers ,Advertising space ,All Establishments ,Employer Firms ,"18,871","19,731","21,055",2.8,2.6,2.5
NA ,Not available. ,,,,,,,,,
5171,Wired Telecommunications Carriers2 ,"Reselling services for telecommunications equipment, retail ",All Establishments ,Employer Firms ,"1,387","1,737","1,770",7,13.5,9.5
56292,Material Recovery Facilities ,"Nonhazardous waste and recyclable material consolidation, storage, and preparation services ",All Establishments ,Employer Firms ,"2,590","3,188","2,683",5,5,5.1
6219,Other Ambulatory Health Care Services ,Investment and property income ,All Establishments ,Employer Firms ,119,131,131,9.2,5.4,6.6
56151,Travel Agencies ,Commissions or fees from automobile clubs and road and travel service ,All Establishments ,Employer Firms ,573,609,573,10.3,10,10.3
6115,Technical and Trade Schools ,All other operating revenue ,All Establishments ,Employer Firms ,"2,113","2,428","2,190",9.7,11,11.4
51911,News Syndicates ,Licensing of rights to use syndicated media content ,All Establishments ,Employer Firms ,"1,758","1,740","1,614",5.4,4.4,4.5
621492,Kidney Dialysis Centers ,Other patient care revenue ,All Establishments ,Employer Firms ,594,528,502,3.5,3.3,2.9
2211,"Electric Power Generation, Transmission and Distribution ",Sales of energy and resources - Other revenue from sales of energy ,All Establishments ,Employer Firms ,"8,994","8,855","9,333",3.6,2.7,3.8
6216,Home Health Care Services ,Patient out-of-pocket - Payments from patients and their families ,All Establishments ,Employer Firms ,"3,960","3,725","3,410",14.8,13.4,12.5
624,Social Assistance ,Investment and property income ,All Establishments ,Employer Firms ,"1,446","1,494","1,520",8.6,8.5,9.6
5412,"Accounting, Tax Preparation, Bookkeeping, and Payroll Services ",Taxation planning and consulting services ,All Establishments ,Employer Firms ,"6,698","6,765","6,478",8.9,7.7,6.1
483,Water Transportation ,Cruises ,All Establishments ,Employer Firms ,"15,329","14,812","14,422",0.1,0.3,0.3
56151,Travel Agencies ,Commissions or fees from other travel arrangement services revenue ,All Establishments ,Employer Firms ,373,483,407,7.4,7.7,9.3
5417,Scientific Research and Development Services ,Investment and property income ,Establishments exempt from federal income tax ,Employer Firms ,"1,600","1,845","1,127",4,9.4,9
624,Social Assistance ,"Contributions, gifts, and grants received ",All Establishments ,Employer Firms ,"59,765","60,267","59,366",2,2.1,2.1
51112,Periodical Publishers ,Total operating revenue ,All Establishments ,Employer Firms ,"38,949","38,462","38,395",4.3,3.2,2.5
6239,Other Residential Care Facilities ,Patient out-of-pocket - Payments from patients and their families ,All Establishments ,Employer Firms ,239,221,212,14.2,14.6,12.3
5231Y ,Investment Banking and Securities Dealing and Brokerage7 ,All other operating revenue ,All Establishments ,Employer Firms ,"64,943","67,534","72,763",1.2,1.8,1.6
621391,Offices of Podiatrists ,Patient out-of-pocket - Payments from patients and their families ,All Establishments ,Employer Firms ,634,610,589,4.8,4.9,5.7
712,"Museums, Historical Sites, and Similar Institutions ",All other non-operating revenue ,Establishments exempt from federal income tax ,Employer Firms ,"1,460","1,315","1,533",5.3,11.5,5.9
5417,Scientific Research and Development Services ,Original works of intellectual property ,Establishments exempt from federal income tax ,Employer Firms ,S,42,41,S,9,17.2
624,Social Assistance ,Program service ,All Establishments ,Employer Firms ,"83,133","80,836","78,170",3.4,3.1,2.5
5171,Wired Telecommunications Carriers2 ,Internet access services ,All Establishments ,Employer Firms ,"68,344","60,549","53,620",0.7,0.7,0.7
712,"Museums, Historical Sites, and Similar Institutions ",All other non-operating revenue ,Establishments exempt from federal income tax ,Employer Firms ,"1,460","1,315","1,533",5.3,11.5,5.9
5121x ,Motion Picture and Video Production and Distribution1 ,Merchandise licensing ,All Establishments ,Employer Firms ,837,769,546,5.5,3.5,3.7
515111,Radio Networks ,All other operating revenue ,All Establishments ,Employer Firms ,"3,909","3,553","3,374",1.5,1.4,1.4
56151,Travel Agencies ,Commissions or fees from other reservation services ,All Establishments ,Employer Firms ,814,731,690,14.1,7.9,7.7
56299,All Other Waste Management Services ,Other waste management services ,All Establishments ,Employer Firms ,"3,235","2,651","2,418",5.6,5.2,5.1
54161,Management Consulting Services10 ,"Operations and supply chain management consulting, and consulting combined with implementation ",All Establishments ,Employer Firms ,"7,961","8,133","8,035",6.2,8.2,7.2
5417,Scientific Research and Development Services ,All other operating revenue ,Establishments subject to federal income tax ,Employer Firms ,"38,186","33,406","33,151",7.3,6.5,6
5172,Wireless Telecommunications Carriers (except Satellite)3 ,All other operating revenue ,All Establishments ,Employer Firms ,"12,911","13,270","11,784",3.4,2.9,3.4
621493,Freestanding Ambulatory Surgical and Emergency Centers ,Patient out-of-pocket - Patients' assigned Social Security benefits ,All Establishments ,Employer Firms ,S,S,S,S,S,S
624,Social Assistance ,Investment and property income ,All Establishments ,Employer Firms ,"1,446","1,494","1,520",8.6,8.5,9.6
622,Hospitals ,"Government (includes Medicare, Medicaid, Other Government, and Workers Compensation) ",All Establishments ,Employer Firms ,"350,140","332,137","318,628",2.4,2.2,2.3
6219,Other Ambulatory Health Care Services ,Other patient care revenue ,All Establishments ,Employer Firms ,"11,327","11,394","11,063",1.4,1.7,1.7
6231,Nursing Care Facilities (Skilled Nursing Facilities)11 ,"Government (includes Medicare, Medicaid, Other Government, and Workers Compensation) ",All Establishments ,Employer Firms ,"84,291","83,112","78,620",2.4,2.3,2.3
561599,All Other Travel Arrangement and Reservation Services ,Commissions or fees from packaged tours ,All Establishments ,Employer Firms ,191,179,168,10.6,14.5,14
54186,Direct Mail Advertising ,Print services for direct mail advertising materials ,All Establishments ,Employer Firms ,"1,739","1,762","1,696",6.2,7.3,7.9
62142,Outpatient Mental Health and Substance Abuse Centers ,Total operating revenue ,All Establishments ,Employer Firms ,"13,999","13,566","12,985",3.2,2.7,2.2
51113,Book Publishers ,Books - textbooks ,All Establishments ,Employer Firms ,"8,598","9,021","8,968",2.7,1.9,1.7
51911,News Syndicates ,Licensing of rights to use syndicated media content ,All Establishments ,Employer Firms ,"1,758","1,740","1,614",5.4,4.4,4.5
6115,Technical and Trade Schools ,"Occupational, technical, and trade; professional development; and management training programs and courses ",All Establishments ,Employer Firms ,"13,365","13,394","12,801",4.4,4.9,3.7
51224,Sound Recording Studios ,Sound recording studio rental and leasing ,All Establishments ,Employer Firms ,51,48,50,20.2,17.9,16.4
51113,Book Publishers ,"Books - professional, technical, and scholarly books ",All Establishments ,Employer Firms ,"4,417","4,246","4,365",3.8,4.5,4.4
5171,Wired Telecommunications Carriers2 ,Website hosting services ,All Establishments ,Employer Firms ,215,292,304,5.8,2.5,3
6117,Educational Support Services ,"Occupational, technical, and trade; professional development; and management training programs and courses ",All Establishments ,Employer Firms ,"10,697","10,191","9,510",2.8,2.9,2.7
6114,Business Schools and Computer and Management Training ,All other operating revenue ,All Establishments ,Employer Firms ,"1,799","1,740","1,566",12.7,12.6,11.6
54111,Offices of Lawyers ,"Contributions, gifts, and grants received ",Establishments exempt from federal income tax ,Employer Firms ,"2,228","2,252","2,126",9.5,7.9,7.1
622,Hospitals ,Total operating revenue ,All Establishments ,Employer Firms ,"918,707","864,422","822,590",1.1,0.9,0.6
5112,Software Publishers ,Information Technology related training services ,All Establishments ,Employer Firms ,"2,061","1,870","1,781",11.2,18.9,20.2
6239,Other Residential Care Facilities ,Other patient care revenue ,All Establishments ,Employer Firms ,S,519,504,S,5.6,6.1
5121x ,Motion Picture and Video Production and Distribution1 ,International licensing of rights to motion picture films ,All Establishments ,Employer Firms ,"8,519","8,100","9,100",2,2,2
62131,Offices of Chiropractors ,Other patient care revenue ,All Establishments ,Employer Firms ,579,561,534,8.7,9.3,9.9
2211,"Electric Power Generation, Transmission and Distribution ",Sales of energy and resources - Natural gas distribution ,All Establishments ,Employer Firms ,"4,944","5,935","5,616",3.5,3.4,3.7
483,Water Transportation ,Transportation of freight and cargo by water ,All Establishments ,Employer Firms ,"18,764","18,638","17,369",1.3,1,1
56151,Travel Agencies ,Commissions or fees from cruises ,All Establishments ,Employer Firms ,"1,333","1,244","1,201",14.5,13.4,15.4
56299,All Other Waste Management Services ,Other waste management services ,All Establishments ,Employer Firms ,"3,235","2,651","2,418",5.6,5.2,5.1
5417,Scientific Research and Development Services ,All other operating revenue ,Establishments exempt from federal income tax ,Employer Firms ,"3,674","3,938","3,813",5.3,4.9,5.1
5415,Computer Systems Design and Related Services ,IT technical consulting ,All Establishments ,Employer Firms ,"31,474","30,673","26,937",11.9,10.6,9.2
7111,Performing Arts Companies ,Total operating revenue ,Establishments subject to federal income tax ,Employer Firms ,"11,022","11,334","10,327",5.6,5.5,4.6
522,Credit Intermediation and Related Activities ,All other operating revenue ,All Establishments ,Employer Firms ,"222,691","211,842","220,932",3.3,2.8,3
62134,"Offices of Physical, Occupational and Speech Therapists and Audiologists ",Other patient care revenue ,All Establishments ,Employer Firms ,"4,621","4,260","4,109",7,5.4,4.8
54133,Engineering Services ,Construction services ,All Establishments ,Employer Firms ,"20,316","17,669","17,102",22.5,16.1,15.4
56152,Tour Operators ,Customized group tours - Domestic travel ,All Establishments ,Employer Firms ,"1,106","1,000",851,12.4,11.7,8.1
54182,Public Relations Agencies ,Media monitoring and analysis ,All Establishments ,Employer Firms ,93,97,63,17.3,17.4,22.9
54133,Engineering Services ,Transportation infrastructure engineering projects ,All Establishments ,Employer Firms ,"14,191","14,521","15,372",15.4,14.4,16.2
5171,Wired Telecommunications Carriers2 ,Repair and maintenance services for telecommunications equipment ,All Establishments ,Employer Firms ,703,S,389,9.6,S,7.2
2212,Natural Gas Distribution ,Total operating revenue ,All Establishments ,Employer Firms ,"78,717","96,021","99,714",1.8,1.6,1.4
6211,Offices of Physicians ,Investment and property income ,All Establishments ,Employer Firms ,842,912,"1,085",13.5,11.5,18.8
481,Air Transportation ,All other operating revenue ,All Establishments ,Employer Firms ,"18,677","18,238","15,756",4,3.4,3.7
6219,Other Ambulatory Health Care Services ,All other non-patient care revenue ,All Establishments ,Employer Firms ,"4,627","4,868","4,590",3.4,2.3,2.2
62134,"Offices of Physical, Occupational and Speech Therapists and Audiologists ",All other non-patient care revenue ,All Establishments ,Employer Firms ,503,571,503,12.2,11.9,12.8
7111,Performing Arts Companies ,All other operating revenue ,Establishments subject to federal income tax ,Employer Firms ,"2,753","2,651","2,433",5.4,6.1,5.4
515111,Radio Networks ,Public and non-commercial programming services ,All Establishments ,Employer Firms ,415,405,391,10.1,11,11.3
62142,Outpatient Mental Health and Substance Abuse Centers ,All other non-patient care revenue ,All Establishments ,Employer Firms ,367,342,279,14.2,12.3,14.6
51919,All Other Information Services ,Information search and retrieval services ,All Establishments ,Employer Firms ,"2,048","1,917","1,971",4.9,4.8,4.8
5417,Scientific Research and Development Services ,"Basic and applied research in natural and exact sciences, except biological sciences ",Establishments subject to federal income tax ,Employer Firms ,"9,264","9,102","9,248",7.1,5.7,6.4
51113,Book Publishers ,Books - general reference books ,All Establishments ,Employer Firms ,566,670,636,20.2,18.2,18.3
62133,"Offices of Mental Health Practitioners, (except Physicians) ",All other non-patient care revenue ,All Establishments ,Employer Firms ,251,225,206,12,17.3,20.9
51213,Motion Picture and Video Exhibition ,Total operating revenue ,All Establishments ,Employer Firms ,"14,519","13,309","13,454",3.1,2.1,1.8
6219,Other Ambulatory Health Care Services ,Other patient care revenue ,All Establishments ,Employer Firms ,"11,327","11,394","11,063",1.4,1.7,1.7
5172,Wireless Telecommunications Carriers (except Satellite)3 ,Rental of telecommunications equipment ,All Establishments ,Employer Firms ,345,362,336,14.3,15.8,16.1
6216,Home Health Care Services ,All other non-patient care revenue ,All Establishments ,Employer Firms ,489,502,493,21.3,18.8,19.6
5121x ,Motion Picture and Video Production and Distribution1 ,"Sale of audiovisual works for the wholesale, retail, and rental markets ",All Establishments ,Employer Firms ,"11,106","11,365","11,121",2.2,2.1,2.1
51224,Sound Recording Studios ,All other operating revenue ,All Establishments ,Employer Firms ,230,205,184,11.5,10.4,8.8
6231,Nursing Care Facilities (Skilled Nursing Facilities)11 ,All other non-patient care revenue ,All Establishments ,Employer Firms ,"2,486","2,302","2,249",5.3,4.4,3.9
5171,Wired Telecommunications Carriers2 ,Private network services ,All Establishments ,Employer Firms ,"22,253","22,222","21,977",2.2,2.3,1.8
51911,News Syndicates ,Total operating revenue ,All Establishments ,Employer Firms ,"2,348","2,188","1,960",4.5,3.2,3.1
51223,Music Publishers ,Administration of copyrights for others ,All Establishments ,Employer Firms ,293,272,235,3.2,3.2,3.3
56292,Material Recovery Facilities ,Sale or brokerage of nonhazardous recyclable material ,All Establishments ,Employer Firms ,"1,986","2,281","1,843",5.1,5.4,5.2
518,"Data Processing, Hosting, and Related Services5 ",Information technology (IT) technical support services ,All Establishments ,Employer Firms ,"3,138","2,853","2,607",11.7,10.1,8.5
518,"Data Processing, Hosting, and Related Services5 ",Software publishing ,All Establishments ,Employer Firms ,"2,821",S,"2,019",9.8,S,10.3
5121x ,Motion Picture and Video Production and Distribution1 ,Domestic licensing of rights to television programs ,All Establishments ,Employer Firms ,"12,796","12,355","11,364",8.9,2.6,2.4
62131,Offices of Chiropractors ,Patient out-of-pocket - Payments from patients and their families ,All Establishments ,Employer Firms ,"3,429","3,146","3,041",2.9,2.4,2.3
5171,Wired Telecommunications Carriers2 ,Internet access services ,All Establishments ,Employer Firms ,"68,344","60,549","53,620",0.7,0.7,0.7
6219,Other Ambulatory Health Care Services ,"Government (includes Medicare, Medicaid, Other Government, and Workers Compensation) ",All Establishments ,Employer Firms ,"7,626","7,072","6,721",4.7,4.1,3.4
621498,All Other Outpatient Care Centers ,All other non-patient care revenue ,All Establishments ,Employer Firms ,"2,010","2,494","2,375",4.5,3.7,4.1
622,Hospitals ,Patient out-of-pocket - Payments from patients and their families ,All Establishments ,Employer Firms ,"38,171","34,597","32,915",3.6,3.5,3.6
5417,Scientific Research and Development Services ,Total operating revenue ,Establishments subject to federal income tax ,Employer Firms ,"98,693","93,174","86,086",5.7,5.3,4.8
6212,Offices of Dentists ,Patient out-of-pocket - Payments from patients and their families ,All Establishments ,Employer Firms ,"41,719","40,048","38,855",3.6,2.7,2.3
624,Social Assistance ,Investment and property income ,All Establishments ,Employer Firms ,"1,446","1,494","1,520",8.6,8.5,9.6
621399,Offices of All Other Miscellaneous Health Practitioners ,Patient out-of-pocket - Payments from patients and their families ,All Establishments ,Employer Firms ,"1,026",916,856,6.7,7.7,7.1
522,Credit Intermediation and Related Activities ,Loan income from consumers ,All Establishments ,Employer Firms ,"528,541","535,148","573,297",1.2,0.8,0.7
621493,Freestanding Ambulatory Surgical and Emergency Centers ,All other non-patient care revenue ,All Establishments ,Employer Firms ,664,S,S,10.5,S,S
813,"Religious, Grantmaking, Civic, Professional, and Similar Organizations12 ",Investment and property income ,All Establishments ,Employer Firms ,"19,957","15,183","20,002",6.4,7.5,7.3
56151,Travel Agencies ,Commissions or fees from automobile clubs and road and travel service ,All Establishments ,Employer Firms ,573,609,573,10.3,10,10.3
51111,Newspaper Publishers ,Subscriptions and sales ,All Establishments ,Employer Firms ,"8,570","8,570","8,753",2.8,2.3,2.4
56132,Temporary Help Services ,Temporary staffing-to-permanent placement ,All Establishments ,Employer Firms ,"3,515","4,469","3,579",20.5,21.3,20.6
5121x ,Motion Picture and Video Production and Distribution1 ,International licensing of rights to motion picture films ,All Establishments ,Employer Firms ,"8,519","8,100","9,100",2,2,2
5412,"Accounting, Tax Preparation, Bookkeeping, and Payroll Services ","Bookkeeping, compilation, billing, and collection services ",All Establishments ,Employer Firms ,"6,623","5,757","5,739",9.5,12.1,10.7
5621,Waste Collection ,Residential nonhazardous waste and recyclable material collection services ,All Establishments ,Employer Firms ,"16,639","16,626","15,805",5,5.1,5.1
621391,Offices of Podiatrists ,All other non-patient care revenue ,All Establishments ,Employer Firms ,51,S,S,22.4,S,S
518,"Data Processing, Hosting, and Related Services5 ","Reselling services for computer hardware and software, retail ",All Establishments ,Employer Firms ,S,S,954,S,S,10.9
6117,Educational Support Services ,"Occupational, technical, and trade; professional development; and management training programs and courses ",All Establishments ,Employer Firms ,"10,697","10,191","9,510",2.8,2.9,2.7
6211,Offices of Physicians ,Patient out-of-pocket - Payments from patients and their families ,All Establishments ,Employer Firms ,"34,470","34,882","32,928",4.8,4.6,4.4
624,Social Assistance ,Total revenue ,All Establishments ,Employer Firms ,"151,938","149,927","146,081",1.6,1.3,0.9
5121x ,Motion Picture and Video Production and Distribution1 ,Other production services ,All Establishments ,Employer Firms ,"3,584","3,093","2,900",6.9,7.7,5.1
5231X ,Commodity Contracts Dealing and Brokerage8 ,Brokering and dealing foreign currency fees - Wholesale ,All Establishments ,Employer Firms ,858,871,810,7.9,7,6
2212,Natural Gas Distribution ,Sales of energy and resources - Natural gas distribution ,All Establishments ,Employer Firms ,"66,429","80,600","83,918",2.1,1.9,1.7
5171,Wired Telecommunications Carriers2 ,Total operating revenue ,All Establishments ,Employer Firms ,"311,451","301,727","293,929",0.7,0.6,0.5
5112,Software Publishers ,System software publishing - Database management software ,All Establishments ,Employer Firms ,"10,492","10,267","9,913",4.1,7,7.8
621491,Other Outpatient Care Centers ,"Contributions, gifts, and grants received ",All Establishments ,Employer Firms ,6,4,4,1.2,1.2,1.2
62131,Offices of Chiropractors ,Investment and property income ,All Establishments ,Employer Firms ,S,24,27,S,15.7,26.7
6212,Offices of Dentists ,Other patient care revenue ,All Establishments ,Employer Firms ,"6,635","6,373","6,270",8.7,8.6,7.8
5622,Waste Treatment and Disposal ,Nonhazardous waste disposal services ,All Establishments ,Employer Firms ,"7,565","6,847","6,623",4.5,2.5,2.4
62133,"Offices of Mental Health Practitioners, (except Physicians) ","Private insurance (includes Health, Property, and Auto) ",All Establishments ,Employer Firms ,"1,867","1,678","1,572",5.8,4.8,4.7
5152,Cable and Other Subscription Programming ,Advertising and program revenue - Licensing of rights to broadcast specialty programming protected by copyright ,All Establishments ,Employer Firms ,"36,764","33,821","31,354",0.7,0.7,0.7
5172,Wireless Telecommunications Carriers (except Satellite)3 ,"Reselling services for telecommunications equipment, retail ",All Establishments ,Employer Firms ,"23,073","20,627","18,575",1.3,0.8,0.7
2211,"Electric Power Generation, Transmission and Distribution ",Sales of energy and resources - Water ,All Establishments ,Employer Firms ,34,29,29,0.2,0.3,0.3
6232,"Residential Intellectual and Developmental Disability, Mental Health and Substance Abuse Facilities11 ","Private insurance (includes Health, Property, and Auto) ",All Establishments ,Employer Firms ,"2,038","1,880","1,783",9,9.2,8.8
5417,Scientific Research and Development Services ,Basic and applied research in the social sciences and humanities ,Establishments subject to federal income tax ,Employer Firms ,"1,278","1,208","1,133",6.9,6.5,6.5
481,Air Transportation ,"Domestic, scheduled passenger transportation by air ",All Establishments ,Employer Firms ,"102,292","97,460","83,257",4.1,3,2.8
62142,Outpatient Mental Health and Substance Abuse Centers ,"Government (includes Medicare, Medicaid, Other Government, and Workers Compensation) ",All Establishments ,Employer Firms ,"8,521","8,134","7,846",5.3,4.9,4.5
54181,Advertising Agencies ,Total operating revenue ,All Establishments ,Employer Firms ,"39,826","35,437","33,476",5.2,4.3,4.4
5112,Software Publishers ,System software publishing - Operating systems software ,All Establishments ,Employer Firms ,"17,395","16,775","17,721",5.1,2.2,2.2
6211,Offices of Physicians ,Other patient care revenue ,All Establishments ,Employer Firms ,"55,102","51,366","52,450",4.7,5,3.4
621492,Kidney Dialysis Centers ,"Private insurance (includes Health, Property, and Auto) ",All Establishments ,Employer Firms ,"6,262","5,655","5,399",3.1,2.8,2.3
6219,Other Ambulatory Health Care Services ,Patient out-of-pocket - Payments from patients and their families ,All Establishments ,Employer Firms ,"1,407","1,371","1,324",6.6,6.5,6.6
51512,Television Broadcasting ,Public and non-commercial programming services ,All Establishments ,Employer Firms ,"1,611","1,510","1,682",6.2,5.8,5.1
518,"Data Processing, Hosting, and Related Services5 ",Total operating revenue ,All Establishments ,Employer Firms ,"88,670","82,203","76,156",3.9,3.6,3.6
5121x ,Motion Picture and Video Production and Distribution1 ,"Sale of audiovisual works for the wholesale, retail, and rental markets ",All Establishments ,Employer Firms ,"11,106","11,365","11,121",2.2,2.1,2.1
51213,Motion Picture and Video Exhibition ,Admissions to feature film exhibitions ,All Establishments ,Employer Firms ,"9,521","8,859","9,101",3.4,2.6,2.1
51512,Television Broadcasting ,Public and non-commercial programming services ,All Establishments ,Employer Firms ,"1,611","1,510","1,682",6.2,5.8,5.1
6216,Home Health Care Services ,Patient out-of-pocket - Patients' assigned Social Security benefits ,All Establishments ,Employer Firms ,31,24,27,16.4,2.7,2.5
5417,Scientific Research and Development Services ,Licensing of right to use intellectual property ,Establishments exempt from federal income tax ,Employer Firms ,245,285,257,5.6,16.4,5.3
6211,Offices of Physicians ,Investment and property income ,All Establishments ,Employer Firms ,842,912,"1,085",13.5,11.5,18.8
51222,Integrated Record Production/Distribution ,Sale of recordings ,All Establishments ,Employer Firms ,"4,597","4,579","5,558",1,1.2,0.7
621492,Kidney Dialysis Centers ,All other non-patient care revenue ,All Establishments ,Employer Firms ,81,68,71,19.3,9.8,22.2
56299,All Other Waste Management Services ,Other waste management services ,All Establishments ,Employer Firms ,"3,235","2,651","2,418",5.6,5.2,5.1
481,Air Transportation ,"International, scheduled passenger transportation by air ",All Establishments ,Employer Firms ,"51,001","48,467","39,763",7.5,8.2,7.3
51111,Newspaper Publishers ,Subscriptions and sales ,All Establishments ,Employer Firms ,"8,570","8,570","8,753",2.8,2.3,2.4
5417,Scientific Research and Development Services ,Basic and applied research in the biological and biomedical sciences ,Establishments subject to federal income tax ,Employer Firms ,"16,333","13,655","12,374",7.4,7,7.1
9,Includes NAICS 52392 (Portfolio Management) and NAICS 52393 (Investment Advice). ,,,,,,,,,
6231,Nursing Care Facilities (Skilled Nursing Facilities)11 ,All other non-patient care revenue ,All Establishments ,Employer Firms ,"2,486","2,302","2,249",5.3,4.4,3.9
5412,"Accounting, Tax Preparation, Bookkeeping, and Payroll Services ",Assurance and related services ,All Establishments ,Employer Firms ,"29,076","27,602","27,116",3.7,3.2,3.5
51113,Book Publishers ,"Books - professional, technical, and scholarly books ",All Establishments ,Employer Firms ,"4,417","4,246","4,365",3.8,4.5,4.4
51512,Television Broadcasting ,National/regional/local air time ,All Establishments ,Employer Firms ,"31,691","27,758","27,960",1.3,1.8,1.3
51512,Television Broadcasting ,All other operating revenue ,All Establishments ,Employer Firms ,"5,463","6,025","5,692",1,1.7,1.1
6115,Technical and Trade Schools ,"Occupational, technical, and trade; professional development; and management training programs and courses ",All Establishments ,Employer Firms ,"13,365","13,394","12,801",4.4,4.9,3.7
51111,Newspaper Publishers ,All other operating revenue ,All Establishments ,Employer Firms ,"2,604","2,323","2,323",9.6,9.9,9.2
  ,  ,,,,,,,,,
51219,Postproduction Services and Other Motion Picture and Video Industries ,Audiovisual postproduction services ,All Establishments ,Employer Firms ,"3,456","3,478","3,167",3.9,4.4,4
62132,Offices of Optometrists ,Total operating revenue ,All Establishments ,Employer Firms ,"12,579","12,025","11,684",2.2,1.9,1.5
5231Y ,Investment Banking and Securities Dealing and Brokerage7 ,Repurchase agreements - Net gains (losses) ,All Establishments ,Employer Firms ,"7,877","7,533","8,177",1.6,1.4,1.8
5415,Computer Systems Design and Related Services ,Network design and development ,All Establishments ,Employer Firms ,"7,298",S,"5,853",19.4,S,15.1
5112,Software Publishers ,Total operating revenue ,All Establishments ,Employer Firms ,"161,744","156,806","145,425",1.9,1.7,1.6
62131,Offices of Chiropractors ,Other patient care revenue ,All Establishments ,Employer Firms ,579,561,534,8.7,9.3,9.9
62134,"Offices of Physical, Occupational and Speech Therapists and Audiologists ","Government (includes Medicare, Medicaid, Other Government, and Workers Compensation) ",All Establishments ,Employer Firms ,"8,311","8,083","7,930",4.4,3.9,3.3
51114,Directory and Mailing List Publishers ,All other operating revenue ,All Establishments ,Employer Firms ,S,545,610,S,11.6,11.1
4,"Includes 2002 NAICS 5173 (Telecommunications Resellers).  Historical data, 2010 and prior, have been restated to reflect comparable data on the 2007 NAICS basis. ",,,,,,,,,
56151,Travel Agencies ,Commissions or fees from automobile clubs and road and travel service ,All Establishments ,Employer Firms ,573,609,573,10.3,10,10.3
62132,Offices of Optometrists ,Other patient care revenue ,All Establishments ,Employer Firms ,858,832,781,11.8,8.3,8.6
51113,Book Publishers ,Books - textbooks ,All Establishments ,Employer Firms ,"8,598","9,021","8,968",2.7,1.9,1.7
6239,Other Residential Care Facilities ,Patient out-of-pocket - Patients' assigned Social Security benefits ,All Establishments ,Employer Firms ,S,26,S,S,29.2,S
6233,Community Care Facilities for the Elderly ,"Private insurance (includes Health, Property, and Auto) ",All Establishments ,Employer Firms ,"2,059","2,175","1,979",12.1,10.9,10.6
54111,Offices of Lawyers ,Total operating revenue ,Establishments exempt from federal income tax ,Employer Firms ,"3,111","3,128","3,025",6.6,5,3.6
511191,Greeting Card Publishers ,All other operating revenue ,All Establishments ,Employer Firms ,"1,143","1,225","1,247",2.2,1.6,2.5
5239X ,Portfolio Management and Investment Advice9 ,All other operating revenue ,All Establishments ,Employer Firms ,"37,869","39,900","42,904",6.2,6.4,4.9
483,Water Transportation ,"Coastal, fixed-route, passenger by water ",All Establishments ,Employer Firms ,422,408,367,5,5,3.6
62141,Outpatient Care Centers ,Total operating revenue ,All Establishments ,Employer Firms ,"2,002","1,914","1,864",3.3,3.1,2.8
51223,Music Publishers ,Sale of recordings ,All Establishments ,Employer Firms ,143,153,123,6.4,4.9,4.7
6211,Offices of Physicians ,"Private insurance (includes Health, Property, and Auto) ",All Establishments ,Employer Firms ,"181,944","175,545","168,738",1.9,1.5,1.6
621498,All Other Outpatient Care Centers ,Patient out-of-pocket - Patients' assigned Social Security benefits ,All Establishments ,Employer Firms ,S,S,79,S,S,12.3
621498,All Other Outpatient Care Centers ,Patient out-of-pocket - Patients' assigned Social Security benefits ,All Establishments ,Employer Firms ,S,S,79,S,S,12.3
621493,Freestanding Ambulatory Surgical and Emergency Centers ,Investment and property income ,All Establishments ,Employer Firms ,137,S,S,26.2,S,S
5231X ,Commodity Contracts Dealing and Brokerage8 ,Trading derivative contracts on own account - Net gains (losses) ,All Establishments ,Employer Firms ,"1,666",-579,"2,078",6.5,-11.5,4.9
56151,Travel Agencies ,Commissions or fees from trip planning ,All Establishments ,Employer Firms ,"4,119","4,101","3,821",7.6,8.7,8.9
51913,Internet Publishing and Broadcasting and Web Search Portals6 ,All other operating revenue ,All Establishments ,Employer Firms ,"6,880","5,261","4,037",5.5,5.7,4.5
5415,Computer Systems Design and Related Services ,IT infrastructure and network management ,All Establishments ,Employer Firms ,"46,602","44,512","41,601",2.2,4.1,4.2
621492,Kidney Dialysis Centers ,Other patient care revenue ,All Establishments ,Employer Firms ,594,528,502,3.5,3.3,2.9
54131,Architectural Services ,Non-residential building projects ,All Establishments ,Employer Firms ,"17,799","17,903","17,626",7.6,6.8,6.3
6239,Other Residential Care Facilities ,Other patient care revenue ,All Establishments ,Employer Firms ,S,519,504,S,5.6,6.1
S ,"Estimate does not meet publication standards because of high sampling variability (coefficient of variation is greater than 30%) or poor response quality (total quantity response rate is less than 50%) or other concerns about the estimate's quality.  Unpublished estimates derived from this table by subtraction are subject to these same limitations and should not be attributed to the U.S. Census Bureau.  For a description of publication standards and the total quantity response rate, see http://www.census.gov/quality/standards/standardf1.html. ",,,,,,,,,
6212,Offices of Dentists ,Other patient care revenue ,All Establishments ,Employer Firms ,"6,635","6,373","6,270",8.7,8.6,7.8
56151,Travel Agencies ,"Commissions or fees from airline seats, international destinations ",All Establishments ,Employer Firms ,"1,136","1,139","1,057",15.9,16.4,12.4
51919,All Other Information Services ,Information services ,All Establishments ,Employer Firms ,350,281,272,9.7,9.6,7.7
515112,Radio Stations ,Public and non-commercial programming services ,All Establishments ,Employer Firms ,629,649,608,12.7,13.6,12
56151,Travel Agencies ,Commissions or fees from other reservation services ,All Establishments ,Employer Firms ,814,731,690,14.1,7.9,7.7
6233,Community Care Facilities for the Elderly ,"Government (includes Medicare, Medicaid, Other Government, and Workers Compensation) ",All Establishments ,Employer Firms ,"10,475","10,432","9,746",5,4.8,4.6
62133,"Offices of Mental Health Practitioners, (except Physicians) ","Private insurance (includes Health, Property, and Auto) ",All Establishments ,Employer Firms ,"1,867","1,678","1,572",5.8,4.8,4.7
5121x ,Motion Picture and Video Production and Distribution1 ,Total operating revenue ,All Establishments ,Employer Firms ,"66,235","63,840","62,567",2.6,1.7,1.8
51113,Book Publishers ,Books - children's books ,All Establishments ,Employer Firms ,"3,637","3,334","3,352",7.7,4,4.3
6215,Medical and Diagnostic Laboratories ,Outpatient care facilities ,All Establishments ,Employer Firms ,"1,245","1,262","1,310",12.5,10.1,10
62133,"Offices of Mental Health Practitioners, (except Physicians) ",All other non-patient care revenue ,All Establishments ,Employer Firms ,251,225,206,12,17.3,20.9
6212,Offices of Dentists ,Patient out-of-pocket - Patients' assigned Social Security benefits ,All Establishments ,Employer Firms ,520,631,645,25,21.8,22.9
5621,Waste Collection ,All other operating revenue ,All Establishments ,Employer Firms ,"3,607","4,228","3,828",10.5,13.5,14
624,Social Assistance ,Program service ,All Establishments ,Employer Firms ,"83,133","80,836","78,170",3.4,3.1,2.5
5417,Scientific Research and Development Services ,"Basic and applied research in natural and exact sciences, except biological sciences ",Establishments subject to federal income tax ,Employer Firms ,"9,264","9,102","9,248",7.1,5.7,6.4
6219,Other Ambulatory Health Care Services ,Patient out-of-pocket - Patients' assigned Social Security benefits ,All Establishments ,Employer Firms ,22,19,17,10,9.6,7.5
51219,Postproduction Services and Other Motion Picture and Video Industries ,Audiovisual postproduction services ,All Establishments ,Employer Firms ,"3,456","3,478","3,167",3.9,4.4,4
621493,Freestanding Ambulatory Surgical and Emergency Centers ,"Government (includes Medicare, Medicaid, Other Government, and Workers Compensation) ",All Establishments ,Employer Firms ,"5,900","5,775","5,523",4.2,2.8,2.6
515112,Radio Stations ,National/regional/local air time ,All Establishments ,Employer Firms ,"10,651","10,241","10,315",2.4,2.2,2.1
71311,Amusement and Theme Parks ,Admissions revenue (excluding admissions taxes) ,Establishments subject to federal income tax ,Employer Firms ,"8,419","8,018","7,198",1,1.2,0.8
515112,Radio Stations ,All other operating revenue ,All Establishments ,Employer Firms ,"1,461","1,277","1,212",2.9,4.5,4.5
518,"Data Processing, Hosting, and Related Services5 ",Information technology (IT) design and development services ,All Establishments ,Employer Firms ,"2,996","2,587","2,277",13.6,12.6,11.5
