NAICS,NAICS Description,Item,Tax Status,Employer Status,2012 Revenue,2011 Revenue,2010 Revenue,2012 Coefficient of Variation,2011 Coefficient of Variation,2010 Coefficient of Variation
54186,Direct Mail Advertising ,Letter shop services ,All Establishments ,Employer Firms ,"1,645","1,530","1,468",9.1,7.9,7.7
5621,Waste Collection ,Residential nonhazardous waste and recyclable material collection services ,All Establishments ,Employer Firms ,"16,639","16,626","15,805",5,5.1,5.1
6233,Community Care Facilities for the Elderly ,Patient out-of-pocket - Patients' assigned Social Security benefits ,All Establishments ,Employer Firms ,447,429,416,14.3,15.8,14.9
483,Water Transportation ,Transportation of freight and cargo by water ,All Establishments ,Employer Firms ,"18,764","18,638","17,369",1.3,1,1
2211,"Electric Power Generation, Transmission and Distribution ",All other operating revenue ,All Establishments ,Employer Firms ,"8,062","8,612","6,646",7.9,7.3,6.4
5417,Scientific Research and Development Services ,"Basic and applied research in natural and exact sciences, except biological sciences ",Establishments exempt from federal income tax ,Employer Firms ,"1,861","1,740","1,623",3.7,3,3.2
51913,Internet Publishing and Broadcasting and Web Search Portals6 ,Total operating revenue ,All Establishments ,Employer Firms ,"57,534","48,487","41,725",3,2.9,2.5
62142,Outpatient Mental Health and Substance Abuse Centers ,Other patient care revenue ,All Establishments ,Employer Firms ,"1,138","1,228","1,204",11.5,9.5,9.7
6239,Other Residential Care Facilities ,Investment and property income ,All Establishments ,Employer Firms ,212,203,225,7.1,5.1,6.5
6239,Other Residential Care Facilities ,"Private insurance (includes Health, Property, and Auto) ",All Establishments ,Employer Firms ,176,165,173,9.4,10.7,13.5
6211,Offices of Physicians ,All other non-patient care revenue ,All Establishments ,Employer Firms ,"19,595","15,992","14,800",6,6.7,5.5
51114,Directory and Mailing List Publishers ,All other operating revenue ,All Establishments ,Employer Firms ,S,545,610,S,11.6,11.1
6212,Offices of Dentists ,Investment and property income ,All Establishments ,Employer Firms ,S,S,S,S,S,S
51113,Book Publishers ,Books - general reference books ,All Establishments ,Employer Firms ,566,670,636,20.2,18.2,18.3
621492,Kidney Dialysis Centers ,Patient out-of-pocket - Payments from patients and their families ,All Establishments ,Employer Firms ,97,103,101,3.2,3.2,2.3
621493,Freestanding Ambulatory Surgical and Emergency Centers ,Patient out-of-pocket - Patients' assigned Social Security benefits ,All Establishments ,Employer Firms ,S,S,S,S,S,S
712,"Museums, Historical Sites, and Similar Institutions ",Total revenue ,Establishments exempt from federal income tax ,Employer Firms ,"11,107","10,606","10,571",3.1,2.8,2.5
621498,All Other Outpatient Care Centers ,"Government (includes Medicare, Medicaid, Other Government, and Workers Compensation) ",All Establishments ,Employer Firms ,"12,119","11,190","10,431",2.3,2.3,2.1
51219,Postproduction Services and Other Motion Picture and Video Industries ,Total operating revenue ,All Establishments ,Employer Firms ,"5,415","5,590","5,310",3.8,3.9,3.8
62141,Outpatient Care Centers ,All other non-patient care revenue ,All Establishments ,Employer Firms ,53,50,47,14.7,8.8,11.6
51219,Postproduction Services and Other Motion Picture and Video Industries ,All other operating revenue ,All Establishments ,Employer Firms ,553,564,535,8.9,8.4,9.2
62131,Offices of Chiropractors ,"Private insurance (includes Health, Property, and Auto) ",All Establishments ,Employer Firms ,"5,725","5,629","5,431",2.4,2,1.8
522,Credit Intermediation and Related Activities ,Total operating revenue ,All Establishments ,Employer Firms ,"1,032,590","1,048,400","1,120,199",1.7,1.4,1.4
51219,Postproduction Services and Other Motion Picture and Video Industries ,Duplication and copying services ,All Establishments ,Employer Firms ,"1,118","1,228","1,189",5.8,5.4,5.5
621492,Kidney Dialysis Centers ,Investment and property income ,All Establishments ,Employer Firms ,59,58,55,1.9,3.8,1.7
813,"Religious, Grantmaking, Civic, Professional, and Similar Organizations12 ",Total revenue ,All Establishments ,Employer Firms ,"181,359","172,321","170,069",1.7,1.7,1.6
6233,Community Care Facilities for the Elderly ,"Private insurance (includes Health, Property, and Auto) ",All Establishments ,Employer Firms ,"2,059","2,175","1,979",12.1,10.9,10.6
621493,Freestanding Ambulatory Surgical and Emergency Centers ,Investment and property income ,All Establishments ,Employer Firms ,137,S,S,26.2,S,S
5112,Software Publishers ,System software publishing - Database management software ,All Establishments ,Employer Firms ,"10,492","10,267","9,913",4.1,7,7.8
51223,Music Publishers ,Administration of copyrights for others ,All Establishments ,Employer Firms ,293,272,235,3.2,3.2,3.3
6117,Educational Support Services ,"Occupational, technical, and trade; professional development; and management training programs and courses ",All Establishments ,Employer Firms ,"10,697","10,191","9,510",2.8,2.9,2.7
5417,Scientific Research and Development Services ,Original works of intellectual property ,Establishments exempt from federal income tax ,Employer Firms ,S,42,41,S,9,17.2
518,"Data Processing, Hosting, and Related Services5 ",Total operating revenue ,All Establishments ,Employer Firms ,"88,670","82,203","76,156",3.9,3.6,3.6
56292,Material Recovery Facilities ,"Nonhazardous waste and recyclable material consolidation, storage, and preparation services ",All Establishments ,Employer Firms ,"2,590","3,188","2,683",5,5,5.1
2213,"Water, Sewage and Other Systems ",Water sales ,All Establishments ,Employer Firms ,"8,627","8,292","8,033",2.6,2,2.1
62132,Offices of Optometrists ,Other patient care revenue ,All Establishments ,Employer Firms ,858,832,781,11.8,8.3,8.6
5174,Satellite Telecommunications ,Total operating revenue ,All Establishments ,Employer Firms ,"5,525","5,395","5,296",3.6,3.7,3.1
6239,Other Residential Care Facilities ,All other non-patient care revenue ,All Establishments ,Employer Firms ,282,268,238,6.9,7.4,4.8
62142,Outpatient Mental Health and Substance Abuse Centers ,Other patient care revenue ,All Establishments ,Employer Firms ,"1,138","1,228","1,204",11.5,9.5,9.7
5415,Computer Systems Design and Related Services ,Total operating revenue ,All Establishments ,Employer Firms ,"320,236","303,354","283,790",2,1.8,1.7
712,"Museums, Historical Sites, and Similar Institutions ",Investment and property income ,Establishments exempt from federal income tax ,Employer Firms ,760,907,822,5.9,5.9,7.9
D ,Estimate in table is withheld to avoid disclosing data of individual companies; data are included in higher level totals. ,,,,,,,,,
511191,Greeting Card Publishers ,Total operating revenue ,All Establishments ,Employer Firms ,"3,720","3,822","3,852",0.6,0.5,0.4
62133,"Offices of Mental Health Practitioners, (except Physicians) ",Total operating revenue ,All Establishments ,Employer Firms ,"8,040","7,350","6,702",4.5,4.3,4.4
62131,Offices of Chiropractors ,"Contributions, gifts, and grants received ",All Establishments ,Employer Firms ,S,S,S,S,S,S
51911,News Syndicates ,Total operating revenue ,All Establishments ,Employer Firms ,"2,348","2,188","1,960",4.5,3.2,3.1
51113,Book Publishers ,Books - textbooks ,All Establishments ,Employer Firms ,"8,598","9,021","8,968",2.7,1.9,1.7
62131,Offices of Chiropractors ,Total operating revenue ,All Establishments ,Employer Firms ,"11,432","11,005","10,642",2.2,1.8,1.5
56151,Travel Agencies ,Total operating revenue ,All Establishments ,Employer Firms ,"17,665","17,556","16,449",5.7,6,5.4
54133,Engineering Services ,Other engineering projects ,All Establishments ,Employer Firms ,"19,848","19,489","19,266",26.7,28.1,23.6
54133,Engineering Services ,Industrial and manufacturing engineering projects ,All Establishments ,Employer Firms ,"33,288","31,502","26,971",8.4,11.1,12.4
51911,News Syndicates ,Licensing of rights to use syndicated media content ,All Establishments ,Employer Firms ,"1,758","1,740","1,614",5.4,4.4,4.5
54186,Direct Mail Advertising ,Full direct mail services ,All Establishments ,Employer Firms ,"5,654","5,487","5,262",5.2,5.7,5.2
51219,Postproduction Services and Other Motion Picture and Video Industries ,All other operating revenue ,All Establishments ,Employer Firms ,553,564,535,8.9,8.4,9.2
6216,Home Health Care Services ,All other non-patient care revenue ,All Establishments ,Employer Firms ,489,502,493,21.3,18.8,19.6
6231,Nursing Care Facilities (Skilled Nursing Facilities)11 ,"Government (includes Medicare, Medicaid, Other Government, and Workers Compensation) ",All Establishments ,Employer Firms ,"84,291","83,112","78,620",2.4,2.3,2.3
518,"Data Processing, Hosting, and Related Services5 ",Information technology (IT) design and development services ,All Establishments ,Employer Firms ,"2,996","2,587","2,277",13.6,12.6,11.5
483,Water Transportation ,Other transportation of passengers by water ,All Establishments ,Employer Firms ,77,73,77,22.5,21.6,12.2
62134,"Offices of Physical, Occupational and Speech Therapists and Audiologists ","Private insurance (includes Health, Property, and Auto) ",All Establishments ,Employer Firms ,"8,932","8,301","7,799",3.6,3.5,3.4
5152,Cable and Other Subscription Programming ,Advertising and program revenue - Licensing of rights to broadcast specialty programming protected by copyright ,All Establishments ,Employer Firms ,"36,764","33,821","31,354",0.7,0.7,0.7
56132,Temporary Help Services ,All other operating revenue ,All Establishments ,Employer Firms ,"9,400","8,736","7,693",6.1,7.8,7.8
51213,Motion Picture and Video Exhibition ,Coin-operated games and rides ,All Establishments ,Employer Firms ,33,35,34,4.3,3.5,3.5
62134,"Offices of Physical, Occupational and Speech Therapists and Audiologists ","Private insurance (includes Health, Property, and Auto) ",All Establishments ,Employer Firms ,"8,932","8,301","7,799",3.6,3.5,3.4
5412,"Accounting, Tax Preparation, Bookkeeping, and Payroll Services ",Assurance and related services ,All Establishments ,Employer Firms ,"29,076","27,602","27,116",3.7,3.2,3.5
62142,Outpatient Mental Health and Substance Abuse Centers ,"Contributions, gifts, and grants received ",All Establishments ,Employer Firms ,"1,097","1,229","1,174",13.3,8.9,9.1
5231X ,Commodity Contracts Dealing and Brokerage8 ,All other operating revenue ,All Establishments ,Employer Firms ,"6,278","6,235","5,725",3.9,3.4,4.1
518,"Data Processing, Hosting, and Related Services5 ",Information technology (IT) technical consulting services ,All Establishments ,Employer Firms ,"3,868","3,623","3,431",8.9,7.7,7.6
62132,Offices of Optometrists ,"Government (includes Medicare, Medicaid, Other Government, and Workers Compensation) ",All Establishments ,Employer Firms ,"1,768","1,631","1,587",3.3,3.9,3.8
5231Y ,Investment Banking and Securities Dealing and Brokerage7 ,Securities origination products ,All Establishments ,Employer Firms ,"33,842","31,843","31,522",2.4,2.5,2.7
5231Y ,Investment Banking and Securities Dealing and Brokerage7 ,Trading equities on own account - Net gains (losses) ,All Establishments ,Employer Firms ,"3,954","3,757","1,818",5,5.1,6.2
621391,Offices of Podiatrists ,Patient out-of-pocket - Patients' assigned Social Security benefits ,All Establishments ,Employer Firms ,40,39,38,18.5,25.5,25.4
51913,Internet Publishing and Broadcasting and Web Search Portals6 ,All other operating revenue ,All Establishments ,Employer Firms ,"6,880","5,261","4,037",5.5,5.7,4.5
5231Y ,Investment Banking and Securities Dealing and Brokerage7 ,Brokering and dealing products - Derivative contracts ,All Establishments ,Employer Firms ,"20,658","20,161","27,062",2.8,2.6,2.3
51224,Sound Recording Studios ,Total operating revenue ,All Establishments ,Employer Firms ,895,866,839,4.1,4.7,5
6114,Business Schools and Computer and Management Training ,All other operating revenue ,All Establishments ,Employer Firms ,"1,799","1,740","1,566",12.7,12.6,11.6
5174,Satellite Telecommunications ,All other operating revenue ,All Establishments ,Employer Firms ,"2,060","2,147",S,3.8,5.5,S
5415,Computer Systems Design and Related Services ,IT technical consulting ,All Establishments ,Employer Firms ,"31,474","30,673","26,937",11.9,10.6,9.2
711212,Racetracks ,All other operating revenue ,Establishments subject to federal income tax ,Employer Firms ,"6,944","6,725","6,441",4.6,4.8,4.9
62134,"Offices of Physical, Occupational and Speech Therapists and Audiologists ",All other non-patient care revenue ,All Establishments ,Employer Firms ,503,571,503,12.2,11.9,12.8
51919,All Other Information Services ,Information search and retrieval services ,All Establishments ,Employer Firms ,"2,048","1,917","1,971",4.9,4.8,4.8
6231,Nursing Care Facilities (Skilled Nursing Facilities)11 ,Total operating revenue ,All Establishments ,Employer Firms ,"112,506","110,305","105,297",2.2,2.1,2.1
481,Air Transportation ,"Domestic, scheduled passenger transportation by air ",All Establishments ,Employer Firms ,"102,292","97,460","83,257",4.1,3,2.8
62134,"Offices of Physical, Occupational and Speech Therapists and Audiologists ","Contributions, gifts, and grants received ",All Establishments ,Employer Firms ,S,100,101,S,29.9,29.9
62133,"Offices of Mental Health Practitioners, (except Physicians) ",All other non-patient care revenue ,All Establishments ,Employer Firms ,251,225,206,12,17.3,20.9
561599,All Other Travel Arrangement and Reservation Services ,Commissions or fees from other travel arrangement services revenue ,All Establishments ,Employer Firms ,154,199,192,8,4.9,5.3
621391,Offices of Podiatrists ,Patient out-of-pocket - Payments from patients and their families ,All Establishments ,Employer Firms ,634,610,589,4.8,4.9,5.7
51913,Internet Publishing and Broadcasting and Web Search Portals6 ,Online advertising space ,All Establishments ,Employer Firms ,"30,770","26,248","22,523",2.7,3,2.6
6115,Technical and Trade Schools ,Total operating revenue ,All Establishments ,Employer Firms ,"15,478","15,822","14,991",3.9,4.2,2.8
71311,Amusement and Theme Parks ,Admissions revenue (excluding admissions taxes) ,Establishments subject to federal income tax ,Employer Firms ,"8,419","8,018","7,198",1,1.2,0.8
5171,Wired Telecommunications Carriers2 ,Premium programming package ,All Establishments ,Employer Firms ,"23,592","23,392","21,246",0.9,0.5,0.5
56151,Travel Agencies ,Commissions or fees from other travel arrangement services revenue ,All Establishments ,Employer Firms ,373,483,407,7.4,7.7,9.3
51223,Music Publishers ,Sale of recordings ,All Establishments ,Employer Firms ,143,153,123,6.4,4.9,4.7
51213,Motion Picture and Video Exhibition ,Rental of retail space (concessionaire space in movie theaters) ,All Establishments ,Employer Firms ,70,62,61,10.5,8.9,9.8
51112,Periodical Publishers ,All other operating revenue ,All Establishments ,Employer Firms ,"7,147","7,466","7,703",6.4,4.6,4.5
485,Transit and Ground Passenger Transportation ,"Local, fixed-route passenger transportation by road and transit rail ",All Establishments ,Employer Firms ,"8,190","7,536","7,219",6.3,5.3,4.9
5417,Scientific Research and Development Services ,Original works of intellectual property ,Establishments subject to federal income tax ,Employer Firms ,S,S,S,S,S,S
54111,Offices of Lawyers ,Program service ,Establishments exempt from federal income tax ,Employer Firms ,727,685,704,21.3,19,17.6
5172,Wireless Telecommunications Carriers (except Satellite)3 ,Mobile all distance ,All Establishments ,Employer Firms ,"63,321","60,765",S,0.9,0.9,S
5231Y ,Investment Banking and Securities Dealing and Brokerage7 ,Total operating revenue ,All Establishments ,Employer Firms ,"261,822","253,964","270,412",1.3,1.5,1.5
6215,Medical and Diagnostic Laboratories ,Patient out-of-pocket ,All Establishments ,Employer Firms ,"2,852","2,889","2,795",4.5,4.2,3.5
6215,Medical and Diagnostic Laboratories ,"Private insurance (includes Health, Property, and Auto) ",All Establishments ,Employer Firms ,"20,061","20,361","19,908",2.5,2.2,2.1
2212,Natural Gas Distribution ,Sewer system user charges ,All Establishments ,Employer Firms ,ZZ,ZZ,ZZ,Z,NA,NA
481,Air Transportation ,"International, non-scheduled passenger by air ",All Establishments ,Employer Firms ,"2,775","2,450","2,630",3.5,3.9,6.1
518,"Data Processing, Hosting, and Related Services5 ","Data processing, information technology (IT) infrastructure provisioning, and hosting services ",All Establishments ,Employer Firms ,"61,604","56,734","53,108",4,3.9,3.7
621391,Offices of Podiatrists ,"Contributions, gifts, and grants received ",All Establishments ,Employer Firms ,S,S,4,S,S,23.6
6232,"Residential Intellectual and Developmental Disability, Mental Health and Substance Abuse Facilities11 ",Patient out-of-pocket - Payments from patients and their families ,All Establishments ,Employer Firms ,"1,983","1,833","1,735",8.4,8.7,8.3
54131,Architectural Services ,All other operating revenue ,All Establishments ,Employer Firms ,"2,781","3,156","2,878",18.7,17.4,18.1
621493,Freestanding Ambulatory Surgical and Emergency Centers ,Other patient care revenue ,All Establishments ,Employer Firms ,937,843,763,11.3,11.9,10.8
S ,"Estimate does not meet publication standards because of high sampling variability (coefficient of variation is greater than 30%) or poor response quality (total quantity response rate is less than 50%) or other concerns about the estimate's quality.  Unpublished estimates derived from this table by subtraction are subject to these same limitations and should not be attributed to the U.S. Census Bureau.  For a description of publication standards and the total quantity response rate, see http://www.census.gov/quality/standards/standardf1.html. ",,,,,,,,,
484,Truck Transportation ,All other operating revenue ,All Establishments ,Employer Firms ,"18,186","16,939","15,678",4.8,5,5.4
56151,Travel Agencies ,Commissions or fees from lodging ,All Establishments ,Employer Firms ,"3,035","2,976","2,671",7,7.2,6.9
6219,Other Ambulatory Health Care Services ,All other non-patient care revenue ,All Establishments ,Employer Firms ,"4,627","4,868","4,590",3.4,2.3,2.2
51113,Book Publishers ,Books - textbooks ,All Establishments ,Employer Firms ,"8,598","9,021","8,968",2.7,1.9,1.7
5171,Wired Telecommunications Carriers2 ,Installation services for connections to program distribution networks ,All Establishments ,Employer Firms ,"1,323","1,115","1,104",20.1,21.4,21.2
6114,Business Schools and Computer and Management Training ,All other operating revenue ,All Establishments ,Employer Firms ,"1,799","1,740","1,566",12.7,12.6,11.6
6219,Other Ambulatory Health Care Services ,Investment and property income ,All Establishments ,Employer Firms ,119,131,131,9.2,5.4,6.6
54182,Public Relations Agencies ,Event management ,All Establishments ,Employer Firms ,S,S,474,S,S,21.5
5415,Computer Systems Design and Related Services ,Hosting and IT infrastructure provisioning services ,All Establishments ,Employer Firms ,"22,587","22,471","21,893",4.5,4.5,3.6
5152,Cable and Other Subscription Programming ,Advertising and program revenue - Licensing of rights to broadcast specialty programming protected by copyright ,All Establishments ,Employer Firms ,"36,764","33,821","31,354",0.7,0.7,0.7
6212,Offices of Dentists ,"Contributions, gifts, and grants received ",All Establishments ,Employer Firms ,S,S,S,S,S,S
621491,Other Outpatient Care Centers ,"Private insurance (includes Health, Property, and Auto) ",All Establishments ,Employer Firms ,"4,486","4,225","3,799",1.2,1.3,1.3
7,Includes NAICS 52311 (Investment Banking and Securities Dealing) and NAICS 52312 (Securities Brokerage). ,,,,,,,,,
621498,All Other Outpatient Care Centers ,All other non-patient care revenue ,All Establishments ,Employer Firms ,"2,010","2,494","2,375",4.5,3.7,4.1
6115,Technical and Trade Schools ,Total operating revenue ,All Establishments ,Employer Firms ,"15,478","15,822","14,991",3.9,4.2,2.8
813,"Religious, Grantmaking, Civic, Professional, and Similar Organizations12 ","Contributions, gifts, and grants received ",All Establishments ,Employer Firms ,"84,787","83,219","77,761",2.5,2.4,2.4
54161,Management Consulting Services10 ,"IT technical design, consulting, and development services ",All Establishments ,Employer Firms ,"8,892","7,920","7,098",5.9,3.6,3.1
51111,Newspaper Publishers ,"Distribution services (e.g. flyers, inserts, samples) ",All Establishments ,Employer Firms ,"1,236","1,227","1,306",4,3.5,3.5
621399,Offices of All Other Miscellaneous Health Practitioners ,"Government (includes Medicare, Medicaid, Other Government, and Workers Compensation) ",All Establishments ,Employer Firms ,"1,161","1,202","1,145",6.2,5,5.4
6233,Community Care Facilities for the Elderly ,"Government (includes Medicare, Medicaid, Other Government, and Workers Compensation) ",All Establishments ,Employer Firms ,"10,475","10,432","9,746",5,4.8,4.6
  ,  ,,,,,,,,,
56292,Material Recovery Facilities ,"Nonhazardous waste and recyclable material consolidation, storage, and preparation services ",All Establishments ,Employer Firms ,"2,590","3,188","2,683",5,5,5.1
515111,Radio Networks ,National/regional/local air time ,All Establishments ,Employer Firms ,"1,135","1,049","1,118",4.1,4.8,4.1
481,Air Transportation ,"Domestic, scheduled freight transportation by air ",All Establishments ,Employer Firms ,"2,730","2,884","2,238",2.4,2.1,2.8
54186,Direct Mail Advertising ,Fulfillment services ,All Establishments ,Employer Firms ,343,311,318,11.4,14.3,14.7
56151,Travel Agencies ,Commissions or fees from automobile clubs and road and travel service ,All Establishments ,Employer Firms ,573,609,573,10.3,10,10.3
2213,"Water, Sewage and Other Systems ",All other operating revenue ,All Establishments ,Employer Firms ,"2,170","2,258","2,132",7.3,6.9,7.1
54181,Advertising Agencies ,Integrated advertising services ,All Establishments ,Employer Firms ,"20,284","17,897","16,747",6.1,8,7.4
6233,Community Care Facilities for the Elderly ,"Private insurance (includes Health, Property, and Auto) ",All Establishments ,Employer Firms ,"2,059","2,175","1,979",12.1,10.9,10.6
51919,All Other Information Services ,Information services ,All Establishments ,Employer Firms ,350,281,272,9.7,9.6,7.7
5417,Scientific Research and Development Services ,"Basic and applied research in natural and exact sciences, except biological sciences ",Establishments exempt from federal income tax ,Employer Firms ,"1,861","1,740","1,623",3.7,3,3.2
621498,All Other Outpatient Care Centers ,Total operating revenue ,All Establishments ,Employer Firms ,"34,891","33,416","31,709",1.4,1.2,1.2
621493,Freestanding Ambulatory Surgical and Emergency Centers ,"Government (includes Medicare, Medicaid, Other Government, and Workers Compensation) ",All Establishments ,Employer Firms ,"5,900","5,775","5,523",4.2,2.8,2.6
54111,Offices of Lawyers ,Program service ,Establishments exempt from federal income tax ,Employer Firms ,727,685,704,21.3,19,17.6
62131,Offices of Chiropractors ,Patient out-of-pocket - Payments from patients and their families ,All Establishments ,Employer Firms ,"3,429","3,146","3,041",2.9,2.4,2.3
621498,All Other Outpatient Care Centers ,Patient out-of-pocket - Payments from patients and their families ,All Establishments ,Employer Firms ,"1,546","1,465","1,400",4.6,4.1,3.6
6239,Other Residential Care Facilities ,"Government (includes Medicare, Medicaid, Other Government, and Workers Compensation) ",All Establishments ,Employer Firms ,"5,744","5,580","5,501",3.6,2.8,2.8
6211,Offices of Physicians ,"Government (includes Medicare, Medicaid, Other Government, and Workers Compensation) ",All Establishments ,Employer Firms ,"107,841","103,814","98,652",2,2.2,1.9
62134,"Offices of Physical, Occupational and Speech Therapists and Audiologists ",All other non-patient care revenue ,All Establishments ,Employer Firms ,503,571,503,12.2,11.9,12.8
54181,Advertising Agencies ,All other operating revenue ,All Establishments ,Employer Firms ,"2,345","2,075","2,022",20.1,13.6,12.5
5417,Scientific Research and Development Services ,Total operating revenue ,Establishments exempt from federal income tax ,Employer Firms ,"33,616","33,394","31,287",2.3,1.9,2.1
62132,Offices of Optometrists ,Total operating revenue ,All Establishments ,Employer Firms ,"12,579","12,025","11,684",2.2,1.9,1.5
5112,Software Publishers ,Custom application design and development ,All Establishments ,Employer Firms ,"5,670","4,385","3,989",6,8.5,8.9
62141,Outpatient Care Centers ,"Government (includes Medicare, Medicaid, Other Government, and Workers Compensation) ",All Establishments ,Employer Firms ,513,516,503,6.9,6.2,5.6
5417,Scientific Research and Development Services ,Original works of intellectual property ,Establishments subject to federal income tax ,Employer Firms ,S,S,S,S,S,S
621493,Freestanding Ambulatory Surgical and Emergency Centers ,"Contributions, gifts, and grants received ",All Establishments ,Employer Firms ,S,S,S,S,S,S
5621,Waste Collection ,Total operating revenue ,All Establishments ,Employer Firms ,"42,370","42,567","41,373",3.7,3,3.2
54131,Architectural Services ,Interior design services ,All Establishments ,Employer Firms ,"2,314","2,021","1,968",14,14.6,13.9
518,"Data Processing, Hosting, and Related Services5 ",Total operating revenue ,All Establishments ,Employer Firms ,"88,670","82,203","76,156",3.9,3.6,3.6
54181,Advertising Agencies ,Other advertising services ,All Establishments ,Employer Firms ,"4,401","3,974","3,769",7.4,6,10.1
51224,Sound Recording Studios ,Studio recording ,All Establishments ,Employer Firms ,614,613,605,5.7,6,5.8
5239X ,Portfolio Management and Investment Advice9 ,All other operating revenue ,All Establishments ,Employer Firms ,"37,869","39,900","42,904",6.2,6.4,4.9
515112,Radio Stations ,All other operating revenue ,All Establishments ,Employer Firms ,"1,461","1,277","1,212",2.9,4.5,4.5
483,Water Transportation ,"Coastal, fixed-route, passenger by water ",All Establishments ,Employer Firms ,422,408,367,5,5,3.6
517911,Telecommunications Resellers4 ,Mobile telephony ,All Establishments ,Employer Firms ,"2,045","1,894",S,18.1,16.1,S
5622,Waste Treatment and Disposal ,Nonhazardous waste disposal services ,All Establishments ,Employer Firms ,"7,565","6,847","6,623",4.5,2.5,2.4
5172,Wireless Telecommunications Carriers (except Satellite)3 ,Internet access services ,All Establishments ,Employer Firms ,"56,084",S,S,3.6,S,S
483,Water Transportation ,All other operating revenue ,All Establishments ,Employer Firms ,"1,662","1,431","1,445",5.4,5.5,5
5231X ,Commodity Contracts Dealing and Brokerage8 ,Brokering and dealing foreign currency fees - Wholesale ,All Establishments ,Employer Firms ,858,871,810,7.9,7,6
5112,Software Publishers ,Custom application design and development ,All Establishments ,Employer Firms ,"5,670","4,385","3,989",6,8.5,8.9
6233,Community Care Facilities for the Elderly ,All other non-patient care revenue ,All Establishments ,Employer Firms ,"2,568","2,289","2,223",8.8,10.5,10.6
5412,"Accounting, Tax Preparation, Bookkeeping, and Payroll Services ",Taxation preparation and representation services for corporate and other clients ,All Establishments ,Employer Firms ,"13,400","11,998","11,639",6.4,4.4,4.5
6233,Community Care Facilities for the Elderly ,"Contributions, gifts, and grants received ",All Establishments ,Employer Firms ,553,512,503,11.1,9.9,9.8
62141,Outpatient Care Centers ,Investment and property income ,All Establishments ,Employer Firms ,37,41,38,9.6,9.2,5.9
515112,Radio Stations ,Total operating revenue ,All Establishments ,Employer Firms ,"12,741","12,167","12,135",2.2,1.9,1.9
515112,Radio Stations ,Public and non-commercial programming services ,All Establishments ,Employer Firms ,629,649,608,12.7,13.6,12
511191,Greeting Card Publishers ,Greeting cards (paper or internet) ,All Establishments ,Employer Firms ,"2,577","2,597","2,605",1.6,1.2,1.3
6232,"Residential Intellectual and Developmental Disability, Mental Health and Substance Abuse Facilities11 ","Government (includes Medicare, Medicaid, Other Government, and Workers Compensation) ",All Establishments ,Employer Firms ,"25,211","24,603","24,106",2.1,1.8,1.6
56292,Material Recovery Facilities ,Sale or brokerage of nonhazardous recyclable material ,All Establishments ,Employer Firms ,"1,986","2,281","1,843",5.1,5.4,5.2
5172,Wireless Telecommunications Carriers (except Satellite)3 ,Rental of telecommunications equipment ,All Establishments ,Employer Firms ,345,362,336,14.3,15.8,16.1
6211,Offices of Physicians ,"Government (includes Medicare, Medicaid, Other Government, and Workers Compensation) ",All Establishments ,Employer Firms ,"107,841","103,814","98,652",2,2.2,1.9
5622,Waste Treatment and Disposal ,Nonhazardous waste disposal services ,All Establishments ,Employer Firms ,"7,565","6,847","6,623",4.5,2.5,2.4
5417,Scientific Research and Development Services ,"Basic and applied research in natural and exact sciences, except biological sciences ",Establishments exempt from federal income tax ,Employer Firms ,"1,861","1,740","1,623",3.7,3,3.2
6219,Other Ambulatory Health Care Services ,Patient out-of-pocket - Patients' assigned Social Security benefits ,All Establishments ,Employer Firms ,22,19,17,10,9.6,7.5
54181,Advertising Agencies ,Integrated advertising services ,All Establishments ,Employer Firms ,"20,284","17,897","16,747",6.1,8,7.4
5622,Waste Treatment and Disposal ,All other operating revenue ,All Establishments ,Employer Firms ,"2,323","1,979","1,867",8.6,6,4.7
6216,Home Health Care Services ,Patient out-of-pocket - Payments from patients and their families ,All Establishments ,Employer Firms ,"3,960","3,725","3,410",14.8,13.4,12.5
5121x ,Motion Picture and Video Production and Distribution1 ,Merchandise licensing ,All Establishments ,Employer Firms ,837,769,546,5.5,3.5,3.7
6233,Community Care Facilities for the Elderly ,Other patient care revenue ,All Establishments ,Employer Firms ,"2,862","2,685","2,578",12,11.4,11.6
54186,Direct Mail Advertising ,Mail list creation and support services ,All Establishments ,Employer Firms ,446,410,414,20.2,15.5,15.4
5622,Waste Treatment and Disposal ,All other operating revenue ,All Establishments ,Employer Firms ,"2,323","1,979","1,867",8.6,6,4.7
56151,Travel Agencies ,Commissions or fees from event tickets ,All Establishments ,Employer Firms ,249,224,210,14.3,14.4,15.3
62132,Offices of Optometrists ,Other patient care revenue ,All Establishments ,Employer Firms ,858,832,781,11.8,8.3,8.6
813,"Religious, Grantmaking, Civic, Professional, and Similar Organizations12 ","Contributions, gifts, and grants received ",All Establishments ,Employer Firms ,"84,787","83,219","77,761",2.5,2.4,2.4
622,Hospitals ,"Private insurance (includes Health, Property, and Auto) ",All Establishments ,Employer Firms ,"397,251","373,264","358,206",1.7,2,1.9
515112,Radio Stations ,All other operating revenue ,All Establishments ,Employer Firms ,"1,461","1,277","1,212",2.9,4.5,4.5
2212,Natural Gas Distribution ,Total operating revenue ,All Establishments ,Employer Firms ,"78,717","96,021","99,714",1.8,1.6,1.4
51112,Periodical Publishers ,Printing services for others ,All Establishments ,Employer Firms ,"1,357","1,511","1,533",19.9,16.1,15.1
62142,Outpatient Mental Health and Substance Abuse Centers ,"Private insurance (includes Health, Property, and Auto) ",All Establishments ,Employer Firms ,"2,043","1,869","1,783",6.1,7.6,9.7
621493,Freestanding Ambulatory Surgical and Emergency Centers ,"Government (includes Medicare, Medicaid, Other Government, and Workers Compensation) ",All Establishments ,Employer Firms ,"5,900","5,775","5,523",4.2,2.8,2.6
6231,Nursing Care Facilities (Skilled Nursing Facilities)11 ,Total operating revenue ,All Establishments ,Employer Firms ,"112,506","110,305","105,297",2.2,2.1,2.1
51219,Postproduction Services and Other Motion Picture and Video Industries ,Duplication and copying services ,All Establishments ,Employer Firms ,"1,118","1,228","1,189",5.8,5.4,5.5
51213,Motion Picture and Video Exhibition ,Food and beverage sales ,All Establishments ,Employer Firms ,"4,207","3,858","3,789",3.3,2.5,2.3
621493,Freestanding Ambulatory Surgical and Emergency Centers ,Total operating revenue ,All Establishments ,Employer Firms ,"22,730","20,912","19,616",3.3,2.1,2
6212,Offices of Dentists ,Patient out-of-pocket - Patients' assigned Social Security benefits ,All Establishments ,Employer Firms ,520,631,645,25,21.8,22.9
2212,Natural Gas Distribution ,Sales of energy and resources - Electricity generation and distribution ,All Establishments ,Employer Firms ,"1,171","1,126","1,427",6.3,3.3,0.9
