NAICS,NAICS Description,Item,Tax Status,Employer Status,2012 Revenue,2011 Revenue,2010 Revenue,2012 Coefficient of Variation,2011 Coefficient of Variation,2010 Coefficient of Variation
62133,"Offices of Mental Health Practitioners, (except Physicians) ",Total operating revenue ,All Establishments ,Employer Firms ,"8,040","7,350","6,702",4.5,4.3,4.4
2211,"Electric Power Generation, Transmission and Distribution ",Sales of energy and resources - Water ,All Establishments ,Employer Firms ,34,29,29,0.2,0.3,0.3
51111,Newspaper Publishers ,Advertising space ,All Establishments ,Employer Firms ,"18,871","19,731","21,055",2.8,2.6,2.5
483,Water Transportation ,Participatory recreational services by water craft ,All Establishments ,Employer Firms ,S,S,S,S,S,S
54161,Management Consulting Services10 ,"Marketing management consulting, and consulting combined with implementation ",All Establishments ,Employer Firms ,"15,136","13,831","12,606",7.4,6.6,6.5
5231X ,Commodity Contracts Dealing and Brokerage8 ,Management of financial market clearing products ,All Establishments ,Employer Firms ,400,427,429,13.3,15.2,10.6
54186,Direct Mail Advertising ,Concept development for a direct mail advertising campaign ,All Establishments ,Employer Firms ,388,410,428,17.5,15.6,18.8
624,Social Assistance ,All other non-operating revenue ,All Establishments ,Employer Firms ,"7,594","7,330","7,025",7.1,6.3,5.7
7111,Performing Arts Companies ,Total operating revenue ,Establishments subject to federal income tax ,Employer Firms ,"11,022","11,334","10,327",5.6,5.5,4.6
5172,Wireless Telecommunications Carriers (except Satellite)3 ,Mobile long-distance ,All Establishments ,Employer Firms ,"3,354","3,505","3,761",5.3,4.3,3.4
56151,Travel Agencies ,Commissions or fees from trip planning ,All Establishments ,Employer Firms ,"4,119","4,101","3,821",7.6,8.7,8.9
6215,Medical and Diagnostic Laboratories ,Non-patient care revenue ,All Establishments ,Employer Firms ,"3,037","2,984","2,685",9.9,9.4,9
481,Air Transportation ,Total operating revenue ,All Establishments ,Employer Firms ,"193,769","184,768","157,342",3.1,2.8,2.5
5417,Scientific Research and Development Services ,Total operating revenue ,Establishments exempt from federal income tax ,Employer Firms ,"33,616","33,394","31,287",2.3,1.9,2.1
5171,Wired Telecommunications Carriers2 ,"Reselling services for telecommunications equipment, retail ",All Establishments ,Employer Firms ,"1,387","1,737","1,770",7,13.5,9.5
51224,Sound Recording Studios ,Studio recording ,All Establishments ,Employer Firms ,614,613,605,5.7,6,5.8
54133,Engineering Services ,Residential engineering projects ,All Establishments ,Employer Firms ,S,S,S,S,S,S
5417,Scientific Research and Development Services ,Total operating revenue ,Establishments subject to federal income tax ,Employer Firms ,"98,693","93,174","86,086",5.7,5.3,4.8
56299,All Other Waste Management Services ,Total operating revenue ,All Establishments ,Employer Firms ,"4,689","4,126","3,750",5,5.3,5
5121x ,Motion Picture and Video Production and Distribution1 ,Domestic licensing of rights to television programs ,All Establishments ,Employer Firms ,"12,796","12,355","11,364",8.9,2.6,2.4
51213,Motion Picture and Video Exhibition ,Total operating revenue ,All Establishments ,Employer Firms ,"14,519","13,309","13,454",3.1,2.1,1.8
5171,Wired Telecommunications Carriers2 ,Website hosting services ,All Establishments ,Employer Firms ,215,292,304,5.8,2.5,3
5112,Software Publishers ,Application software publishing - Utilities application software ,All Establishments ,Employer Firms ,"2,949","3,302","2,670",11.8,13.4,15.7
6231,Nursing Care Facilities (Skilled Nursing Facilities)11 ,Total operating revenue ,All Establishments ,Employer Firms ,"112,506","110,305","105,297",2.2,2.1,2.1
813,"Religious, Grantmaking, Civic, Professional, and Similar Organizations12 ",Investment and property income ,All Establishments ,Employer Firms ,"19,957","15,183","20,002",6.4,7.5,7.3
5174,Satellite Telecommunications ,Carrier services ,All Establishments ,Employer Firms ,"1,622","1,519","1,418",5.4,4.6,5.1
51911,News Syndicates ,Total operating revenue ,All Establishments ,Employer Firms ,"2,348","2,188","1,960",4.5,3.2,3.1
621391,Offices of Podiatrists ,Other patient care revenue ,All Establishments ,Employer Firms ,299,257,229,19.1,20,16.4
483,Water Transportation ,Tugboat services ,All Establishments ,Employer Firms ,506,S,S,21.6,S,S
5231X ,Commodity Contracts Dealing and Brokerage8 ,Total operating revenue ,All Establishments ,Employer Firms ,"13,432","13,626","14,145",3.6,3.4,3.8
712,"Museums, Historical Sites, and Similar Institutions ",Investment and property income ,Establishments exempt from federal income tax ,Employer Firms ,760,907,822,5.9,5.9,7.9
7111,Performing Arts Companies ,Total operating revenue ,Establishments subject to federal income tax ,Employer Firms ,"11,022","11,334","10,327",5.6,5.5,4.6
621493,Freestanding Ambulatory Surgical and Emergency Centers ,Other patient care revenue ,All Establishments ,Employer Firms ,937,843,763,11.3,11.9,10.8
62133,"Offices of Mental Health Practitioners, (except Physicians) ",Patient out-of-pocket - Patients' assigned Social Security benefits ,All Establishments ,Employer Firms ,S,S,S,S,S,S
71311,Amusement and Theme Parks ,All other operating revenue ,Establishments subject to federal income tax ,Employer Firms ,"5,602","5,265","4,999",1.3,1.3,0.8
517911,Telecommunications Resellers4 ,Fixed local telephony ,All Establishments ,Employer Firms ,"1,615","1,505",S,6.5,6.1,S
51222,Integrated Record Production/Distribution ,Total operating revenue ,All Establishments ,Employer Firms ,"7,257","7,238","8,258",0.7,0.7,0.2
51222,Integrated Record Production/Distribution ,Licensing revenue - Licensing of rights to use musical recordings ,All Establishments ,Employer Firms ,D,668,791,D,1,0.9
6239,Other Residential Care Facilities ,Total operating revenue ,All Establishments ,Employer Firms ,"8,534","8,308","8,196",2.6,2,2.3
6239,Other Residential Care Facilities ,All other non-patient care revenue ,All Establishments ,Employer Firms ,282,268,238,6.9,7.4,4.8
51911,News Syndicates ,All other operating revenue ,All Establishments ,Employer Firms ,590,S,346,18.7,S,13
51913,Internet Publishing and Broadcasting and Web Search Portals6 ,Publishing and broadcasting of content on the Internet ,All Establishments ,Employer Firms ,"18,070","15,210","14,005",4.4,4.1,3.2
5172,Wireless Telecommunications Carriers (except Satellite)3 ,Repair and maintenance services for telecommunications equipment ,All Establishments ,Employer Firms ,S,"1,480","1,335",S,4.9,5.4
51111,Newspaper Publishers ,All other operating revenue ,All Establishments ,Employer Firms ,"2,604","2,323","2,323",9.6,9.9,9.2
54161,Management Consulting Services10 ,"Human resources management consulting, and consulting combined with implementation ",All Establishments ,Employer Firms ,"13,692","13,469","12,938",5.4,4.7,4.5
5112,Software Publishers ,Information Technology related training services ,All Establishments ,Employer Firms ,"2,061","1,870","1,781",11.2,18.9,20.2
621399,Offices of All Other Miscellaneous Health Practitioners ,"Contributions, gifts, and grants received ",All Establishments ,Employer Firms ,S,S,94,S,S,26.6
621492,Kidney Dialysis Centers ,Investment and property income ,All Establishments ,Employer Firms ,59,58,55,1.9,3.8,1.7
54161,Management Consulting Services10 ,All other operating revenue ,All Establishments ,Employer Firms ,"18,549","19,103","18,316",5.9,4.9,4.1
2211,"Electric Power Generation, Transmission and Distribution ",All other operating revenue ,All Establishments ,Employer Firms ,"8,062","8,612","6,646",7.9,7.3,6.4
5172,Wireless Telecommunications Carriers (except Satellite)3 ,Mobile long-distance ,All Establishments ,Employer Firms ,"3,354","3,505","3,761",5.3,4.3,3.4
56292,Material Recovery Facilities ,Total operating revenue ,All Establishments ,Employer Firms ,"5,068","5,842","4,854",5.3,5.1,5
621399,Offices of All Other Miscellaneous Health Practitioners ,"Contributions, gifts, and grants received ",All Establishments ,Employer Firms ,S,S,94,S,S,26.6
NA ,Not available. ,,,,,,,,,
517911,Telecommunications Resellers4 ,Mobile telephony ,All Establishments ,Employer Firms ,"2,045","1,894",S,18.1,16.1,S
622,Hospitals ,All other non-patient care revenue ,All Establishments ,Employer Firms ,"35,887","31,513","29,165",4.8,5.1,4.3
5121x ,Motion Picture and Video Production and Distribution1 ,Contract production of audiovisual works ,All Establishments ,Employer Firms ,"6,283","5,764","5,289",9.7,5.7,5.7
51114,Directory and Mailing List Publishers ,Rental or sale of mailing lists ,All Establishments ,Employer Firms ,S,118,127,S,29.4,26.4
511199,All Other Publishers ,All other operating revenue ,All Establishments ,Employer Firms ,"1,388","1,306","1,299",9.2,6.4,5.9
ZZ ,Absolute value is less than 0.5. ,,,,,,,,,
5171,Wired Telecommunications Carriers2 ,Subscriber line charges ,All Establishments ,Employer Firms ,"4,347","4,347","3,430",1,1.2,1.6
711212,Racetracks ,Total operating revenue ,Establishments subject to federal income tax ,Employer Firms ,"7,681","7,447","7,216",4.7,5,4.9
54133,Engineering Services ,Surveying and mapping services ,All Establishments ,Employer Firms ,"1,560","1,676","2,116",20.6,22.8,23.9
621493,Freestanding Ambulatory Surgical and Emergency Centers ,"Contributions, gifts, and grants received ",All Establishments ,Employer Firms ,S,S,S,S,S,S
51512,Television Broadcasting ,Public and non-commercial programming services ,All Establishments ,Employer Firms ,"1,611","1,510","1,682",6.2,5.8,5.1
621491,Other Outpatient Care Centers ,Total operating revenue ,All Establishments ,Employer Firms ,"7,272","6,867","6,200",1.3,1.3,1.3
62131,Offices of Chiropractors ,"Contributions, gifts, and grants received ",All Establishments ,Employer Firms ,S,S,S,S,S,S
71311,Amusement and Theme Parks ,Admissions revenue (excluding admissions taxes) ,Establishments subject to federal income tax ,Employer Firms ,"8,419","8,018","7,198",1,1.2,0.8
621498,All Other Outpatient Care Centers ,"Contributions, gifts, and grants received ",All Establishments ,Employer Firms ,"4,387","4,238","3,948",2.7,3.3,4.4
6114,Business Schools and Computer and Management Training ,Total operating revenue ,All Establishments ,Employer Firms ,"10,106","10,144","9,494",3.5,3.3,3.1
62141,Outpatient Care Centers ,Total operating revenue ,All Establishments ,Employer Firms ,"2,002","1,914","1,864",3.3,3.1,2.8
486,Pipeline Transportation ,Transportation of other bulk liquid gases by pipeline ,All Establishments ,Employer Firms ,505,488,439,Z,Z,Z
483,Water Transportation ,Transportation of freight and cargo by water ,All Establishments ,Employer Firms ,"18,764","18,638","17,369",1.3,1,1
56152,Tour Operators ,Pre-packaged tours - Domestic travel ,All Establishments ,Employer Firms ,"1,214","1,209","1,234",8.2,9.2,8.7
62142,Outpatient Mental Health and Substance Abuse Centers ,"Private insurance (includes Health, Property, and Auto) ",All Establishments ,Employer Firms ,"2,043","1,869","1,783",6.1,7.6,9.7
51911,News Syndicates ,All other operating revenue ,All Establishments ,Employer Firms ,590,S,346,18.7,S,13
2212,Natural Gas Distribution ,Sales of energy and resources - Electricity generation and distribution ,All Establishments ,Employer Firms ,"1,171","1,126","1,427",6.3,3.3,0.9
6212,Offices of Dentists ,Investment and property income ,All Establishments ,Employer Firms ,S,S,S,S,S,S
5171,Wired Telecommunications Carriers2 ,Telecommunications network installation services ,All Establishments ,Employer Firms ,464,451,549,12.9,11.7,4.1
54133,Engineering Services ,Other engineering projects ,All Establishments ,Employer Firms ,"19,848","19,489","19,266",26.7,28.1,23.6
62142,Outpatient Mental Health and Substance Abuse Centers ,Other patient care revenue ,All Establishments ,Employer Firms ,"1,138","1,228","1,204",11.5,9.5,9.7
5112,Software Publishers ,Application software publishing - General business productivity and home use applications ,All Establishments ,Employer Firms ,"28,039","27,990","25,731",6.6,6.2,4.8
518,"Data Processing, Hosting, and Related Services5 ",Information and document transformation services ,All Establishments ,Employer Firms ,"2,376","2,174","2,085",12.5,8.5,8.2
5112,Software Publishers ,Re-sale of computer hardware and software ,All Establishments ,Employer Firms ,"5,608","4,557","3,262",6.3,9,4
5417,Scientific Research and Development Services ,Basic and applied research in the social sciences and humanities ,Establishments exempt from federal income tax ,Employer Firms ,"2,133","1,848","1,744",5.7,6.2,5.9
6215,Medical and Diagnostic Laboratories ,Patient out-of-pocket ,All Establishments ,Employer Firms ,"2,852","2,889","2,795",4.5,4.2,3.5
56132,Temporary Help Services ,Total operating revenue ,All Establishments ,Employer Firms ,"122,858","113,832","100,689",3.2,3.1,3
5171,Wired Telecommunications Carriers2 ,Pay-per-view ,All Establishments ,Employer Firms ,"3,473","3,358","3,445",0.8,0.6,0.5
5112,Software Publishers ,Information Technology related training services ,All Establishments ,Employer Firms ,"2,061","1,870","1,781",11.2,18.9,20.2
5172,Wireless Telecommunications Carriers (except Satellite)3 ,"Reselling services for telecommunications equipment, retail ",All Establishments ,Employer Firms ,"23,073","20,627","18,575",1.3,0.8,0.7
  ,  ,,,,,,,,,
5,"Historical data, 2010 and prior, have been restated to reflect comparable data on the 2007 NAICS basis for more detailed levels within this aggregate. ",,,,,,,,,
621391,Offices of Podiatrists ,"Government (includes Medicare, Medicaid, Other Government, and Workers Compensation) ",All Establishments ,Employer Firms ,"1,624","1,474","1,395",6.4,3.8,3.3
6114,Business Schools and Computer and Management Training ,Total operating revenue ,All Establishments ,Employer Firms ,"10,106","10,144","9,494",3.5,3.3,3.1
621391,Offices of Podiatrists ,"Private insurance (includes Health, Property, and Auto) ",All Establishments ,Employer Firms ,"1,959","1,860","1,842",3.8,4,3.7
5415,Computer Systems Design and Related Services ,Total operating revenue ,All Establishments ,Employer Firms ,"320,236","303,354","283,790",2,1.8,1.7
6231,Nursing Care Facilities (Skilled Nursing Facilities)11 ,All other non-patient care revenue ,All Establishments ,Employer Firms ,"2,486","2,302","2,249",5.3,4.4,3.9
5417,Scientific Research and Development Services ,All other operating revenue ,Establishments exempt from federal income tax ,Employer Firms ,"3,674","3,938","3,813",5.3,4.9,5.1
54186,Direct Mail Advertising ,Full direct mail services ,All Establishments ,Employer Firms ,"5,654","5,487","5,262",5.2,5.7,5.2
624,Social Assistance ,Investment and property income ,All Establishments ,Employer Firms ,"1,446","1,494","1,520",8.6,8.5,9.6
6232,"Residential Intellectual and Developmental Disability, Mental Health and Substance Abuse Facilities11 ",Patient out-of-pocket - Patients' assigned Social Security benefits ,All Establishments ,Employer Firms ,706,697,646,12.7,11.1,9.4
51512,Television Broadcasting ,Public and non-commercial programming services ,All Establishments ,Employer Firms ,"1,611","1,510","1,682",6.2,5.8,5.1
51919,All Other Information Services ,All other operating revenue ,All Establishments ,Employer Firms ,443,396,381,14.8,12.9,10.2
51112,Periodical Publishers ,Sale or licensing of rights to content ,All Establishments ,Employer Firms ,506,482,475,13.4,15.2,15.3
62142,Outpatient Mental Health and Substance Abuse Centers ,All other non-patient care revenue ,All Establishments ,Employer Firms ,367,342,279,14.2,12.3,14.6
5121x ,Motion Picture and Video Production and Distribution1 ,Audiovisual works speculatively produced for outright sale ,All Establishments ,Employer Firms ,377,341,321,9.7,5.2,7.1
5621,Waste Collection ,Total operating revenue ,All Establishments ,Employer Firms ,"42,370","42,567","41,373",3.7,3,3.2
5417,Scientific Research and Development Services ,All other operating revenue ,Establishments exempt from federal income tax ,Employer Firms ,"3,674","3,938","3,813",5.3,4.9,5.1
5121x ,Motion Picture and Video Production and Distribution1 ,Merchandise licensing ,All Establishments ,Employer Firms ,837,769,546,5.5,3.5,3.7
54186,Direct Mail Advertising ,Mail list creation and support services ,All Establishments ,Employer Firms ,446,410,414,20.2,15.5,15.4
51223,Music Publishers ,Licensing revenue - Licensing of rights to use musical compositions ,All Establishments ,Employer Firms ,"2,979","2,931","2,948",2.3,2.5,2.4
62131,Offices of Chiropractors ,Other patient care revenue ,All Establishments ,Employer Firms ,579,561,534,8.7,9.3,9.9
10,"A portion of NAICS 54161 (Management Consulting Services) moved to NAICS 56131 (Employment Placement Agencies and Executive Search Services) with the 2007 NAICS update. Historical data, 2010 and prior, have been restated to reflect comparable data on the 2007 NAICS basis. ",,,,,,,,,
62134,"Offices of Physical, Occupational and Speech Therapists and Audiologists ","Contributions, gifts, and grants received ",All Establishments ,Employer Firms ,S,100,101,S,29.9,29.9
62133,"Offices of Mental Health Practitioners, (except Physicians) ",Total operating revenue ,All Establishments ,Employer Firms ,"8,040","7,350","6,702",4.5,4.3,4.4
51112,Periodical Publishers ,Total operating revenue ,All Establishments ,Employer Firms ,"38,949","38,462","38,395",4.3,3.2,2.5
6239,Other Residential Care Facilities ,"Government (includes Medicare, Medicaid, Other Government, and Workers Compensation) ",All Establishments ,Employer Firms ,"5,744","5,580","5,501",3.6,2.8,2.8
51512,Television Broadcasting ,All other operating revenue ,All Establishments ,Employer Firms ,"5,463","6,025","5,692",1,1.7,1.1
6114,Business Schools and Computer and Management Training ,"Occupational, technical, and trade; professional development; and management training programs and courses ",All Establishments ,Employer Firms ,"8,307","8,404","7,928",3.4,3.3,3.4
5621,Waste Collection ,Non-residential nonhazardous waste and recyclable material collection services ,All Establishments ,Employer Firms ,"20,919","20,327","20,262",4.1,3.7,4.3
56151,Travel Agencies ,Commissions or fees from computerized reservation systems ,All Establishments ,Employer Firms ,746,749,723,7.8,6.3,6.7
6212,Offices of Dentists ,Total operating revenue ,All Establishments ,Employer Firms ,"106,042","103,803","101,619",2.2,1.7,1
51111,Newspaper Publishers ,Printing services for others ,All Establishments ,Employer Firms ,"1,448","1,313","1,258",6,6.9,7.1
518,"Data Processing, Hosting, and Related Services5 ",Information technology (IT) design and development services ,All Establishments ,Employer Firms ,"2,996","2,587","2,277",13.6,12.6,11.5
54182,Public Relations Agencies ,Full public relations services ,All Establishments ,Employer Firms ,"7,256","6,857","6,643",5.5,5.1,4.3
486,Pipeline Transportation ,All other operating revenue ,All Establishments ,Employer Firms ,"2,781","2,777","2,670",Z,Z,Z
711211,Sports Teams and Clubs ,Total operating revenue ,Establishments subject to federal income tax ,Employer Firms ,"22,581","22,421","21,504",4.8,3.8,2.9
5417,Scientific Research and Development Services ,Production services for development ,Establishments subject to federal income tax ,Employer Firms ,"3,556","2,869","2,470",14.6,27.5,15.4
5152,Cable and Other Subscription Programming ,All other operating revenue ,All Establishments ,Employer Firms ,"4,100","2,911","2,545",5.8,5.9,5.4
5112,Software Publishers ,Application software publishing - Cross-industry application software ,All Establishments ,Employer Firms ,"13,186","12,186","10,785",5,4.7,5.1
71311,Amusement and Theme Parks ,All other operating revenue ,Establishments subject to federal income tax ,Employer Firms ,"5,602","5,265","4,999",1.3,1.3,0.8
5231X ,Commodity Contracts Dealing and Brokerage8 ,Total operating revenue ,All Establishments ,Employer Firms ,"13,432","13,626","14,145",3.6,3.4,3.8
6232,"Residential Intellectual and Developmental Disability, Mental Health and Substance Abuse Facilities11 ",Investment and property income ,All Establishments ,Employer Firms ,184,192,229,15.1,14.5,17.5
621391,Offices of Podiatrists ,Patient out-of-pocket - Payments from patients and their families ,All Establishments ,Employer Firms ,634,610,589,4.8,4.9,5.7
5172,Wireless Telecommunications Carriers (except Satellite)3 ,Mobile long-distance ,All Establishments ,Employer Firms ,"3,354","3,505","3,761",5.3,4.3,3.4
621493,Freestanding Ambulatory Surgical and Emergency Centers ,Total operating revenue ,All Establishments ,Employer Firms ,"22,730","20,912","19,616",3.3,2.1,2
6211,Offices of Physicians ,"Contributions, gifts, and grants received ",All Establishments ,Employer Firms ,"2,598","2,664","2,441",19,17.2,17.3
485,Transit and Ground Passenger Transportation ,"Local, passenger transportation by road except fixed route ",All Establishments ,Employer Firms ,"13,423","12,756","12,129",3,2.9,2.4
621498,All Other Outpatient Care Centers ,"Private insurance (includes Health, Property, and Auto) ",All Establishments ,Employer Firms ,"11,273","10,968","10,722",2,1.9,1.4
62133,"Offices of Mental Health Practitioners, (except Physicians) ",Other patient care revenue ,All Establishments ,Employer Firms ,607,582,541,7.3,8.2,8.6
5121x ,Motion Picture and Video Production and Distribution1 ,Other production services ,All Establishments ,Employer Firms ,"3,584","3,093","2,900",6.9,7.7,5.1
51919,All Other Information Services ,Information services ,All Establishments ,Employer Firms ,350,281,272,9.7,9.6,7.7
5417,Scientific Research and Development Services ,"Basic and applied research in natural and exact sciences, except biological sciences ",Establishments exempt from federal income tax ,Employer Firms ,"1,861","1,740","1,623",3.7,3,3.2
5112,Software Publishers ,Total operating revenue ,All Establishments ,Employer Firms ,"161,744","156,806","145,425",1.9,1.7,1.6
62132,Offices of Optometrists ,"Contributions, gifts, and grants received ",All Establishments ,Employer Firms ,S,S,S,S,S,S
6219,Other Ambulatory Health Care Services ,Other patient care revenue ,All Establishments ,Employer Firms ,"11,327","11,394","11,063",1.4,1.7,1.7
56292,Material Recovery Facilities ,Total operating revenue ,All Establishments ,Employer Firms ,"5,068","5,842","4,854",5.3,5.1,5
483,Water Transportation ,Participatory recreational services by water craft ,All Establishments ,Employer Firms ,S,S,S,S,S,S
54186,Direct Mail Advertising ,Print services for direct mail advertising materials ,All Establishments ,Employer Firms ,"1,739","1,762","1,696",6.2,7.3,7.9
54131,Architectural Services ,Interior design services ,All Establishments ,Employer Firms ,"2,314","2,021","1,968",14,14.6,13.9
481,Air Transportation ,"International, scheduled passenger transportation by air ",All Establishments ,Employer Firms ,"51,001","48,467","39,763",7.5,8.2,7.3
54133,Engineering Services ,Municipal utility engineering projects ,All Establishments ,Employer Firms ,"7,670","8,336","7,988",14.3,15.7,13.4
6215,Medical and Diagnostic Laboratories ,Total operating revenue ,All Establishments ,Employer Firms ,"46,542","47,151","45,318",2.3,2.2,1.8
62141,Outpatient Care Centers ,Patient out-of-pocket - Patients' assigned Social Security benefits ,All Establishments ,Employer Firms ,ZZ,S,S,NA,S,S
484,Truck Transportation ,Total operating revenue ,All Establishments ,Employer Firms ,"230,632","215,884","194,616",1.4,1.5,1.4
5121x ,Motion Picture and Video Production and Distribution1 ,All other operating revenue ,All Establishments ,Employer Firms ,"4,110","3,876","3,859",5,4.3,3.4
5415,Computer Systems Design and Related Services ,Hosting and IT infrastructure provisioning services ,All Establishments ,Employer Firms ,"22,587","22,471","21,893",4.5,4.5,3.6
5121x ,Motion Picture and Video Production and Distribution1 ,International licensing of rights to motion picture films ,All Establishments ,Employer Firms ,"8,519","8,100","9,100",2,2,2
Z ,Absolute value is less than 0.05 ,,,,,,,,,
515112,Radio Stations ,All other operating revenue ,All Establishments ,Employer Firms ,"1,461","1,277","1,212",2.9,4.5,4.5
481,Air Transportation ,All other operating revenue ,All Establishments ,Employer Firms ,"18,677","18,238","15,756",4,3.4,3.7
54131,Architectural Services ,Multi-family residential projects ,All Establishments ,Employer Firms ,"1,680","1,569","1,232",21.4,19.7,18.5
511199,All Other Publishers ,Total operating revenue ,All Establishments ,Employer Firms ,"1,827","1,742","1,755",8.5,6.1,5.5
621493,Freestanding Ambulatory Surgical and Emergency Centers ,Patient out-of-pocket - Patients' assigned Social Security benefits ,All Establishments ,Employer Firms ,S,S,S,S,S,S
522,Credit Intermediation and Related Activities ,All other operating revenue ,All Establishments ,Employer Firms ,"222,691","211,842","220,932",3.3,2.8,3
54181,Advertising Agencies ,Advertising creative services (including graphic design services) ,All Establishments ,Employer Firms ,"2,304","1,970","1,844",21.4,14.3,11.3
621391,Offices of Podiatrists ,"Private insurance (includes Health, Property, and Auto) ",All Establishments ,Employer Firms ,"1,959","1,860","1,842",3.8,4,3.7
6232,"Residential Intellectual and Developmental Disability, Mental Health and Substance Abuse Facilities11 ","Government (includes Medicare, Medicaid, Other Government, and Workers Compensation) ",All Establishments ,Employer Firms ,"25,211","24,603","24,106",2.1,1.8,1.6
5417,Scientific Research and Development Services ,Production services for development ,Establishments exempt from federal income tax ,Employer Firms ,28,94,89,16.5,22.8,26.1
517911,Telecommunications Resellers4 ,Total operating revenue ,All Establishments ,Employer Firms ,"9,945","9,683","9,817",6.7,5.6,4.4
621399,Offices of All Other Miscellaneous Health Practitioners ,All other non-patient care revenue ,All Establishments ,Employer Firms ,395,237,215,12.2,14.2,13.1
54181,Advertising Agencies ,Direct marketing ,All Establishments ,Employer Firms ,"1,872","1,528","1,250",29.4,22.2,16.4
5112,Software Publishers ,System software publishing - Network software ,All Establishments ,Employer Firms ,"15,725","14,471","13,911",7.7,8,7.7
515111,Radio Networks ,Total operating revenue ,All Establishments ,Employer Firms ,"5,459","5,007","4,883",1.3,1.1,1
6215,Medical and Diagnostic Laboratories ,Hospitals ,All Establishments ,Employer Firms ,"4,184","4,223","4,027",7.2,6.3,6.7
62132,Offices of Optometrists ,Investment and property income ,All Establishments ,Employer Firms ,12,S,S,12,S,S
5231Y ,Investment Banking and Securities Dealing and Brokerage7 ,Financial planning and investment management services for individuals ,All Establishments ,Employer Firms ,"15,713","14,430","13,933",2.6,2.1,2.2
5412,"Accounting, Tax Preparation, Bookkeeping, and Payroll Services ",Taxation preparation and representation services for corporate and other clients ,All Establishments ,Employer Firms ,"13,400","11,998","11,639",6.4,4.4,4.5
54131,Architectural Services ,Multi-family residential projects ,All Establishments ,Employer Firms ,"1,680","1,569","1,232",21.4,19.7,18.5
6233,Community Care Facilities for the Elderly ,Total operating revenue ,All Establishments ,Employer Firms ,"51,346","49,022","46,594",1.9,1.6,1.4
