NAICS,NAICS Description,Item,Tax Status,Employer Status,2012 Revenue,2011 Revenue,2010 Revenue,2012 Coefficient of Variation,2011 Coefficient of Variation,2010 Coefficient of Variation
5231Y ,Investment Banking and Securities Dealing and Brokerage7 ,Brokering and dealing products - Derivative contracts ,All Establishments ,Employer Firms ,"20,658","20,161","27,062",2.8,2.6,2.3
621491,Other Outpatient Care Centers ,Patient out-of-pocket - Patients' assigned Social Security benefits ,All Establishments ,Employer Firms ,S,S,ZZ,S,S,3.1
5412,"Accounting, Tax Preparation, Bookkeeping, and Payroll Services ",Taxation preparation and representation services for individuals and unincorporated businesses ,All Establishments ,Employer Firms ,"15,482","14,933","14,940",5.9,6,5.4
54131,Architectural Services ,Total operating revenue ,All Establishments ,Employer Firms ,"26,994","27,044","26,050",6.2,5.5,4.9
54181,Advertising Agencies ,Total operating revenue ,All Establishments ,Employer Firms ,"39,826","35,437","33,476",5.2,4.3,4.4
621492,Kidney Dialysis Centers ,Patient out-of-pocket - Patients' assigned Social Security benefits ,All Establishments ,Employer Firms ,8,7,7,3.5,3.5,3.1
5622,Waste Treatment and Disposal ,All other operating revenue ,All Establishments ,Employer Firms ,"2,323","1,979","1,867",8.6,6,4.7
483,Water Transportation ,Participatory recreational services by water craft ,All Establishments ,Employer Firms ,S,S,S,S,S,S
54131,Architectural Services ,Single-family residential projects ,All Establishments ,Employer Firms ,"2,314","2,274","2,180",18.4,18.5,16.2
51222,Integrated Record Production/Distribution ,All other operating revenue ,All Establishments ,Employer Firms ,D,865,869,D,5.1,4.8
54111,Offices of Lawyers ,Program service ,Establishments exempt from federal income tax ,Employer Firms ,727,685,704,21.3,19,17.6
6211,Offices of Physicians ,Patient out-of-pocket - Patients' assigned Social Security benefits ,All Establishments ,Employer Firms ,"1,862","1,497","1,485",17.2,17.2,20.9
6211,Offices of Physicians ,"Private insurance (includes Health, Property, and Auto) ",All Establishments ,Employer Firms ,"181,944","175,545","168,738",1.9,1.5,1.6
62133,"Offices of Mental Health Practitioners, (except Physicians) ","Contributions, gifts, and grants received ",All Establishments ,Employer Firms ,297,309,294,9.3,8.6,8.9
561599,All Other Travel Arrangement and Reservation Services ,Commissions or fees from other travel arrangement services revenue ,All Establishments ,Employer Firms ,154,199,192,8,4.9,5.3
54133,Engineering Services ,Construction services ,All Establishments ,Employer Firms ,"20,316","17,669","17,102",22.5,16.1,15.4
3,"Includes 2002 NAICS 517211 (Paging), 2002 NAICS 517212 (Cellular and Other Wireless Telecommunications) and a portion of 2002 NAICS 518111 (Internet Service Providers).  Historical data, 2010 and prior, have been restated to reflect comparable data on the 2007 NAICS basis. ",,,,,,,,,
481,Air Transportation ,All other operating revenue ,All Establishments ,Employer Firms ,"18,677","18,238","15,756",4,3.4,3.7
5172,Wireless Telecommunications Carriers (except Satellite)3 ,Messaging (paging) services ,All Establishments ,Employer Firms ,"4,647","4,434","4,004",4.9,4.8,5.2
51913,Internet Publishing and Broadcasting and Web Search Portals6 ,Licensing of rights to use intellectual property ,All Establishments ,Employer Firms ,"1,814","1,768","1,160",3.6,3.3,3.5
621391,Offices of Podiatrists ,Patient out-of-pocket - Payments from patients and their families ,All Establishments ,Employer Firms ,634,610,589,4.8,4.9,5.7
62141,Outpatient Care Centers ,All other non-patient care revenue ,All Establishments ,Employer Firms ,53,50,47,14.7,8.8,11.6
621493,Freestanding Ambulatory Surgical and Emergency Centers ,Total operating revenue ,All Establishments ,Employer Firms ,"22,730","20,912","19,616",3.3,2.1,2
56151,Travel Agencies ,Commissions or fees from event tickets ,All Establishments ,Employer Firms ,249,224,210,14.3,14.4,15.3
5121x ,Motion Picture and Video Production and Distribution1 ,Domestic licensing of rights to others to distribute audiovisual works ,All Establishments ,Employer Firms ,788,748,756,2.9,2.3,2.2
621498,All Other Outpatient Care Centers ,Total operating revenue ,All Establishments ,Employer Firms ,"34,891","33,416","31,709",1.4,1.2,1.2
56152,Tour Operators ,Pre-packaged tours - Domestic travel ,All Establishments ,Employer Firms ,"1,214","1,209","1,234",8.2,9.2,8.7
5412,"Accounting, Tax Preparation, Bookkeeping, and Payroll Services ",Taxation preparation and representation services for corporate and other clients ,All Establishments ,Employer Firms ,"13,400","11,998","11,639",6.4,4.4,4.5
621493,Freestanding Ambulatory Surgical and Emergency Centers ,Investment and property income ,All Establishments ,Employer Firms ,137,S,S,26.2,S,S
6215,Medical and Diagnostic Laboratories ,Total operating revenue ,All Establishments ,Employer Firms ,"46,542","47,151","45,318",2.3,2.2,1.8
5415,Computer Systems Design and Related Services ,IT related training services ,All Establishments ,Employer Firms ,"2,542","2,307","2,349",14,16.2,17.3
62134,"Offices of Physical, Occupational and Speech Therapists and Audiologists ","Private insurance (includes Health, Property, and Auto) ",All Establishments ,Employer Firms ,"8,932","8,301","7,799",3.6,3.5,3.4
6211,Offices of Physicians ,"Government (includes Medicare, Medicaid, Other Government, and Workers Compensation) ",All Establishments ,Employer Firms ,"107,841","103,814","98,652",2,2.2,1.9
51223,Music Publishers ,All other operating revenue ,All Establishments ,Employer Firms ,159,196,203,5.2,4.7,4.6
485,Transit and Ground Passenger Transportation ,All other operating revenue ,All Establishments ,Employer Firms ,"3,099","3,069","2,977",4.3,5.7,5.9
522,Credit Intermediation and Related Activities ,All other operating revenue ,All Establishments ,Employer Firms ,"222,691","211,842","220,932",3.3,2.8,3
56151,Travel Agencies ,Commissions or fees from event tickets ,All Establishments ,Employer Firms ,249,224,210,14.3,14.4,15.3
6232,"Residential Intellectual and Developmental Disability, Mental Health and Substance Abuse Facilities11 ","Government (includes Medicare, Medicaid, Other Government, and Workers Compensation) ",All Establishments ,Employer Firms ,"25,211","24,603","24,106",2.1,1.8,1.6
5417,Scientific Research and Development Services ,Basic and applied research in engineering and technology ,Establishments subject to federal income tax ,Employer Firms ,"15,562","17,234","16,130",7.7,12,11
54182,Public Relations Agencies ,Media relations ,All Establishments ,Employer Firms ,828,747,764,11.5,15.2,14.7
621491,Other Outpatient Care Centers ,Patient out-of-pocket - Patients' assigned Social Security benefits ,All Establishments ,Employer Firms ,S,S,ZZ,S,S,3.1
54161,Management Consulting Services10 ,"Financial management consulting, and consulting combined with implementation ",All Establishments ,Employer Firms ,"7,818","7,647","7,835",9.8,7.4,7.3
5415,Computer Systems Design and Related Services ,"Computer systems design, development, and integration ",All Establishments ,Employer Firms ,"39,149","36,178","34,659",5.7,4.9,5
5231X ,Commodity Contracts Dealing and Brokerage8 ,Brokering and dealing other financial instruments ,All Establishments ,Employer Firms ,"1,730","3,079","1,834",5.3,4.4,4.3
621492,Kidney Dialysis Centers ,Patient out-of-pocket - Payments from patients and their families ,All Establishments ,Employer Firms ,97,103,101,3.2,3.2,2.3
5112,Software Publishers ,All other operating revenue ,All Establishments ,Employer Firms ,"34,759",S,"29,234",3.6,S,3.6
712,"Museums, Historical Sites, and Similar Institutions ","Contributions, gifts and grants received ",Establishments exempt from federal income tax ,Employer Firms ,"5,217","4,887","4,893",4.5,5,4
6216,Home Health Care Services ,Patient out-of-pocket - Payments from patients and their families ,All Establishments ,Employer Firms ,"3,960","3,725","3,410",14.8,13.4,12.5
6211,Offices of Physicians ,Total operating revenue ,All Establishments ,Employer Firms ,"404,254","386,672","372,579",1.4,1.2,0.9
62133,"Offices of Mental Health Practitioners, (except Physicians) ",Patient out-of-pocket - Patients' assigned Social Security benefits ,All Establishments ,Employer Firms ,S,S,S,S,S,S
5172,Wireless Telecommunications Carriers (except Satellite)3 ,Rental of telecommunications equipment ,All Establishments ,Employer Firms ,345,362,336,14.3,15.8,16.1
518,"Data Processing, Hosting, and Related Services5 ",Information technology (IT) technical support services ,All Establishments ,Employer Firms ,"3,138","2,853","2,607",11.7,10.1,8.5
481,Air Transportation ,"International, scheduled freight transportation by air ",All Establishments ,Employer Firms ,"8,095","7,347","6,402",11.7,7.7,6.8
6212,Offices of Dentists ,Patient out-of-pocket - Patients' assigned Social Security benefits ,All Establishments ,Employer Firms ,520,631,645,25,21.8,22.9
51913,Internet Publishing and Broadcasting and Web Search Portals6 ,Total operating revenue ,All Establishments ,Employer Firms ,"57,534","48,487","41,725",3,2.9,2.5
622,Hospitals ,Patient out-of-pocket - Payments from patients and their families ,All Establishments ,Employer Firms ,"38,171","34,597","32,915",3.6,3.5,3.6
51919,All Other Information Services ,Information services ,All Establishments ,Employer Firms ,350,281,272,9.7,9.6,7.7
621399,Offices of All Other Miscellaneous Health Practitioners ,Patient out-of-pocket - Patients' assigned Social Security benefits ,All Establishments ,Employer Firms ,S,S,S,S,S,S
711219,Other Spectator Sports ,All other operating revenue ,Establishments subject to federal income tax ,Employer Firms ,"3,235","3,339","3,194",12,12.1,9.6
5152,Cable and Other Subscription Programming ,Advertising and program revenue - Licensing of rights to broadcast specialty programming protected by copyright ,All Establishments ,Employer Firms ,"36,764","33,821","31,354",0.7,0.7,0.7
561599,All Other Travel Arrangement and Reservation Services ,Total operating revenue ,All Establishments ,Employer Firms ,"15,529","14,641","13,851",5.7,4.8,4.6
5121x ,Motion Picture and Video Production and Distribution1 ,All other operating revenue ,All Establishments ,Employer Firms ,"4,110","3,876","3,859",5,4.3,3.4
51114,Directory and Mailing List Publishers ,"Directories, databases, and other collections of information - Advertising space ",All Establishments ,Employer Firms ,"9,323","10,064","10,401",2.5,2.3,2.3
5412,"Accounting, Tax Preparation, Bookkeeping, and Payroll Services ",Taxation planning and consulting services ,All Establishments ,Employer Firms ,"6,698","6,765","6,478",8.9,7.7,6.1
56292,Material Recovery Facilities ,"Nonhazardous waste and recyclable material consolidation, storage, and preparation services ",All Establishments ,Employer Firms ,"2,590","3,188","2,683",5,5,5.1
6211,Offices of Physicians ,All other non-patient care revenue ,All Establishments ,Employer Firms ,"19,595","15,992","14,800",6,6.7,5.5
561599,All Other Travel Arrangement and Reservation Services ,Commissions or fees from trip planning ,All Establishments ,Employer Firms ,"1,586","1,633","1,538",24.9,21.5,20
515111,Radio Networks ,Public and non-commercial programming services ,All Establishments ,Employer Firms ,415,405,391,10.1,11,11.3
D ,Estimate in table is withheld to avoid disclosing data of individual companies; data are included in higher level totals. ,,,,,,,,,
6239,Other Residential Care Facilities ,Investment and property income ,All Establishments ,Employer Firms ,212,203,225,7.1,5.1,6.5
  ,  ,,,,,,,,,
6117,Educational Support Services ,Total operating revenue ,All Establishments ,Employer Firms ,"13,147","12,932","12,247",2.3,2.7,2.1
51112,Periodical Publishers ,Periodicals - subscriptions & sales ,All Establishments ,Employer Firms ,"14,027","12,790","12,608",7.5,7.4,5.9
54133,Engineering Services ,Engineering advisory and drafting services ,All Establishments ,Employer Firms ,"3,930","4,622","4,724",16.8,18.3,19.3
483,Water Transportation ,Total operating revenue ,All Establishments ,Employer Firms ,"37,630","36,560","34,836",0.7,0.6,0.5
5231X ,Commodity Contracts Dealing and Brokerage8 ,All other operating revenue ,All Establishments ,Employer Firms ,"6,278","6,235","5,725",3.9,3.4,4.1
51223,Music Publishers ,Total operating revenue ,All Establishments ,Employer Firms ,"3,879","3,867","3,793",2.3,2.5,2.3
6215,Medical and Diagnostic Laboratories ,"Government (includes Medicare, Medicaid, Other Government, and Workers Compensation) ",All Establishments ,Employer Firms ,"10,150","10,433","9,873",2.5,1.9,1.9
5417,Scientific Research and Development Services ,Original works of intellectual property ,Establishments exempt from federal income tax ,Employer Firms ,S,42,41,S,9,17.2
621498,All Other Outpatient Care Centers ,"Private insurance (includes Health, Property, and Auto) ",All Establishments ,Employer Firms ,"11,273","10,968","10,722",2,1.9,1.4
5121x ,Motion Picture and Video Production and Distribution1 ,Other production services ,All Establishments ,Employer Firms ,"3,584","3,093","2,900",6.9,7.7,5.1
2211,"Electric Power Generation, Transmission and Distribution ",Sales of energy and resources - Other revenue from sales of energy ,All Establishments ,Employer Firms ,"8,994","8,855","9,333",3.6,2.7,3.8
5121x ,Motion Picture and Video Production and Distribution1 ,Domestic licensing of rights to others to distribute audiovisual works ,All Establishments ,Employer Firms ,788,748,756,2.9,2.3,2.2
621391,Offices of Podiatrists ,Total operating revenue ,All Establishments ,Employer Firms ,"4,646","4,301","4,149",4.1,3.6,3.1
624,Social Assistance ,"Contributions, gifts, and grants received ",All Establishments ,Employer Firms ,"59,765","60,267","59,366",2,2.1,2.1
621391,Offices of Podiatrists ,"Private insurance (includes Health, Property, and Auto) ",All Establishments ,Employer Firms ,"1,959","1,860","1,842",3.8,4,3.7
483,Water Transportation ,Participatory recreational services by water craft ,All Establishments ,Employer Firms ,S,S,S,S,S,S
56152,Tour Operators ,Customized group tours - Domestic travel ,All Establishments ,Employer Firms ,"1,106","1,000",851,12.4,11.7,8.1
621492,Kidney Dialysis Centers ,Patient out-of-pocket - Patients' assigned Social Security benefits ,All Establishments ,Employer Firms ,8,7,7,3.5,3.5,3.1
5231X ,Commodity Contracts Dealing and Brokerage8 ,Brokering and dealing foreign currency fees - Wholesale ,All Establishments ,Employer Firms ,858,871,810,7.9,7,6
486,Pipeline Transportation ,Transportation of bulk natural gas and liquefied natural gas by pipeline ,All Establishments ,Employer Firms ,"21,867","22,242","20,839",Z,Z,Z
621492,Kidney Dialysis Centers ,Other patient care revenue ,All Establishments ,Employer Firms ,594,528,502,3.5,3.3,2.9
5171,Wired Telecommunications Carriers2 ,Installation services for connections to program distribution networks ,All Establishments ,Employer Firms ,"1,323","1,115","1,104",20.1,21.4,21.2
5171,Wired Telecommunications Carriers2 ,Telecommunications network installation services ,All Establishments ,Employer Firms ,464,451,549,12.9,11.7,4.1
51222,Integrated Record Production/Distribution ,Total operating revenue ,All Establishments ,Employer Firms ,"7,257","7,238","8,258",0.7,0.7,0.2
5417,Scientific Research and Development Services ,Licensing of right to use intellectual property ,Establishments exempt from federal income tax ,Employer Firms ,245,285,257,5.6,16.4,5.3
54133,Engineering Services ,Construction services ,All Establishments ,Employer Firms ,"20,316","17,669","17,102",22.5,16.1,15.4
515112,Radio Stations ,Total operating revenue ,All Establishments ,Employer Firms ,"12,741","12,167","12,135",2.2,1.9,1.9
51223,Music Publishers ,Total operating revenue ,All Establishments ,Employer Firms ,"3,879","3,867","3,793",2.3,2.5,2.3
54186,Direct Mail Advertising ,Other direct mail advertising services ,All Establishments ,Employer Firms ,342,375,376,13.3,11.2,12.1
56151,Travel Agencies ,All other operating revenue ,All Establishments ,Employer Firms ,"2,324","2,373","2,221",8.7,8.7,7.2
522,Credit Intermediation and Related Activities ,Credit card income from businesses and governments ,All Establishments ,Employer Firms ,"23,104","21,678","22,354",6.7,6.2,5.4
511199,All Other Publishers ,All other operating revenue ,All Establishments ,Employer Firms ,"1,388","1,306","1,299",9.2,6.4,5.9
6239,Other Residential Care Facilities ,"Contributions, gifts, and grants received ",All Establishments ,Employer Firms ,"1,333","1,326","1,320",5.4,4.2,4.7
5174,Satellite Telecommunications ,All other operating revenue ,All Establishments ,Employer Firms ,"2,060","2,147",S,3.8,5.5,S
6232,"Residential Intellectual and Developmental Disability, Mental Health and Substance Abuse Facilities11 ",Patient out-of-pocket - Payments from patients and their families ,All Establishments ,Employer Firms ,"1,983","1,833","1,735",8.4,8.7,8.3
51113,Book Publishers ,"Books - professional, technical, and scholarly books ",All Establishments ,Employer Firms ,"4,417","4,246","4,365",3.8,4.5,4.4
622,Hospitals ,"Contributions, gifts, and grants received ",All Establishments ,Employer Firms ,"16,949","16,254","15,418",16.2,15.5,15.9
