NAICS,NAICS Description,Item,Tax Status,Employer Status,2012 Revenue,2011 Revenue,2010 Revenue,2012 Coefficient of Variation,2011 Coefficient of Variation,2010 Coefficient of Variation
56151,Travel Agencies ,Commissions or fees from packaged tours ,All Establishments ,Employer Firms ,"1,516","1,498","1,460",8.7,7.4,7.9
5112,Software Publishers ,Application software publishing - Utilities application software ,All Establishments ,Employer Firms ,"2,949","3,302","2,670",11.8,13.4,15.7
5174,Satellite Telecommunications ,Total operating revenue ,All Establishments ,Employer Firms ,"5,525","5,395","5,296",3.6,3.7,3.1
62134,"Offices of Physical, Occupational and Speech Therapists and Audiologists ","Government (includes Medicare, Medicaid, Other Government, and Workers Compensation) ",All Establishments ,Employer Firms ,"8,311","8,083","7,930",4.4,3.9,3.3
5231Y ,Investment Banking and Securities Dealing and Brokerage7 ,Trading debt instruments on own account - Net gains (losses) ,All Establishments ,Employer Firms ,"4,488","2,704","3,373",5.2,8.1,4.6
5231Y ,Investment Banking and Securities Dealing and Brokerage7 ,Brokering and dealing products - Equities ,All Establishments ,Employer Firms ,"35,771","37,703","43,397",2.5,2.3,2.1
5412,"Accounting, Tax Preparation, Bookkeeping, and Payroll Services ",Assurance and related services ,All Establishments ,Employer Firms ,"29,076","27,602","27,116",3.7,3.2,3.5
486,Pipeline Transportation ,All other operating revenue ,All Establishments ,Employer Firms ,"2,781","2,777","2,670",Z,Z,Z
6212,Offices of Dentists ,"Private insurance (includes Health, Property, and Auto) ",All Establishments ,Employer Firms ,"45,875","44,673","43,798",2.4,1.9,1.9
54133,Engineering Services ,Transportation infrastructure engineering projects ,All Establishments ,Employer Firms ,"14,191","14,521","15,372",15.4,14.4,16.2
6116,Other Schools and Instruction ,"Occupational, technical, and trade; professional development; and management training programs and courses ",All Establishments ,Employer Firms ,"13,040","12,308","11,428",4.4,4.3,4
5112,Software Publishers ,Application software publishing - Cross-industry application software ,All Establishments ,Employer Firms ,"13,186","12,186","10,785",5,4.7,5.1
51219,Postproduction Services and Other Motion Picture and Video Industries ,Total operating revenue ,All Establishments ,Employer Firms ,"5,415","5,590","5,310",3.8,3.9,3.8
621493,Freestanding Ambulatory Surgical and Emergency Centers ,"Contributions, gifts, and grants received ",All Establishments ,Employer Firms ,S,S,S,S,S,S
5412,"Accounting, Tax Preparation, Bookkeeping, and Payroll Services ",Taxation planning and consulting services ,All Establishments ,Employer Firms ,"6,698","6,765","6,478",8.9,7.7,6.1
54161,Management Consulting Services10 ,"Human resources management consulting, and consulting combined with implementation ",All Establishments ,Employer Firms ,"13,692","13,469","12,938",5.4,4.7,4.5
711219,Other Spectator Sports ,All other operating revenue ,Establishments subject to federal income tax ,Employer Firms ,"3,235","3,339","3,194",12,12.1,9.6
481,Air Transportation ,"Domestic, scheduled freight transportation by air ",All Establishments ,Employer Firms ,"2,730","2,884","2,238",2.4,2.1,2.8
511199,All Other Publishers ,Total operating revenue ,All Establishments ,Employer Firms ,"1,827","1,742","1,755",8.5,6.1,5.5
5621,Waste Collection ,Hazardous waste management collection services ,All Establishments ,Employer Firms ,"1,205","1,386","1,478",6.3,5,4
5231Y ,Investment Banking and Securities Dealing and Brokerage7 ,Securities origination products ,All Establishments ,Employer Firms ,"33,842","31,843","31,522",2.4,2.5,2.7
5121x ,Motion Picture and Video Production and Distribution1 ,Other production services ,All Establishments ,Employer Firms ,"3,584","3,093","2,900",6.9,7.7,5.1
621493,Freestanding Ambulatory Surgical and Emergency Centers ,"Private insurance (includes Health, Property, and Auto) ",All Establishments ,Employer Firms ,"12,665","11,573","10,824",4,2.3,2.2
6219,Other Ambulatory Health Care Services ,Patient out-of-pocket - Patients' assigned Social Security benefits ,All Establishments ,Employer Firms ,22,19,17,10,9.6,7.5
522,Credit Intermediation and Related Activities ,Total operating revenue ,All Establishments ,Employer Firms ,"1,032,590","1,048,400","1,120,199",1.7,1.4,1.4
62142,Outpatient Mental Health and Substance Abuse Centers ,Investment and property income ,All Establishments ,Employer Firms ,57,61,53,29.5,25.2,11.9
5174,Satellite Telecommunications ,Private network services ,All Establishments ,Employer Firms ,"1,843","1,729",S,3.9,4,S
51114,Directory and Mailing List Publishers ,"Directories, databases, and other collections of information - Subscriptions and sales ",All Establishments ,Employer Firms ,"2,295","2,313","2,337",3.7,3.3,3.3
561599,All Other Travel Arrangement and Reservation Services ,Commissions or fees from cruises ,All Establishments ,Employer Firms ,169,S,155,29.3,S,29.5
5171,Wired Telecommunications Carriers2 ,Fixed services - Fixed all distance telephony ,All Establishments ,Employer Firms ,"2,567","2,747","2,754",7.2,5.1,5.8
51222,Integrated Record Production/Distribution ,Total operating revenue ,All Establishments ,Employer Firms ,"7,257","7,238","8,258",0.7,0.7,0.2
712,"Museums, Historical Sites, and Similar Institutions ",Total revenue ,Establishments exempt from federal income tax ,Employer Firms ,"11,107","10,606","10,571",3.1,2.8,2.5
518,"Data Processing, Hosting, and Related Services5 ",Information technology (IT) technical support services ,All Establishments ,Employer Firms ,"3,138","2,853","2,607",11.7,10.1,8.5
56152,Tour Operators ,Pre-packaged tours - International travel ,All Establishments ,Employer Firms ,"1,777","1,687","1,699",5,6.8,6.3
6114,Business Schools and Computer and Management Training ,All other operating revenue ,All Establishments ,Employer Firms ,"1,799","1,740","1,566",12.7,12.6,11.6
624,Social Assistance ,All other non-operating revenue ,All Establishments ,Employer Firms ,"7,594","7,330","7,025",7.1,6.3,5.7
51114,Directory and Mailing List Publishers ,All other operating revenue ,All Establishments ,Employer Firms ,S,545,610,S,11.6,11.1
621391,Offices of Podiatrists ,Investment and property income ,All Establishments ,Employer Firms ,S,33,27,S,16.4,19.1
56152,Tour Operators ,Customized group tours - International travel ,All Establishments ,Employer Firms ,"1,151","1,166","1,225",10.1,10.1,11.4
484,Truck Transportation ,Motor carrier revenue ,All Establishments ,Employer Firms ,"212,446","198,945","178,938",1.5,1.5,1.5
6215,Medical and Diagnostic Laboratories ,Hospitals ,All Establishments ,Employer Firms ,"4,184","4,223","4,027",7.2,6.3,6.7
62131,Offices of Chiropractors ,Investment and property income ,All Establishments ,Employer Firms ,S,24,27,S,15.7,26.7
54186,Direct Mail Advertising ,Concept development for a direct mail advertising campaign ,All Establishments ,Employer Firms ,388,410,428,17.5,15.6,18.8
6219,Other Ambulatory Health Care Services ,Total operating revenue ,All Establishments ,Employer Firms ,"31,969","31,454","30,021",1.6,1.6,1.3
711219,Other Spectator Sports ,Total operating revenue ,Establishments subject to federal income tax ,Employer Firms ,"3,762","3,847","3,659",10.4,10.7,8.6
5112,Software Publishers ,Application software publishing - Other application software ,All Establishments ,Employer Firms ,"5,015","6,035","6,101",11.3,8.1,6.8
5171,Wired Telecommunications Carriers2 ,Fixed services - Fixed local telephony ,All Establishments ,Employer Firms ,"39,272","41,973","45,650",0.9,0.8,0.7
54186,Direct Mail Advertising ,All other operating revenue ,All Establishments ,Employer Firms ,834,807,783,11.9,12.1,9.6
561599,All Other Travel Arrangement and Reservation Services ,Commissions or fees from cruises ,All Establishments ,Employer Firms ,169,S,155,29.3,S,29.5
6211,Offices of Physicians ,Total operating revenue ,All Establishments ,Employer Firms ,"404,254","386,672","372,579",1.4,1.2,0.9
5112,Software Publishers ,System software publishing - Other systems software ,All Establishments ,Employer Firms ,"3,527","3,507","3,766",2.7,11.1,10.9
51223,Music Publishers ,Licensing revenue - Licensing of rights to use musical compositions ,All Establishments ,Employer Firms ,"2,979","2,931","2,948",2.3,2.5,2.4
2,"Includes 2002 NAICS 5171 (Wired Telecommunications Carriers), 2002 NAICS 5175 (Cable and Other Program Distribution), and a portion of 2002 NAICS 518111 (Internet Service Providers).  Historical data, 2010 and prior, have been restated to reflect comparable data on the 2007 NAICS basis.",,,,,,,,,
51223,Music Publishers ,Sale of recordings ,All Establishments ,Employer Firms ,143,153,123,6.4,4.9,4.7
6233,Community Care Facilities for the Elderly ,Patient out-of-pocket - Payments from patients and their families ,All Establishments ,Employer Firms ,"31,463","29,715","28,299",2.8,2.7,2.7
62131,Offices of Chiropractors ,"Private insurance (includes Health, Property, and Auto) ",All Establishments ,Employer Firms ,"5,725","5,629","5,431",2.4,2,1.8
486,Pipeline Transportation ,All other operating revenue ,All Establishments ,Employer Firms ,"2,781","2,777","2,670",Z,Z,Z
51113,Book Publishers ,Books - adult trade books ,All Establishments ,Employer Firms ,"6,637","7,024","7,075",3.2,3.4,3.2
6211,Offices of Physicians ,"Government (includes Medicare, Medicaid, Other Government, and Workers Compensation) ",All Establishments ,Employer Firms ,"107,841","103,814","98,652",2,2.2,1.9
515112,Radio Stations ,Total operating revenue ,All Establishments ,Employer Firms ,"12,741","12,167","12,135",2.2,1.9,1.9
51111,Newspaper Publishers ,Printing services for others ,All Establishments ,Employer Firms ,"1,448","1,313","1,258",6,6.9,7.1
5171,Wired Telecommunications Carriers2 ,Subscriber line charges ,All Establishments ,Employer Firms ,"4,347","4,347","3,430",1,1.2,1.6
56151,Travel Agencies ,Commissions or fees from lodging ,All Establishments ,Employer Firms ,"3,035","2,976","2,671",7,7.2,6.9
621491,Other Outpatient Care Centers ,Total operating revenue ,All Establishments ,Employer Firms ,"7,272","6,867","6,200",1.3,1.3,1.3
6233,Community Care Facilities for the Elderly ,Investment and property income ,All Establishments ,Employer Firms ,919,785,850,6.8,5.5,7.4
ZZ ,Absolute value is less than 0.5. ,,,,,,,,,
5231Y ,Investment Banking and Securities Dealing and Brokerage7 ,Total operating revenue ,All Establishments ,Employer Firms ,"261,822","253,964","270,412",1.3,1.5,1.5
5112,Software Publishers ,Custom application design and development ,All Establishments ,Employer Firms ,"5,670","4,385","3,989",6,8.5,8.9
71311,Amusement and Theme Parks ,Total operating revenue ,Establishments subject to federal income tax ,Employer Firms ,"14,021","13,283","12,197",1.1,1.1,0.6
54186,Direct Mail Advertising ,Fulfillment services ,All Establishments ,Employer Firms ,343,311,318,11.4,14.3,14.7
621493,Freestanding Ambulatory Surgical and Emergency Centers ,Investment and property income ,All Establishments ,Employer Firms ,137,S,S,26.2,S,S
712,"Museums, Historical Sites, and Similar Institutions ",Investment and property income ,Establishments exempt from federal income tax ,Employer Firms ,760,907,822,5.9,5.9,7.9
51113,Book Publishers ,All other operating revenue ,All Establishments ,Employer Firms ,"3,634","3,673","3,725",6.1,9.5,7.9
5412,"Accounting, Tax Preparation, Bookkeeping, and Payroll Services ",General accounting services ,All Establishments ,Employer Firms ,"6,574","5,987","6,306",9.7,10.3,11.4
62141,Outpatient Care Centers ,"Contributions, gifts, and grants received ",All Establishments ,Employer Firms ,424,380,370,8.3,8.2,7.8
5121x ,Motion Picture and Video Production and Distribution1 ,"Sale of audiovisual works for the wholesale, retail, and rental markets ",All Establishments ,Employer Firms ,"11,106","11,365","11,121",2.2,2.1,2.1
6114,Business Schools and Computer and Management Training ,All other operating revenue ,All Establishments ,Employer Firms ,"1,799","1,740","1,566",12.7,12.6,11.6
515111,Radio Networks ,Total operating revenue ,All Establishments ,Employer Firms ,"5,459","5,007","4,883",1.3,1.1,1
621391,Offices of Podiatrists ,"Private insurance (includes Health, Property, and Auto) ",All Establishments ,Employer Firms ,"1,959","1,860","1,842",3.8,4,3.7
621391,Offices of Podiatrists ,Patient out-of-pocket - Payments from patients and their families ,All Establishments ,Employer Firms ,634,610,589,4.8,4.9,5.7
56151,Travel Agencies ,Commissions or fees from automobile clubs and road and travel service ,All Establishments ,Employer Firms ,573,609,573,10.3,10,10.3
54133,Engineering Services ,Construction services ,All Establishments ,Employer Firms ,"20,316","17,669","17,102",22.5,16.1,15.4
5415,Computer Systems Design and Related Services ,IT technical consulting ,All Establishments ,Employer Firms ,"31,474","30,673","26,937",11.9,10.6,9.2
7111,Performing Arts Companies ,Admissions revenue (excluding admissions taxes) ,Establishments subject to federal income tax ,Employer Firms ,"8,269","8,683","7,894",6.4,6,5.3
622,Hospitals ,"Government (includes Medicare, Medicaid, Other Government, and Workers Compensation) ",All Establishments ,Employer Firms ,"350,140","332,137","318,628",2.4,2.2,2.3
5231Y ,Investment Banking and Securities Dealing and Brokerage7 ,Trading debt instruments on own account - Net gains (losses) ,All Establishments ,Employer Firms ,"4,488","2,704","3,373",5.2,8.1,4.6
712,"Museums, Historical Sites, and Similar Institutions ",Total revenue ,Establishments exempt from federal income tax ,Employer Firms ,"11,107","10,606","10,571",3.1,2.8,2.5
56299,All Other Waste Management Services ,Sale or brokerage of nonhazardous recyclable material ,All Establishments ,Employer Firms ,151,173,42,16.8,8.3,15.4
54182,Public Relations Agencies ,Media monitoring and analysis ,All Establishments ,Employer Firms ,93,97,63,17.3,17.4,22.9
621498,All Other Outpatient Care Centers ,"Private insurance (includes Health, Property, and Auto) ",All Establishments ,Employer Firms ,"11,273","10,968","10,722",2,1.9,1.4
515112,Radio Stations ,National/regional/local air time ,All Establishments ,Employer Firms ,"10,651","10,241","10,315",2.4,2.2,2.1
5171,Wired Telecommunications Carriers2 ,Rental and reselling services for program distribution equipment ,All Establishments ,Employer Firms ,"10,933","8,797","7,602",0.6,0.5,0.8
56151,Travel Agencies ,Commissions or fees from automobile clubs and road and travel service ,All Establishments ,Employer Firms ,573,609,573,10.3,10,10.3
56132,Temporary Help Services ,Long-term staffing ,All Establishments ,Employer Firms ,"10,497","10,894","9,627",11.9,9.3,8.4
62131,Offices of Chiropractors ,Total operating revenue ,All Establishments ,Employer Firms ,"11,432","11,005","10,642",2.2,1.8,1.5
485,Transit and Ground Passenger Transportation ,Total operating revenue ,All Establishments ,Employer Firms ,"29,971","28,256","27,020",2.3,2,1.5
621491,Other Outpatient Care Centers ,Total operating revenue ,All Establishments ,Employer Firms ,"7,272","6,867","6,200",1.3,1.3,1.3
621491,Other Outpatient Care Centers ,Investment and property income ,All Establishments ,Employer Firms ,563,529,472,1.3,1.3,1.3
561599,All Other Travel Arrangement and Reservation Services ,Total operating revenue ,All Establishments ,Employer Firms ,"15,529","14,641","13,851",5.7,4.8,4.6
481,Air Transportation ,"International, scheduled passenger transportation by air ",All Establishments ,Employer Firms ,"51,001","48,467","39,763",7.5,8.2,7.3
621492,Kidney Dialysis Centers ,"Private insurance (includes Health, Property, and Auto) ",All Establishments ,Employer Firms ,"6,262","5,655","5,399",3.1,2.8,2.3
6212,Offices of Dentists ,"Contributions, gifts, and grants received ",All Establishments ,Employer Firms ,S,S,S,S,S,S
54182,Public Relations Agencies ,Event management ,All Establishments ,Employer Firms ,S,S,474,S,S,21.5
483,Water Transportation ,Tugboat services ,All Establishments ,Employer Firms ,506,S,S,21.6,S,S
511199,All Other Publishers ,All other operating revenue ,All Establishments ,Employer Firms ,"1,388","1,306","1,299",9.2,6.4,5.9
7,Includes NAICS 52311 (Investment Banking and Securities Dealing) and NAICS 52312 (Securities Brokerage). ,,,,,,,,,
5415,Computer Systems Design and Related Services ,IT technical support ,All Establishments ,Employer Firms ,"45,107","44,805","42,199",4.5,3.5,3.3
6233,Community Care Facilities for the Elderly ,Investment and property income ,All Establishments ,Employer Firms ,919,785,850,6.8,5.5,7.4
517911,Telecommunications Resellers4 ,Fixed local telephony ,All Establishments ,Employer Firms ,"1,615","1,505",S,6.5,6.1,S
5152,Cable and Other Subscription Programming ,Air time (advertising and program content) ,All Establishments ,Employer Firms ,"23,304","23,586","21,269",0.5,0.5,0.5
5417,Scientific Research and Development Services ,Licensing of right to use intellectual property ,Establishments exempt from federal income tax ,Employer Firms ,245,285,257,5.6,16.4,5.3
5412,"Accounting, Tax Preparation, Bookkeeping, and Payroll Services ",Taxation planning and consulting services ,All Establishments ,Employer Firms ,"6,698","6,765","6,478",8.9,7.7,6.1
6215,Medical and Diagnostic Laboratories ,"Private insurance (includes Health, Property, and Auto) ",All Establishments ,Employer Firms ,"20,061","20,361","19,908",2.5,2.2,2.1
62132,Offices of Optometrists ,"Contributions, gifts, and grants received ",All Establishments ,Employer Firms ,S,S,S,S,S,S
621399,Offices of All Other Miscellaneous Health Practitioners ,Patient out-of-pocket - Patients' assigned Social Security benefits ,All Establishments ,Employer Firms ,S,S,S,S,S,S
54181,Advertising Agencies ,All other operating revenue ,All Establishments ,Employer Firms ,"2,345","2,075","2,022",20.1,13.6,12.5
621491,Other Outpatient Care Centers ,"Government (includes Medicare, Medicaid, Other Government, and Workers Compensation) ",All Establishments ,Employer Firms ,"1,360","1,304","1,206",3.7,3.7,3.8
518,"Data Processing, Hosting, and Related Services5 ",Software publishing ,All Establishments ,Employer Firms ,"2,821",S,"2,019",9.8,S,10.3
5171,Wired Telecommunications Carriers2 ,Total operating revenue ,All Establishments ,Employer Firms ,"311,451","301,727","293,929",0.7,0.6,0.5
5415,Computer Systems Design and Related Services ,All other operating revenue ,All Establishments ,Employer Firms ,"51,910","46,927","46,931",5.1,4.4,3.4
  ,  ,,,,,,,,,
