NAICS,NAICS Description,Item,Tax Status,Employer Status,2012 Revenue,2011 Revenue,2010 Revenue,2012 Coefficient of Variation,2011 Coefficient of Variation,2010 Coefficient of Variation
51112,Periodical Publishers ,Printing services for others ,All Establishments ,Employer Firms ,"1,357","1,511","1,533",19.9,16.1,15.1
51913,Internet Publishing and Broadcasting and Web Search Portals6 ,Total operating revenue ,All Establishments ,Employer Firms ,"57,534","48,487","41,725",3,2.9,2.5
6233,Community Care Facilities for the Elderly ,Other patient care revenue ,All Establishments ,Employer Firms ,"2,862","2,685","2,578",12,11.4,11.6
485,Transit and Ground Passenger Transportation ,All other operating revenue ,All Establishments ,Employer Firms ,"3,099","3,069","2,977",4.3,5.7,5.9
51213,Motion Picture and Video Exhibition ,Total operating revenue ,All Establishments ,Employer Firms ,"14,519","13,309","13,454",3.1,2.1,1.8
481,Air Transportation ,"International, scheduled passenger transportation by air ",All Establishments ,Employer Firms ,"51,001","48,467","39,763",7.5,8.2,7.3
56132,Temporary Help Services ,Long-term staffing ,All Establishments ,Employer Firms ,"10,497","10,894","9,627",11.9,9.3,8.4
621399,Offices of All Other Miscellaneous Health Practitioners ,All other non-patient care revenue ,All Establishments ,Employer Firms ,395,237,215,12.2,14.2,13.1
5231X ,Commodity Contracts Dealing and Brokerage8 ,All other operating revenue ,All Establishments ,Employer Firms ,"6,278","6,235","5,725",3.9,3.4,4.1
6231,Nursing Care Facilities (Skilled Nursing Facilities)11 ,"Contributions, gifts, and grants received ",All Establishments ,Employer Firms ,421,387,344,14.2,19.8,17
6216,Home Health Care Services ,"Contributions, gifts, and grants received ",All Establishments ,Employer Firms ,854,768,762,12.9,11.8,11.8
518,"Data Processing, Hosting, and Related Services5 ",Information and document transformation services ,All Establishments ,Employer Firms ,"2,376","2,174","2,085",12.5,8.5,8.2
51911,News Syndicates ,Total operating revenue ,All Establishments ,Employer Firms ,"2,348","2,188","1,960",4.5,3.2,3.1
5239X ,Portfolio Management and Investment Advice9 ,Total operating revenue ,All Establishments ,Employer Firms ,"205,196","199,047","190,013",2.9,2.7,2.4
6215,Medical and Diagnostic Laboratories ,Health Practitioners ,All Establishments ,Employer Firms ,"4,177","4,243","4,019",5.4,4.9,5
622,Hospitals ,"Private insurance (includes Health, Property, and Auto) ",All Establishments ,Employer Firms ,"397,251","373,264","358,206",1.7,2,1.9
51112,Periodical Publishers ,Sale or licensing of rights to content ,All Establishments ,Employer Firms ,506,482,475,13.4,15.2,15.3
5171,Wired Telecommunications Carriers2 ,Telecommunications network installation services ,All Establishments ,Employer Firms ,464,451,549,12.9,11.7,4.1
5417,Scientific Research and Development Services ,All other non-operating revenue ,Establishments exempt from federal income tax ,Employer Firms ,647,416,735,10,14.3,7.9
62142,Outpatient Mental Health and Substance Abuse Centers ,Patient out-of-pocket - Patients' assigned Social Security benefits ,All Establishments ,Employer Firms ,32,28,28,21.9,26,25.4
5417,Scientific Research and Development Services ,Basic and applied research in the biological and biomedical sciences ,Establishments exempt from federal income tax ,Employer Firms ,"4,314","4,138","3,994",5.4,5.4,5.8
6219,Other Ambulatory Health Care Services ,Patient out-of-pocket - Payments from patients and their families ,All Establishments ,Employer Firms ,"1,407","1,371","1,324",6.6,6.5,6.6
624,Social Assistance ,"Contributions, gifts, and grants received ",All Establishments ,Employer Firms ,"59,765","60,267","59,366",2,2.1,2.1
54133,Engineering Services ,Other engineering projects ,All Establishments ,Employer Firms ,"19,848","19,489","19,266",26.7,28.1,23.6
6216,Home Health Care Services ,Patient out-of-pocket - Patients' assigned Social Security benefits ,All Establishments ,Employer Firms ,31,24,27,16.4,2.7,2.5
51114,Directory and Mailing List Publishers ,"Directories, databases, and other collections of information - Advertising space ",All Establishments ,Employer Firms ,"9,323","10,064","10,401",2.5,2.3,2.3
621391,Offices of Podiatrists ,Other patient care revenue ,All Establishments ,Employer Firms ,299,257,229,19.1,20,16.4
511199,All Other Publishers ,All other operating revenue ,All Establishments ,Employer Firms ,"1,388","1,306","1,299",9.2,6.4,5.9
62133,"Offices of Mental Health Practitioners, (except Physicians) ",All other non-patient care revenue ,All Establishments ,Employer Firms ,251,225,206,12,17.3,20.9
621491,Other Outpatient Care Centers ,"Government (includes Medicare, Medicaid, Other Government, and Workers Compensation) ",All Establishments ,Employer Firms ,"1,360","1,304","1,206",3.7,3.7,3.8
5171,Wired Telecommunications Carriers2 ,Installation services for connections to program distribution networks ,All Establishments ,Employer Firms ,"1,323","1,115","1,104",20.1,21.4,21.2
62132,Offices of Optometrists ,Patient out-of-pocket - Patients' assigned Social Security benefits ,All Establishments ,Employer Firms ,S,86,88,S,24.1,24
6231,Nursing Care Facilities (Skilled Nursing Facilities)11 ,All other non-patient care revenue ,All Establishments ,Employer Firms ,"2,486","2,302","2,249",5.3,4.4,3.9
2213,"Water, Sewage and Other Systems ",Sewer system user charges ,All Establishments ,Employer Firms ,"1,657","1,645","1,483",3.9,3.5,1.6
62141,Outpatient Care Centers ,"Private insurance (includes Health, Property, and Auto) ",All Establishments ,Employer Firms ,334,317,330,3.6,2.9,2.8
56152,Tour Operators ,All other operating revenue ,All Establishments ,Employer Firms ,417,320,274,9.6,12.2,12
51113,Book Publishers ,Books - textbooks ,All Establishments ,Employer Firms ,"8,598","9,021","8,968",2.7,1.9,1.7
2211,"Electric Power Generation, Transmission and Distribution ",Sales of energy and resources - Natural gas distribution ,All Establishments ,Employer Firms ,"4,944","5,935","5,616",3.5,3.4,3.7
62134,"Offices of Physical, Occupational and Speech Therapists and Audiologists ","Private insurance (includes Health, Property, and Auto) ",All Establishments ,Employer Firms ,"8,932","8,301","7,799",3.6,3.5,3.4
515112,Radio Stations ,Public and non-commercial programming services ,All Establishments ,Employer Firms ,629,649,608,12.7,13.6,12
6231,Nursing Care Facilities (Skilled Nursing Facilities)11 ,"Contributions, gifts, and grants received ",All Establishments ,Employer Firms ,421,387,344,14.2,19.8,17
5172,Wireless Telecommunications Carriers (except Satellite)3 ,All other operating revenue ,All Establishments ,Employer Firms ,"12,911","13,270","11,784",3.4,2.9,3.4
6231,Nursing Care Facilities (Skilled Nursing Facilities)11 ,Patient out-of-pocket - Patients' assigned Social Security benefits ,All Establishments ,Employer Firms ,"1,474","1,295","1,262",5.2,6.3,6.3
813,"Religious, Grantmaking, Civic, Professional, and Similar Organizations12 ",Investment and property income ,All Establishments ,Employer Firms ,"19,957","15,183","20,002",6.4,7.5,7.3
621391,Offices of Podiatrists ,All other non-patient care revenue ,All Establishments ,Employer Firms ,51,S,S,22.4,S,S
6,"Includes 2002 NAICS 516 (Internet Publishing and Broadcasting) and 2002 NAICS 518112 (Web Search Portals).  Historical data, 2010 and prior, have been restated to reflect comparable data on the 2007 NAICS basis. ",,,,,,,,,
6115,Technical and Trade Schools ,Total operating revenue ,All Establishments ,Employer Firms ,"15,478","15,822","14,991",3.9,4.2,2.8
621491,Other Outpatient Care Centers ,Patient out-of-pocket - Payments from patients and their families ,All Establishments ,Employer Firms ,297,284,254,1.2,1.2,1.2
51114,Directory and Mailing List Publishers ,Rental or sale of mailing lists ,All Establishments ,Employer Firms ,S,118,127,S,29.4,26.4
6212,Offices of Dentists ,Patient out-of-pocket - Patients' assigned Social Security benefits ,All Establishments ,Employer Firms ,520,631,645,25,21.8,22.9
813,"Religious, Grantmaking, Civic, Professional, and Similar Organizations12 ",Program service ,All Establishments ,Employer Firms ,"50,878","50,264","48,534",3,2.5,2.2
Z ,Absolute value is less than 0.05 ,,,,,,,,,
56299,All Other Waste Management Services ,Sale or brokerage of nonhazardous recyclable material ,All Establishments ,Employer Firms ,151,173,42,16.8,8.3,15.4
54133,Engineering Services ,Residential engineering projects ,All Establishments ,Employer Firms ,S,S,S,S,S,S
5231X ,Commodity Contracts Dealing and Brokerage8 ,Brokering and dealing other financial instruments ,All Establishments ,Employer Firms ,"1,730","3,079","1,834",5.3,4.4,4.3
51222,Integrated Record Production/Distribution ,Licensing revenue - Licensing of rights to use musical compositions ,All Establishments ,Employer Firms ,"1,167","1,126","1,040",2.5,2.4,2.4
5174,Satellite Telecommunications ,Private network services ,All Establishments ,Employer Firms ,"1,843","1,729",S,3.9,4,S
3,"Includes 2002 NAICS 517211 (Paging), 2002 NAICS 517212 (Cellular and Other Wireless Telecommunications) and a portion of 2002 NAICS 518111 (Internet Service Providers).  Historical data, 2010 and prior, have been restated to reflect comparable data on the 2007 NAICS basis. ",,,,,,,,,
62142,Outpatient Mental Health and Substance Abuse Centers ,Other patient care revenue ,All Establishments ,Employer Firms ,"1,138","1,228","1,204",11.5,9.5,9.7
621498,All Other Outpatient Care Centers ,All other non-patient care revenue ,All Establishments ,Employer Firms ,"2,010","2,494","2,375",4.5,3.7,4.1
54181,Advertising Agencies ,All other operating revenue ,All Establishments ,Employer Firms ,"2,345","2,075","2,022",20.1,13.6,12.5
6233,Community Care Facilities for the Elderly ,Total operating revenue ,All Establishments ,Employer Firms ,"51,346","49,022","46,594",1.9,1.6,1.4
6239,Other Residential Care Facilities ,Other patient care revenue ,All Establishments ,Employer Firms ,S,519,504,S,5.6,6.1
54181,Advertising Agencies ,All other operating revenue ,All Establishments ,Employer Firms ,"2,345","2,075","2,022",20.1,13.6,12.5
51223,Music Publishers ,Licensing revenue - Licensing of rights to use musical recordings ,All Establishments ,Employer Firms ,39,34,17,13.2,13.7,15.5
518,"Data Processing, Hosting, and Related Services5 ","Data processing, information technology (IT) infrastructure provisioning, and hosting services ",All Establishments ,Employer Firms ,"61,604","56,734","53,108",4,3.9,3.7
2211,"Electric Power Generation, Transmission and Distribution ",Sales of energy and resources - Other revenue from sales of energy ,All Establishments ,Employer Firms ,"8,994","8,855","9,333",3.6,2.7,3.8
5172,Wireless Telecommunications Carriers (except Satellite)3 ,Telecommunication network installation services ,All Establishments ,Employer Firms ,160,S,S,7.9,S,S
5417,Scientific Research and Development Services ,Basic and applied research in engineering and technology ,Establishments exempt from federal income tax ,Employer Firms ,"8,399","8,735","8,152",3.9,3.3,3.3
51113,Book Publishers ,"Books - professional, technical, and scholarly books ",All Establishments ,Employer Firms ,"4,417","4,246","4,365",3.8,4.5,4.4
54182,Public Relations Agencies ,Media monitoring and analysis ,All Establishments ,Employer Firms ,93,97,63,17.3,17.4,22.9
62133,"Offices of Mental Health Practitioners, (except Physicians) ",All other non-patient care revenue ,All Establishments ,Employer Firms ,251,225,206,12,17.3,20.9
5621,Waste Collection ,Non-residential nonhazardous waste and recyclable material collection services ,All Establishments ,Employer Firms ,"20,919","20,327","20,262",4.1,3.7,4.3
62141,Outpatient Care Centers ,"Private insurance (includes Health, Property, and Auto) ",All Establishments ,Employer Firms ,334,317,330,3.6,2.9,2.8
5172,Wireless Telecommunications Carriers (except Satellite)3 ,Mobile long-distance ,All Establishments ,Employer Firms ,"3,354","3,505","3,761",5.3,4.3,3.4
711211,Sports Teams and Clubs ,Total operating revenue ,Establishments subject to federal income tax ,Employer Firms ,"22,581","22,421","21,504",4.8,3.8,2.9
561599,All Other Travel Arrangement and Reservation Services ,"Commissions or fees from airline seats, domestic destinations ",All Establishments ,Employer Firms ,185,198,249,4.7,4.8,4.9
6211,Offices of Physicians ,Other patient care revenue ,All Establishments ,Employer Firms ,"55,102","51,366","52,450",4.7,5,3.4
515112,Radio Stations ,All other operating revenue ,All Establishments ,Employer Firms ,"1,461","1,277","1,212",2.9,4.5,4.5
6233,Community Care Facilities for the Elderly ,"Government (includes Medicare, Medicaid, Other Government, and Workers Compensation) ",All Establishments ,Employer Firms ,"10,475","10,432","9,746",5,4.8,4.6
6215,Medical and Diagnostic Laboratories ,"Government (includes Medicare, Medicaid, Other Government, and Workers Compensation) ",All Establishments ,Employer Firms ,"10,150","10,433","9,873",2.5,1.9,1.9
6212,Offices of Dentists ,Total operating revenue ,All Establishments ,Employer Firms ,"106,042","103,803","101,619",2.2,1.7,1
5239X ,Portfolio Management and Investment Advice9 ,All other operating revenue ,All Establishments ,Employer Firms ,"37,869","39,900","42,904",6.2,6.4,4.9
621498,All Other Outpatient Care Centers ,"Private insurance (includes Health, Property, and Auto) ",All Establishments ,Employer Firms ,"11,273","10,968","10,722",2,1.9,1.4
54161,Management Consulting Services10 ,All other operating revenue ,All Establishments ,Employer Firms ,"18,549","19,103","18,316",5.9,4.9,4.1
621491,Other Outpatient Care Centers ,Total operating revenue ,All Establishments ,Employer Firms ,"7,272","6,867","6,200",1.3,1.3,1.3
54161,Management Consulting Services10 ,All other operating revenue ,All Establishments ,Employer Firms ,"18,549","19,103","18,316",5.9,4.9,4.1
621391,Offices of Podiatrists ,"Contributions, gifts, and grants received ",All Establishments ,Employer Firms ,S,S,4,S,S,23.6
483,Water Transportation ,Towing services by water ,All Establishments ,Employer Firms ,843,738,565,9.3,9.3,10.6
5171,Wired Telecommunications Carriers2 ,Fixed services - Fixed local telephony ,All Establishments ,Employer Firms ,"39,272","41,973","45,650",0.9,0.8,0.7
5231X ,Commodity Contracts Dealing and Brokerage8 ,Brokering and dealing products - Equities ,All Establishments ,Employer Firms ,387,963,992,6.1,4.3,4.4
6211,Offices of Physicians ,All other non-patient care revenue ,All Establishments ,Employer Firms ,"19,595","15,992","14,800",6,6.7,5.5
62134,"Offices of Physical, Occupational and Speech Therapists and Audiologists ","Government (includes Medicare, Medicaid, Other Government, and Workers Compensation) ",All Establishments ,Employer Firms ,"8,311","8,083","7,930",4.4,3.9,3.3
5417,Scientific Research and Development Services ,Production services for development ,Establishments exempt from federal income tax ,Employer Firms ,28,94,89,16.5,22.8,26.1
51112,Periodical Publishers ,All other operating revenue ,All Establishments ,Employer Firms ,"7,147","7,466","7,703",6.4,4.6,4.5
62131,Offices of Chiropractors ,"Government (includes Medicare, Medicaid, Other Government, and Workers Compensation) ",All Establishments ,Employer Firms ,"1,385","1,357","1,316",4.2,4.9,4.8
6211,Offices of Physicians ,"Private insurance (includes Health, Property, and Auto) ",All Establishments ,Employer Firms ,"181,944","175,545","168,738",1.9,1.5,1.6
6117,Educational Support Services ,Total operating revenue ,All Establishments ,Employer Firms ,"13,147","12,932","12,247",2.3,2.7,2.1
622,Hospitals ,Patient out-of-pocket - Payments from patients and their families ,All Establishments ,Employer Firms ,"38,171","34,597","32,915",3.6,3.5,3.6
621391,Offices of Podiatrists ,"Private insurance (includes Health, Property, and Auto) ",All Establishments ,Employer Firms ,"1,959","1,860","1,842",3.8,4,3.7
621491,Other Outpatient Care Centers ,Patient out-of-pocket - Patients' assigned Social Security benefits ,All Establishments ,Employer Firms ,S,S,ZZ,S,S,3.1
5112,Software Publishers ,System software publishing - Development tools and programming languages software ,All Establishments ,Employer Firms ,"3,524","3,127","3,170",19.1,8.3,9.8
621391,Offices of Podiatrists ,Patient out-of-pocket - Patients' assigned Social Security benefits ,All Establishments ,Employer Firms ,40,39,38,18.5,25.5,25.4
3,"Includes 2002 NAICS 517211 (Paging), 2002 NAICS 517212 (Cellular and Other Wireless Telecommunications) and a portion of 2002 NAICS 518111 (Internet Service Providers).  Historical data, 2010 and prior, have been restated to reflect comparable data on the 2007 NAICS basis. ",,,,,,,,,
5174,Satellite Telecommunications ,Total operating revenue ,All Establishments ,Employer Firms ,"5,525","5,395","5,296",3.6,3.7,3.1
561599,All Other Travel Arrangement and Reservation Services ,Commissions or fees from computerized reservation systems ,All Establishments ,Employer Firms ,"1,713","1,668","1,629",5,4.1,4.5
5231Y ,Investment Banking and Securities Dealing and Brokerage7 ,Brokering and dealing products - Debt instruments ,All Establishments ,Employer Firms ,"39,988","34,219","34,000",2.5,2.5,2.5
2211,"Electric Power Generation, Transmission and Distribution ",Sales of energy and resources - Other revenue from sales of energy ,All Establishments ,Employer Firms ,"8,994","8,855","9,333",3.6,2.7,3.8
5622,Waste Treatment and Disposal ,All other operating revenue ,All Establishments ,Employer Firms ,"2,323","1,979","1,867",8.6,6,4.7
6233,Community Care Facilities for the Elderly ,Patient out-of-pocket - Payments from patients and their families ,All Establishments ,Employer Firms ,"31,463","29,715","28,299",2.8,2.7,2.7
62132,Offices of Optometrists ,"Private insurance (includes Health, Property, and Auto) ",All Establishments ,Employer Firms ,"4,447","4,310","4,161",3.2,2.3,1.8
51112,Periodical Publishers ,Printing services for others ,All Establishments ,Employer Firms ,"1,357","1,511","1,533",19.9,16.1,15.1
51223,Music Publishers ,Print music ,All Establishments ,Employer Firms ,266,281,267,3,3.2,3.2
54161,Management Consulting Services10 ,"Marketing management consulting, and consulting combined with implementation ",All Establishments ,Employer Firms ,"15,136","13,831","12,606",7.4,6.6,6.5
5172,Wireless Telecommunications Carriers (except Satellite)3 ,Telecommunication network installation services ,All Establishments ,Employer Firms ,160,S,S,7.9,S,S
517911,Telecommunications Resellers4 ,Total operating revenue ,All Establishments ,Employer Firms ,"9,945","9,683","9,817",6.7,5.6,4.4
5112,Software Publishers ,Application software publishing - General business productivity and home use applications ,All Establishments ,Employer Firms ,"28,039","27,990","25,731",6.6,6.2,4.8
71311,Amusement and Theme Parks ,All other operating revenue ,Establishments subject to federal income tax ,Employer Firms ,"5,602","5,265","4,999",1.3,1.3,0.8
2212,Natural Gas Distribution ,All other operating revenue ,All Establishments ,Employer Firms ,D,"3,276","3,235",D,3.6,5.4
5412,"Accounting, Tax Preparation, Bookkeeping, and Payroll Services ",General accounting services ,All Establishments ,Employer Firms ,"6,574","5,987","6,306",9.7,10.3,11.4
5152,Cable and Other Subscription Programming ,Advertising and program revenue - Licensing of rights to broadcast specialty programming protected by copyright ,All Establishments ,Employer Firms ,"36,764","33,821","31,354",0.7,0.7,0.7
56151,Travel Agencies ,Commissions or fees from other travel arrangement services revenue ,All Establishments ,Employer Firms ,373,483,407,7.4,7.7,9.3
483,Water Transportation ,Transportation of freight and cargo by water ,All Establishments ,Employer Firms ,"18,764","18,638","17,369",1.3,1,1
51911,News Syndicates ,Licensing of rights to use syndicated media content ,All Establishments ,Employer Firms ,"1,758","1,740","1,614",5.4,4.4,4.5
5172,Wireless Telecommunications Carriers (except Satellite)3 ,"Reselling services for telecommunications equipment, retail ",All Establishments ,Employer Firms ,"23,073","20,627","18,575",1.3,0.8,0.7
5231X ,Commodity Contracts Dealing and Brokerage8 ,Management of financial market clearing products ,All Establishments ,Employer Firms ,400,427,429,13.3,15.2,10.6
483,Water Transportation ,Towing services by water ,All Establishments ,Employer Firms ,843,738,565,9.3,9.3,10.6
5171,Wired Telecommunications Carriers2 ,Private network services ,All Establishments ,Employer Firms ,"22,253","22,222","21,977",2.2,2.3,1.8
483,Water Transportation ,Sightseeing by water ,All Establishments ,Employer Firms ,S,S,S,S,S,S
483,Water Transportation ,All other operating revenue ,All Establishments ,Employer Firms ,"1,662","1,431","1,445",5.4,5.5,5
5239X ,Portfolio Management and Investment Advice9 ,Financial planning and investment management services for individuals ,All Establishments ,Employer Firms ,"65,449","62,494","60,620",5.8,5.5,4.8
5121x ,Motion Picture and Video Production and Distribution1 ,Other production services ,All Establishments ,Employer Firms ,"3,584","3,093","2,900",6.9,7.7,5.1
5417,Scientific Research and Development Services ,Investment and property income ,Establishments exempt from federal income tax ,Employer Firms ,"1,600","1,845","1,127",4,9.4,9
6239,Other Residential Care Facilities ,Patient out-of-pocket - Patients' assigned Social Security benefits ,All Establishments ,Employer Firms ,S,26,S,S,29.2,S
5417,Scientific Research and Development Services ,Original works of intellectual property ,Establishments subject to federal income tax ,Employer Firms ,S,S,S,S,S,S
6233,Community Care Facilities for the Elderly ,Total operating revenue ,All Establishments ,Employer Firms ,"51,346","49,022","46,594",1.9,1.6,1.4
485,Transit and Ground Passenger Transportation ,"Local, fixed-route passenger transportation by road and transit rail ",All Establishments ,Employer Firms ,"8,190","7,536","7,219",6.3,5.3,4.9
515111,Radio Networks ,Public and non-commercial programming services ,All Establishments ,Employer Firms ,415,405,391,10.1,11,11.3
5239X ,Portfolio Management and Investment Advice9 ,Financial planning and investment management services for businesses and governments ,All Establishments ,Employer Firms ,"90,679","86,267","76,236",4.1,4.2,4
6114,Business Schools and Computer and Management Training ,All other operating revenue ,All Establishments ,Employer Firms ,"1,799","1,740","1,566",12.7,12.6,11.6
621498,All Other Outpatient Care Centers ,"Government (includes Medicare, Medicaid, Other Government, and Workers Compensation) ",All Establishments ,Employer Firms ,"12,119","11,190","10,431",2.3,2.3,2.1
54133,Engineering Services ,"Commercial, public, and institutional engineering projects ",All Establishments ,Employer Firms ,"13,718","12,054","10,611",21.6,21.8,20
561599,All Other Travel Arrangement and Reservation Services ,Total operating revenue ,All Establishments ,Employer Firms ,"15,529","14,641","13,851",5.7,4.8,4.6
51111,Newspaper Publishers ,Subscriptions and sales ,All Establishments ,Employer Firms ,"8,570","8,570","8,753",2.8,2.3,2.4
6114,Business Schools and Computer and Management Training ,Total operating revenue ,All Establishments ,Employer Firms ,"10,106","10,144","9,494",3.5,3.3,3.1
2211,"Electric Power Generation, Transmission and Distribution ",Sales of energy and resources - Other revenue from sales of energy ,All Establishments ,Employer Firms ,"8,994","8,855","9,333",3.6,2.7,3.8
5239X ,Portfolio Management and Investment Advice9 ,Financial planning and investment management services for individuals ,All Establishments ,Employer Firms ,"65,449","62,494","60,620",5.8,5.5,4.8
5121x ,Motion Picture and Video Production and Distribution1 ,Domestic licensing of rights to television programs ,All Establishments ,Employer Firms ,"12,796","12,355","11,364",8.9,2.6,2.4
10,"A portion of NAICS 54161 (Management Consulting Services) moved to NAICS 56131 (Employment Placement Agencies and Executive Search Services) with the 2007 NAICS update. Historical data, 2010 and prior, have been restated to reflect comparable data on the 2007 NAICS basis. ",,,,,,,,,
51223,Music Publishers ,Print music ,All Establishments ,Employer Firms ,266,281,267,3,3.2,3.2
54131,Architectural Services ,Landscape architectural services ,All Establishments ,Employer Firms ,106,121,166,23.4,15.8,22.1
515112,Radio Stations ,Total operating revenue ,All Establishments ,Employer Firms ,"12,741","12,167","12,135",2.2,1.9,1.9
6239,Other Residential Care Facilities ,Total operating revenue ,All Establishments ,Employer Firms ,"8,534","8,308","8,196",2.6,2,2.3
621498,All Other Outpatient Care Centers ,Total operating revenue ,All Establishments ,Employer Firms ,"34,891","33,416","31,709",1.4,1.2,1.2
51913,Internet Publishing and Broadcasting and Web Search Portals6 ,Online advertising space ,All Establishments ,Employer Firms ,"30,770","26,248","22,523",2.7,3,2.6
56151,Travel Agencies ,Commissions or fees from automobile clubs and road and travel service ,All Establishments ,Employer Firms ,573,609,573,10.3,10,10.3
5622,Waste Treatment and Disposal ,Total operating revenue ,All Establishments ,Employer Firms ,"15,611","14,858","14,097",2.9,2.3,2.2
6239,Other Residential Care Facilities ,All other non-patient care revenue ,All Establishments ,Employer Firms ,282,268,238,6.9,7.4,4.8
54131,Architectural Services ,Single-family residential projects ,All Establishments ,Employer Firms ,"2,314","2,274","2,180",18.4,18.5,16.2
54186,Direct Mail Advertising ,Letter shop services ,All Establishments ,Employer Firms ,"1,645","1,530","1,468",9.1,7.9,7.7
6233,Community Care Facilities for the Elderly ,Investment and property income ,All Establishments ,Employer Firms ,919,785,850,6.8,5.5,7.4
54182,Public Relations Agencies ,Total operating revenue ,All Establishments ,Employer Firms ,"10,931","10,285","10,004",3.9,3.9,3.3
621491,Other Outpatient Care Centers ,Total operating revenue ,All Establishments ,Employer Firms ,"7,272","6,867","6,200",1.3,1.3,1.3
485,Transit and Ground Passenger Transportation ,"Long-distance, fixed-route passenger transportation by road ",All Establishments ,Employer Firms ,"3,262","3,011","2,849",5.5,4.8,5.2
54131,Architectural Services ,Single-family residential projects ,All Establishments ,Employer Firms ,"2,314","2,274","2,180",18.4,18.5,16.2
62132,Offices of Optometrists ,Patient out-of-pocket - Payments from patients and their families ,All Establishments ,Employer Firms ,"5,285","5,021","4,923",3.1,3.4,2.9
515111,Radio Networks ,National/regional/local air time ,All Establishments ,Employer Firms ,"1,135","1,049","1,118",4.1,4.8,4.1
62131,Offices of Chiropractors ,"Contributions, gifts, and grants received ",All Establishments ,Employer Firms ,S,S,S,S,S,S
5112,Software Publishers ,Custom application design and development ,All Establishments ,Employer Firms ,"5,670","4,385","3,989",6,8.5,8.9
5415,Computer Systems Design and Related Services ,All other operating revenue ,All Establishments ,Employer Firms ,"51,910","46,927","46,931",5.1,4.4,3.4
54182,Public Relations Agencies ,Total operating revenue ,All Establishments ,Employer Firms ,"10,931","10,285","10,004",3.9,3.9,3.3
54181,Advertising Agencies ,Total operating revenue ,All Establishments ,Employer Firms ,"39,826","35,437","33,476",5.2,4.3,4.4
62133,"Offices of Mental Health Practitioners, (except Physicians) ",Patient out-of-pocket - Payments from patients and their families ,All Establishments ,Employer Firms ,"1,357","1,227","1,129",9.5,7.2,6.8
6232,"Residential Intellectual and Developmental Disability, Mental Health and Substance Abuse Facilities11 ",Other patient care revenue ,All Establishments ,Employer Firms ,"1,824","1,794","1,801",11.9,10.3,10.2
51913,Internet Publishing and Broadcasting and Web Search Portals6 ,Online advertising space ,All Establishments ,Employer Firms ,"30,770","26,248","22,523",2.7,3,2.6
51222,Integrated Record Production/Distribution ,All other operating revenue ,All Establishments ,Employer Firms ,D,865,869,D,5.1,4.8
62142,Outpatient Mental Health and Substance Abuse Centers ,Patient out-of-pocket - Payments from patients and their families ,All Establishments ,Employer Firms ,744,675,618,10,13,9.9
ZZ ,Absolute value is less than 0.5. ,,,,,,,,,
621391,Offices of Podiatrists ,Patient out-of-pocket - Patients' assigned Social Security benefits ,All Establishments ,Employer Firms ,40,39,38,18.5,25.5,25.4
6212,Offices of Dentists ,"Government (includes Medicare, Medicaid, Other Government, and Workers Compensation) ",All Establishments ,Employer Firms ,"9,957","11,049","10,982",5.8,8.5,6.9
62132,Offices of Optometrists ,Other patient care revenue ,All Establishments ,Employer Firms ,858,832,781,11.8,8.3,8.6
481,Air Transportation ,"Domestic, non-scheduled passenger by air ",All Establishments ,Employer Firms ,"8,199","7,922","7,296",1.5,1.3,1.1
S ,"Estimate does not meet publication standards because of high sampling variability (coefficient of variation is greater than 30%) or poor response quality (total quantity response rate is less than 50%) or other concerns about the estimate's quality.  Unpublished estimates derived from this table by subtraction are subject to these same limitations and should not be attributed to the U.S. Census Bureau.  For a description of publication standards and the total quantity response rate, see http://www.census.gov/quality/standards/standardf1.html. ",,,,,,,,,
5152,Cable and Other Subscription Programming ,All other operating revenue ,All Establishments ,Employer Firms ,"4,100","2,911","2,545",5.8,5.9,5.4
  ,  ,,,,,,,,,
6114,Business Schools and Computer and Management Training ,"Occupational, technical, and trade; professional development; and management training programs and courses ",All Establishments ,Employer Firms ,"8,307","8,404","7,928",3.4,3.3,3.4
6215,Medical and Diagnostic Laboratories ,"Private insurance (includes Health, Property, and Auto) ",All Establishments ,Employer Firms ,"20,061","20,361","19,908",2.5,2.2,2.1
5172,Wireless Telecommunications Carriers (except Satellite)3 ,Mobile telephony ,All Establishments ,Employer Firms ,"54,472","56,179","56,418",1.6,0.9,0.8
62142,Outpatient Mental Health and Substance Abuse Centers ,Patient out-of-pocket - Patients' assigned Social Security benefits ,All Establishments ,Employer Firms ,32,28,28,21.9,26,25.4
2213,"Water, Sewage and Other Systems ",Water sales ,All Establishments ,Employer Firms ,"8,627","8,292","8,033",2.6,2,2.1
6216,Home Health Care Services ,"Contributions, gifts, and grants received ",All Establishments ,Employer Firms ,854,768,762,12.9,11.8,11.8
5172,Wireless Telecommunications Carriers (except Satellite)3 ,Repair and maintenance services for telecommunications equipment ,All Establishments ,Employer Firms ,S,"1,480","1,335",S,4.9,5.4
56151,Travel Agencies ,"Commissions or fees from airline seats, domestic destinations ",All Establishments ,Employer Firms ,"1,447","1,429","1,415",7.8,7.9,8.2
51512,Television Broadcasting ,Total operating revenue ,All Establishments ,Employer Firms ,"38,765","35,293","35,334",1.2,1.8,1.2
5415,Computer Systems Design and Related Services ,Total operating revenue ,All Establishments ,Employer Firms ,"320,236","303,354","283,790",2,1.8,1.7
621491,Other Outpatient Care Centers ,Patient out-of-pocket - Payments from patients and their families ,All Establishments ,Employer Firms ,297,284,254,1.2,1.2,1.2
5171,Wired Telecommunications Carriers2 ,Internet telephony ,All Establishments ,Employer Firms ,"14,173","12,324","10,299",0.8,0.8,0.9
6216,Home Health Care Services ,Patient out-of-pocket - Payments from patients and their families ,All Establishments ,Employer Firms ,"3,960","3,725","3,410",14.8,13.4,12.5
62141,Outpatient Care Centers ,Total operating revenue ,All Establishments ,Employer Firms ,"2,002","1,914","1,864",3.3,3.1,2.8
62132,Offices of Optometrists ,Patient out-of-pocket - Payments from patients and their families ,All Establishments ,Employer Firms ,"5,285","5,021","4,923",3.1,3.4,2.9
56152,Tour Operators ,All other operating revenue ,All Establishments ,Employer Firms ,417,320,274,9.6,12.2,12
511199,All Other Publishers ,Sale of advertising space ,All Establishments ,Employer Firms ,439,436,456,17.4,14.3,13
51213,Motion Picture and Video Exhibition ,Total operating revenue ,All Establishments ,Employer Firms ,"14,519","13,309","13,454",3.1,2.1,1.8
56152,Tour Operators ,Customized group tours - International travel ,All Establishments ,Employer Firms ,"1,151","1,166","1,225",10.1,10.1,11.4
5172,Wireless Telecommunications Carriers (except Satellite)3 ,All other operating revenue ,All Establishments ,Employer Firms ,"12,911","13,270","11,784",3.4,2.9,3.4
621493,Freestanding Ambulatory Surgical and Emergency Centers ,"Private insurance (includes Health, Property, and Auto) ",All Establishments ,Employer Firms ,"12,665","11,573","10,824",4,2.3,2.2
2212,Natural Gas Distribution ,Sales of energy and resources - Other revenue from sales of energy ,All Establishments ,Employer Firms ,"8,384","11,019","11,134",4.2,5.4,6.3
62131,Offices of Chiropractors ,Investment and property income ,All Establishments ,Employer Firms ,S,24,27,S,15.7,26.7
5231Y ,Investment Banking and Securities Dealing and Brokerage7 ,Repurchase agreements - Net gains (losses) ,All Establishments ,Employer Firms ,"7,877","7,533","8,177",1.6,1.4,1.8
51213,Motion Picture and Video Exhibition ,All other operating revenue ,All Establishments ,Employer Firms ,498,330,315,12.7,22.5,23.9
5417,Scientific Research and Development Services ,Total operating revenue ,Establishments exempt from federal income tax ,Employer Firms ,"33,616","33,394","31,287",2.3,1.9,2.1
5231Y ,Investment Banking and Securities Dealing and Brokerage7 ,Trading equities on own account - Net gains (losses) ,All Establishments ,Employer Firms ,"3,954","3,757","1,818",5,5.1,6.2
6232,"Residential Intellectual and Developmental Disability, Mental Health and Substance Abuse Facilities11 ",Patient out-of-pocket - Payments from patients and their families ,All Establishments ,Employer Firms ,"1,983","1,833","1,735",8.4,8.7,8.3
561599,All Other Travel Arrangement and Reservation Services ,Commissions or fees from lodging ,All Establishments ,Employer Firms ,"2,009","1,651","1,625",4.7,4.5,4.6
621399,Offices of All Other Miscellaneous Health Practitioners ,Investment and property income ,All Establishments ,Employer Firms ,S,S,6,S,S,25.1
6115,Technical and Trade Schools ,"Occupational, technical, and trade; professional development; and management training programs and courses ",All Establishments ,Employer Firms ,"13,365","13,394","12,801",4.4,4.9,3.7
6239,Other Residential Care Facilities ,Other patient care revenue ,All Establishments ,Employer Firms ,S,519,504,S,5.6,6.1
5171,Wired Telecommunications Carriers2 ,Premium programming package ,All Establishments ,Employer Firms ,"23,592","23,392","21,246",0.9,0.5,0.5
5171,Wired Telecommunications Carriers2 ,Fixed services - Fixed all distance telephony ,All Establishments ,Employer Firms ,"2,567","2,747","2,754",7.2,5.1,5.8
5417,Scientific Research and Development Services ,"Basic and applied research in natural and exact sciences, except biological sciences ",Establishments subject to federal income tax ,Employer Firms ,"9,264","9,102","9,248",7.1,5.7,6.4
62134,"Offices of Physical, Occupational and Speech Therapists and Audiologists ","Government (includes Medicare, Medicaid, Other Government, and Workers Compensation) ",All Establishments ,Employer Firms ,"8,311","8,083","7,930",4.4,3.9,3.3
6211,Offices of Physicians ,Patient out-of-pocket - Payments from patients and their families ,All Establishments ,Employer Firms ,"34,470","34,882","32,928",4.8,4.6,4.4
6216,Home Health Care Services ,Patient out-of-pocket - Patients' assigned Social Security benefits ,All Establishments ,Employer Firms ,31,24,27,16.4,2.7,2.5
51222,Integrated Record Production/Distribution ,All other operating revenue ,All Establishments ,Employer Firms ,D,865,869,D,5.1,4.8
517911,Telecommunications Resellers4 ,Fixed local telephony ,All Establishments ,Employer Firms ,"1,615","1,505",S,6.5,6.1,S
5417,Scientific Research and Development Services ,Basic and applied research in the social sciences and humanities ,Establishments exempt from federal income tax ,Employer Firms ,"2,133","1,848","1,744",5.7,6.2,5.9
6116,Other Schools and Instruction ,"Occupational, technical, and trade; professional development; and management training programs and courses ",All Establishments ,Employer Firms ,"13,040","12,308","11,428",4.4,4.3,4
621391,Offices of Podiatrists ,"Private insurance (includes Health, Property, and Auto) ",All Establishments ,Employer Firms ,"1,959","1,860","1,842",3.8,4,3.7
517911,Telecommunications Resellers4 ,All other operating revenue ,All Establishments ,Employer Firms ,"2,546","2,669","2,720",8.2,7.4,5.1
54133,Engineering Services ,Engineering advisory and drafting services ,All Establishments ,Employer Firms ,"3,930","4,622","4,724",16.8,18.3,19.3
483,Water Transportation ,Total operating revenue ,All Establishments ,Employer Firms ,"37,630","36,560","34,836",0.7,0.6,0.5
622,Hospitals ,"Contributions, gifts, and grants received ",All Establishments ,Employer Firms ,"16,949","16,254","15,418",16.2,15.5,15.9
51213,Motion Picture and Video Exhibition ,Rental of retail space (concessionaire space in movie theaters) ,All Establishments ,Employer Firms ,70,62,61,10.5,8.9,9.8
2211,"Electric Power Generation, Transmission and Distribution ",Sewer system user charges ,All Establishments ,Employer Firms ,20,19,32,Z,3.6,0.2
51111,Newspaper Publishers ,Subscriptions and sales ,All Establishments ,Employer Firms ,"8,570","8,570","8,753",2.8,2.3,2.4
51219,Postproduction Services and Other Motion Picture and Video Industries ,Motion picture film laboratory services ,All Establishments ,Employer Firms ,S,320,419,S,3.6,2.4
621399,Offices of All Other Miscellaneous Health Practitioners ,Total operating revenue ,All Establishments ,Employer Firms ,"5,064","4,779","4,463",4.5,4,4.6
5622,Waste Treatment and Disposal ,Total operating revenue ,All Establishments ,Employer Firms ,"15,611","14,858","14,097",2.9,2.3,2.2
6114,Business Schools and Computer and Management Training ,Total operating revenue ,All Establishments ,Employer Firms ,"10,106","10,144","9,494",3.5,3.3,3.1
54186,Direct Mail Advertising ,Letter shop services ,All Establishments ,Employer Firms ,"1,645","1,530","1,468",9.1,7.9,7.7
712,"Museums, Historical Sites, and Similar Institutions ",All other non-operating revenue ,Establishments exempt from federal income tax ,Employer Firms ,"1,460","1,315","1,533",5.3,11.5,5.9
54133,Engineering Services ,Industrial and manufacturing engineering projects ,All Establishments ,Employer Firms ,"33,288","31,502","26,971",8.4,11.1,12.4
54133,Engineering Services ,Construction services ,All Establishments ,Employer Firms ,"20,316","17,669","17,102",22.5,16.1,15.4
621399,Offices of All Other Miscellaneous Health Practitioners ,"Government (includes Medicare, Medicaid, Other Government, and Workers Compensation) ",All Establishments ,Employer Firms ,"1,161","1,202","1,145",6.2,5,5.4
5231X ,Commodity Contracts Dealing and Brokerage8 ,Trading derivative contracts on own account - Net gains (losses) ,All Establishments ,Employer Firms ,"1,666",-579,"2,078",6.5,-11.5,4.9
D ,Estimate in table is withheld to avoid disclosing data of individual companies; data are included in higher level totals. ,,,,,,,,,
54133,Engineering Services ,All other operating revenue ,All Establishments ,Employer Firms ,"34,356","40,408","40,694",12.4,11.2,11.7
5112,Software Publishers ,System software publishing - Other systems software ,All Establishments ,Employer Firms ,"3,527","3,507","3,766",2.7,11.1,10.9
711211,Sports Teams and Clubs ,Admissions revenue (excluding admissions taxes) ,Establishments subject to federal income tax ,Employer Firms ,"8,458","8,494","7,846",6.4,7.7,6.6
5121x ,Motion Picture and Video Production and Distribution1 ,International licensing of rights to television programs ,All Establishments ,Employer Firms ,"3,737","3,545","3,175",2.7,1.9,1.9
5171,Wired Telecommunications Carriers2 ,Air time (advertising and program content) ,All Establishments ,Employer Firms ,S,"5,146","5,051",S,0.6,0.5
621491,Other Outpatient Care Centers ,"Government (includes Medicare, Medicaid, Other Government, and Workers Compensation) ",All Establishments ,Employer Firms ,"1,360","1,304","1,206",3.7,3.7,3.8
484,Truck Transportation ,All other operating revenue ,All Establishments ,Employer Firms ,"18,186","16,939","15,678",4.8,5,5.4
54161,Management Consulting Services10 ,All other consulting revenue ,All Establishments ,Employer Firms ,"21,628","20,259","17,944",6.6,6.3,5.7
56151,Travel Agencies ,Commissions or fees from lodging ,All Establishments ,Employer Firms ,"3,035","2,976","2,671",7,7.2,6.9
2,"Includes 2002 NAICS 5171 (Wired Telecommunications Carriers), 2002 NAICS 5175 (Cable and Other Program Distribution), and a portion of 2002 NAICS 518111 (Internet Service Providers).  Historical data, 2010 and prior, have been restated to reflect comparable data on the 2007 NAICS basis.",,,,,,,,,
515111,Radio Networks ,Public and non-commercial programming services ,All Establishments ,Employer Firms ,415,405,391,10.1,11,11.3
6215,Medical and Diagnostic Laboratories ,Total operating revenue ,All Establishments ,Employer Firms ,"46,542","47,151","45,318",2.3,2.2,1.8
56152,Tour Operators ,Customized group tours - Domestic travel ,All Establishments ,Employer Firms ,"1,106","1,000",851,12.4,11.7,8.1
5417,Scientific Research and Development Services ,Original works of intellectual property ,Establishments subject to federal income tax ,Employer Firms ,S,S,S,S,S,S
6232,"Residential Intellectual and Developmental Disability, Mental Health and Substance Abuse Facilities11 ","Government (includes Medicare, Medicaid, Other Government, and Workers Compensation) ",All Establishments ,Employer Firms ,"25,211","24,603","24,106",2.1,1.8,1.6
561599,All Other Travel Arrangement and Reservation Services ,Commissions or fees from computerized reservation systems ,All Establishments ,Employer Firms ,"1,713","1,668","1,629",5,4.1,4.5
483,Water Transportation ,Other transportation of passengers by water ,All Establishments ,Employer Firms ,77,73,77,22.5,21.6,12.2
6219,Other Ambulatory Health Care Services ,All other non-patient care revenue ,All Establishments ,Employer Firms ,"4,627","4,868","4,590",3.4,2.3,2.2
62133,"Offices of Mental Health Practitioners, (except Physicians) ",All other non-patient care revenue ,All Establishments ,Employer Firms ,251,225,206,12,17.3,20.9
51213,Motion Picture and Video Exhibition ,Food and beverage sales ,All Establishments ,Employer Firms ,"4,207","3,858","3,789",3.3,2.5,2.3
621498,All Other Outpatient Care Centers ,"Contributions, gifts, and grants received ",All Establishments ,Employer Firms ,"4,387","4,238","3,948",2.7,3.3,4.4
621491,Other Outpatient Care Centers ,Investment and property income ,All Establishments ,Employer Firms ,563,529,472,1.3,1.3,1.3
5112,Software Publishers ,System software publishing - Network software ,All Establishments ,Employer Firms ,"15,725","14,471","13,911",7.7,8,7.7
51911,News Syndicates ,All other operating revenue ,All Establishments ,Employer Firms ,590,S,346,18.7,S,13
51114,Directory and Mailing List Publishers ,"Directories, databases, and other collections of information - Advertising space ",All Establishments ,Employer Firms ,"9,323","10,064","10,401",2.5,2.3,2.3
