NAICS,NAICS Description,Item,Tax Status,Employer Status,2012 Revenue,2011 Revenue,2010 Revenue,2012 Coefficient of Variation,2011 Coefficient of Variation,2010 Coefficient of Variation
54181,Advertising Agencies ,Other advertising services ,All Establishments ,Employer Firms ,"4,401","3,974","3,769",7.4,6,10.1
5112,Software Publishers ,Application software publishing - Cross-industry application software ,All Establishments ,Employer Firms ,"13,186","12,186","10,785",5,4.7,5.1
5621,Waste Collection ,Residential nonhazardous waste and recyclable material collection services ,All Establishments ,Employer Firms ,"16,639","16,626","15,805",5,5.1,5.1
6233,Community Care Facilities for the Elderly ,Investment and property income ,All Establishments ,Employer Firms ,919,785,850,6.8,5.5,7.4
51113,Book Publishers ,Books - textbooks ,All Establishments ,Employer Firms ,"8,598","9,021","8,968",2.7,1.9,1.7
54133,Engineering Services ,Hazardous waste and industrial waste engineering projects ,All Establishments ,Employer Firms ,"4,649","4,634","4,437",20.9,19.2,23.9
6233,Community Care Facilities for the Elderly ,Patient out-of-pocket - Payments from patients and their families ,All Establishments ,Employer Firms ,"31,463","29,715","28,299",2.8,2.7,2.7
621391,Offices of Podiatrists ,"Contributions, gifts, and grants received ",All Establishments ,Employer Firms ,S,S,4,S,S,23.6
54181,Advertising Agencies ,Marketing research ,All Establishments ,Employer Firms ,951,736,565,12.3,5.3,5.2
5415,Computer Systems Design and Related Services ,Hosting and IT infrastructure provisioning services ,All Establishments ,Employer Firms ,"22,587","22,471","21,893",4.5,4.5,3.6
6233,Community Care Facilities for the Elderly ,Investment and property income ,All Establishments ,Employer Firms ,919,785,850,6.8,5.5,7.4
54133,Engineering Services ,Construction services ,All Establishments ,Employer Firms ,"20,316","17,669","17,102",22.5,16.1,15.4
51223,Music Publishers ,Total operating revenue ,All Establishments ,Employer Firms ,"3,879","3,867","3,793",2.3,2.5,2.3
51913,Internet Publishing and Broadcasting and Web Search Portals6 ,Licensing of rights to use intellectual property ,All Establishments ,Employer Firms ,"1,814","1,768","1,160",3.6,3.3,3.5
6233,Community Care Facilities for the Elderly ,"Contributions, gifts, and grants received ",All Establishments ,Employer Firms ,553,512,503,11.1,9.9,9.8
481,Air Transportation ,All other operating revenue ,All Establishments ,Employer Firms ,"18,677","18,238","15,756",4,3.4,3.7
621498,All Other Outpatient Care Centers ,"Private insurance (includes Health, Property, and Auto) ",All Establishments ,Employer Firms ,"11,273","10,968","10,722",2,1.9,1.4
6231,Nursing Care Facilities (Skilled Nursing Facilities)11 ,All other non-patient care revenue ,All Establishments ,Employer Firms ,"2,486","2,302","2,249",5.3,4.4,3.9
5412,"Accounting, Tax Preparation, Bookkeeping, and Payroll Services ",Taxation planning and consulting services ,All Establishments ,Employer Firms ,"6,698","6,765","6,478",8.9,7.7,6.1
54131,Architectural Services ,Non-residential building projects ,All Establishments ,Employer Firms ,"17,799","17,903","17,626",7.6,6.8,6.3
51219,Postproduction Services and Other Motion Picture and Video Industries ,Audiovisual postproduction services ,All Establishments ,Employer Firms ,"3,456","3,478","3,167",3.9,4.4,4
6216,Home Health Care Services ,Patient out-of-pocket - Patients' assigned Social Security benefits ,All Establishments ,Employer Firms ,31,24,27,16.4,2.7,2.5
56151,Travel Agencies ,Commissions or fees from other reservation services ,All Establishments ,Employer Firms ,814,731,690,14.1,7.9,7.7
54181,Advertising Agencies ,Advertising creative services (including graphic design services) ,All Establishments ,Employer Firms ,"2,304","1,970","1,844",21.4,14.3,11.3
6215,Medical and Diagnostic Laboratories ,Total operating revenue ,All Establishments ,Employer Firms ,"46,542","47,151","45,318",2.3,2.2,1.8
51114,Directory and Mailing List Publishers ,All other operating revenue ,All Establishments ,Employer Firms ,S,545,610,S,11.6,11.1
51224,Sound Recording Studios ,Sound recording studio rental and leasing ,All Establishments ,Employer Firms ,51,48,50,20.2,17.9,16.4
5415,Computer Systems Design and Related Services ,IT technical consulting ,All Establishments ,Employer Firms ,"31,474","30,673","26,937",11.9,10.6,9.2
6231,Nursing Care Facilities (Skilled Nursing Facilities)11 ,Other patient care revenue ,All Establishments ,Employer Firms ,"2,401","2,435","2,437",4.8,3.3,3.7
6212,Offices of Dentists ,"Private insurance (includes Health, Property, and Auto) ",All Establishments ,Employer Firms ,"45,875","44,673","43,798",2.4,1.9,1.9
6216,Home Health Care Services ,Total operating revenue ,All Establishments ,Employer Firms ,"65,237","60,854","58,116",4.2,3.1,3.2
5112,Software Publishers ,System software publishing - Development tools and programming languages software ,All Establishments ,Employer Firms ,"3,524","3,127","3,170",19.1,8.3,9.8
621493,Freestanding Ambulatory Surgical and Emergency Centers ,Investment and property income ,All Establishments ,Employer Firms ,137,S,S,26.2,S,S
5152,Cable and Other Subscription Programming ,Air time (advertising and program content) ,All Establishments ,Employer Firms ,"23,304","23,586","21,269",0.5,0.5,0.5
483,Water Transportation ,Cruises ,All Establishments ,Employer Firms ,"15,329","14,812","14,422",0.1,0.3,0.3
62134,"Offices of Physical, Occupational and Speech Therapists and Audiologists ",Patient out-of-pocket - Patients' assigned Social Security benefits ,All Establishments ,Employer Firms ,S,S,S,S,S,S
6216,Home Health Care Services ,Investment and property income ,All Establishments ,Employer Firms ,156,121,132,8.4,7.1,6.9
7111,Performing Arts Companies ,All other operating revenue ,Establishments subject to federal income tax ,Employer Firms ,"2,753","2,651","2,433",5.4,6.1,5.4
51224,Sound Recording Studios ,Total operating revenue ,All Establishments ,Employer Firms ,895,866,839,4.1,4.7,5
S ,"Estimate does not meet publication standards because of high sampling variability (coefficient of variation is greater than 30%) or poor response quality (total quantity response rate is less than 50%) or other concerns about the estimate's quality.  Unpublished estimates derived from this table by subtraction are subject to these same limitations and should not be attributed to the U.S. Census Bureau.  For a description of publication standards and the total quantity response rate, see http://www.census.gov/quality/standards/standardf1.html. ",,,,,,,,,
62141,Outpatient Care Centers ,All other non-patient care revenue ,All Establishments ,Employer Firms ,53,50,47,14.7,8.8,11.6
5417,Scientific Research and Development Services ,Original works of intellectual property ,Establishments subject to federal income tax ,Employer Firms ,S,S,S,S,S,S
54131,Architectural Services ,Non-residential building projects ,All Establishments ,Employer Firms ,"17,799","17,903","17,626",7.6,6.8,6.3
54111,Offices of Lawyers ,Total operating revenue ,Establishments exempt from federal income tax ,Employer Firms ,"3,111","3,128","3,025",6.6,5,3.6
7,Includes NAICS 52311 (Investment Banking and Securities Dealing) and NAICS 52312 (Securities Brokerage). ,,,,,,,,,
5415,Computer Systems Design and Related Services ,IT technical consulting ,All Establishments ,Employer Firms ,"31,474","30,673","26,937",11.9,10.6,9.2
5112,Software Publishers ,Information technology technical consulting services ,All Establishments ,Employer Firms ,"5,563","5,915","5,128",14.3,11.3,10.1
522,Credit Intermediation and Related Activities ,Loan income from businesses and governments ,All Establishments ,Employer Firms ,"181,470","183,809","197,028",6,5.5,5.7
54133,Engineering Services ,All other operating revenue ,All Establishments ,Employer Firms ,"34,356","40,408","40,694",12.4,11.2,11.7
5415,Computer Systems Design and Related Services ,IT technical support ,All Establishments ,Employer Firms ,"45,107","44,805","42,199",4.5,3.5,3.3
54186,Direct Mail Advertising ,All other operating revenue ,All Establishments ,Employer Firms ,834,807,783,11.9,12.1,9.6
5231Y ,Investment Banking and Securities Dealing and Brokerage7 ,Total operating revenue ,All Establishments ,Employer Firms ,"261,822","253,964","270,412",1.3,1.5,1.5
5239X ,Portfolio Management and Investment Advice9 ,Financial planning and investment management services for businesses and governments ,All Establishments ,Employer Firms ,"90,679","86,267","76,236",4.1,4.2,4
5417,Scientific Research and Development Services ,Licensing of right to use intellectual property ,Establishments exempt from federal income tax ,Employer Firms ,245,285,257,5.6,16.4,5.3
621492,Kidney Dialysis Centers ,"Private insurance (includes Health, Property, and Auto) ",All Establishments ,Employer Firms ,"6,262","5,655","5,399",3.1,2.8,2.3
621498,All Other Outpatient Care Centers ,"Contributions, gifts, and grants received ",All Establishments ,Employer Firms ,"4,387","4,238","3,948",2.7,3.3,4.4
62131,Offices of Chiropractors ,Other patient care revenue ,All Establishments ,Employer Firms ,579,561,534,8.7,9.3,9.9
56151,Travel Agencies ,All other operating revenue ,All Establishments ,Employer Firms ,"2,324","2,373","2,221",8.7,8.7,7.2
51114,Directory and Mailing List Publishers ,Rental or sale of mailing lists ,All Establishments ,Employer Firms ,S,118,127,S,29.4,26.4
624,Social Assistance ,All other non-operating revenue ,All Establishments ,Employer Firms ,"7,594","7,330","7,025",7.1,6.3,5.7
6114,Business Schools and Computer and Management Training ,All other operating revenue ,All Establishments ,Employer Firms ,"1,799","1,740","1,566",12.7,12.6,11.6
5412,"Accounting, Tax Preparation, Bookkeeping, and Payroll Services ",Management consulting services ,All Establishments ,Employer Firms ,"10,937","9,291","8,026",4.5,4,4.2
5171,Wired Telecommunications Carriers2 ,Private network services ,All Establishments ,Employer Firms ,"22,253","22,222","21,977",2.2,2.3,1.8
6239,Other Residential Care Facilities ,Patient out-of-pocket - Patients' assigned Social Security benefits ,All Establishments ,Employer Firms ,S,26,S,S,29.2,S
6117,Educational Support Services ,All other operating revenue ,All Establishments ,Employer Firms ,"2,450","2,741","2,737",8.8,8.4,7.5
5417,Scientific Research and Development Services ,All other operating revenue ,Establishments subject to federal income tax ,Employer Firms ,"38,186","33,406","33,151",7.3,6.5,6
6216,Home Health Care Services ,All other non-patient care revenue ,All Establishments ,Employer Firms ,489,502,493,21.3,18.8,19.6
62132,Offices of Optometrists ,All other non-patient care revenue ,All Establishments ,Employer Firms ,121,124,116,26.4,21.6,21.6
6212,Offices of Dentists ,"Government (includes Medicare, Medicaid, Other Government, and Workers Compensation) ",All Establishments ,Employer Firms ,"9,957","11,049","10,982",5.8,8.5,6.9
481,Air Transportation ,"International, non-scheduled passenger by air ",All Establishments ,Employer Firms ,"2,775","2,450","2,630",3.5,3.9,6.1
518,"Data Processing, Hosting, and Related Services5 ","Data processing, information technology (IT) infrastructure provisioning, and hosting services ",All Establishments ,Employer Firms ,"61,604","56,734","53,108",4,3.9,3.7
5231X ,Commodity Contracts Dealing and Brokerage8 ,Brokering and dealing products - Equities ,All Establishments ,Employer Firms ,387,963,992,6.1,4.3,4.4
6239,Other Residential Care Facilities ,Patient out-of-pocket - Payments from patients and their families ,All Establishments ,Employer Firms ,239,221,212,14.2,14.6,12.3
5231X ,Commodity Contracts Dealing and Brokerage8 ,Trading foreign currency on own account - Net gains (losses) ,All Establishments ,Employer Firms ,328,271,274,7.6,6.6,6.6
5112,Software Publishers ,System software publishing - Database management software ,All Establishments ,Employer Firms ,"10,492","10,267","9,913",4.1,7,7.8
62131,Offices of Chiropractors ,All other non-patient care revenue ,All Establishments ,Employer Firms ,S,135,145,S,16.1,14.3
5171,Wired Telecommunications Carriers2 ,Subscriber line charges ,All Establishments ,Employer Firms ,"4,347","4,347","3,430",1,1.2,1.6
6216,Home Health Care Services ,All other non-patient care revenue ,All Establishments ,Employer Firms ,489,502,493,21.3,18.8,19.6
62134,"Offices of Physical, Occupational and Speech Therapists and Audiologists ",Patient out-of-pocket - Patients' assigned Social Security benefits ,All Establishments ,Employer Firms ,S,S,S,S,S,S
483,Water Transportation ,Transportation of freight and cargo by water ,All Establishments ,Employer Firms ,"18,764","18,638","17,369",1.3,1,1
5121x ,Motion Picture and Video Production and Distribution1 ,Total operating revenue ,All Establishments ,Employer Firms ,"66,235","63,840","62,567",2.6,1.7,1.8
5231Y ,Investment Banking and Securities Dealing and Brokerage7 ,Brokering and dealing products - Derivative contracts ,All Establishments ,Employer Firms ,"20,658","20,161","27,062",2.8,2.6,2.3
  ,  ,,,,,,,,,
56151,Travel Agencies ,Total operating revenue ,All Establishments ,Employer Firms ,"17,665","17,556","16,449",5.7,6,5.4
62142,Outpatient Mental Health and Substance Abuse Centers ,"Government (includes Medicare, Medicaid, Other Government, and Workers Compensation) ",All Establishments ,Employer Firms ,"8,521","8,134","7,846",5.3,4.9,4.5
813,"Religious, Grantmaking, Civic, Professional, and Similar Organizations12 ",Program service ,All Establishments ,Employer Firms ,"50,878","50,264","48,534",3,2.5,2.2
5417,Scientific Research and Development Services ,Original works of intellectual property ,Establishments subject to federal income tax ,Employer Firms ,S,S,S,S,S,S
813,"Religious, Grantmaking, Civic, Professional, and Similar Organizations12 ","Contributions, gifts, and grants received ",All Establishments ,Employer Firms ,"84,787","83,219","77,761",2.5,2.4,2.4
7111,Performing Arts Companies ,All other operating revenue ,Establishments subject to federal income tax ,Employer Firms ,"2,753","2,651","2,433",5.4,6.1,5.4
517911,Telecommunications Resellers4 ,Carrier services ,All Establishments ,Employer Firms ,"2,653","2,525","2,499",5.9,5.9,5.6
5121x ,Motion Picture and Video Production and Distribution1 ,Contract production of audiovisual works ,All Establishments ,Employer Firms ,"6,283","5,764","5,289",9.7,5.7,5.7
5622,Waste Treatment and Disposal ,Hazardous waste treatment and disposal services ,All Establishments ,Employer Firms ,"5,723","6,032","5,607",5.3,4.6,4.4
6215,Medical and Diagnostic Laboratories ,Hospitals ,All Establishments ,Employer Firms ,"4,184","4,223","4,027",7.2,6.3,6.7
5112,Software Publishers ,Re-sale of computer hardware and software ,All Establishments ,Employer Firms ,"5,608","4,557","3,262",6.3,9,4
56151,Travel Agencies ,Commissions or fees from packaged tours ,All Establishments ,Employer Firms ,"1,516","1,498","1,460",8.7,7.4,7.9
51512,Television Broadcasting ,Total operating revenue ,All Establishments ,Employer Firms ,"38,765","35,293","35,334",1.2,1.8,1.2
5415,Computer Systems Design and Related Services ,"Computer systems design, development, and integration ",All Establishments ,Employer Firms ,"39,149","36,178","34,659",5.7,4.9,5
624,Social Assistance ,All other non-operating revenue ,All Establishments ,Employer Firms ,"7,594","7,330","7,025",7.1,6.3,5.7
56292,Material Recovery Facilities ,"Nonhazardous waste and recyclable material consolidation, storage, and preparation services ",All Establishments ,Employer Firms ,"2,590","3,188","2,683",5,5,5.1
51222,Integrated Record Production/Distribution ,All other operating revenue ,All Establishments ,Employer Firms ,D,865,869,D,5.1,4.8
6215,Medical and Diagnostic Laboratories ,Non-patient care revenue ,All Establishments ,Employer Firms ,"3,037","2,984","2,685",9.9,9.4,9
54181,Advertising Agencies ,Total operating revenue ,All Establishments ,Employer Firms ,"39,826","35,437","33,476",5.2,4.3,4.4
712,"Museums, Historical Sites, and Similar Institutions ","Contributions, gifts and grants received ",Establishments exempt from federal income tax ,Employer Firms ,"5,217","4,887","4,893",4.5,5,4
6216,Home Health Care Services ,"Contributions, gifts, and grants received ",All Establishments ,Employer Firms ,854,768,762,12.9,11.8,11.8
621493,Freestanding Ambulatory Surgical and Emergency Centers ,Total operating revenue ,All Establishments ,Employer Firms ,"22,730","20,912","19,616",3.3,2.1,2
622,Hospitals ,"Private insurance (includes Health, Property, and Auto) ",All Establishments ,Employer Firms ,"397,251","373,264","358,206",1.7,2,1.9
62142,Outpatient Mental Health and Substance Abuse Centers ,Investment and property income ,All Establishments ,Employer Firms ,57,61,53,29.5,25.2,11.9
6216,Home Health Care Services ,All other non-patient care revenue ,All Establishments ,Employer Firms ,489,502,493,21.3,18.8,19.6
5417,Scientific Research and Development Services ,All other operating revenue ,Establishments subject to federal income tax ,Employer Firms ,"38,186","33,406","33,151",7.3,6.5,6
62142,Outpatient Mental Health and Substance Abuse Centers ,"Government (includes Medicare, Medicaid, Other Government, and Workers Compensation) ",All Establishments ,Employer Firms ,"8,521","8,134","7,846",5.3,4.9,4.5
561599,All Other Travel Arrangement and Reservation Services ,Commissions or fees from other reservation services ,All Establishments ,Employer Firms ,275,242,234,11.8,17.4,4.5
621491,Other Outpatient Care Centers ,All other non-patient care revenue ,All Establishments ,Employer Firms ,13,21,15,1.4,1.3,1.2
5121x ,Motion Picture and Video Production and Distribution1 ,International licensing of rights to others to distribute audiovisual works ,All Establishments ,Employer Firms ,369,377,351,7.2,5.7,7.9
711211,Sports Teams and Clubs ,Total operating revenue ,Establishments subject to federal income tax ,Employer Firms ,"22,581","22,421","21,504",4.8,3.8,2.9
51224,Sound Recording Studios ,Total operating revenue ,All Establishments ,Employer Firms ,895,866,839,4.1,4.7,5
6233,Community Care Facilities for the Elderly ,Other patient care revenue ,All Establishments ,Employer Firms ,"2,862","2,685","2,578",12,11.4,11.6
6115,Technical and Trade Schools ,All other operating revenue ,All Establishments ,Employer Firms ,"2,113","2,428","2,190",9.7,11,11.4
54186,Direct Mail Advertising ,Letter shop services ,All Establishments ,Employer Firms ,"1,645","1,530","1,468",9.1,7.9,7.7
621391,Offices of Podiatrists ,"Private insurance (includes Health, Property, and Auto) ",All Establishments ,Employer Firms ,"1,959","1,860","1,842",3.8,4,3.7
54182,Public Relations Agencies ,Full public relations services ,All Establishments ,Employer Firms ,"7,256","6,857","6,643",5.5,5.1,4.3
5231X ,Commodity Contracts Dealing and Brokerage8 ,Brokering and dealing products - Equities ,All Establishments ,Employer Firms ,387,963,992,6.1,4.3,4.4
54182,Public Relations Agencies ,All other operating revenue ,All Establishments ,Employer Firms ,775,709,602,12.7,9.9,13.1
485,Transit and Ground Passenger Transportation ,"Local, fixed-route passenger transportation by road and transit rail ",All Establishments ,Employer Firms ,"8,190","7,536","7,219",6.3,5.3,4.9
711219,Other Spectator Sports ,Total operating revenue ,Establishments subject to federal income tax ,Employer Firms ,"3,762","3,847","3,659",10.4,10.7,8.6
711212,Racetracks ,Admissions revenue (excluding admissions taxes) ,Establishments subject to federal income tax ,Employer Firms ,737,722,775,9.7,8.7,8.2
711211,Sports Teams and Clubs ,Total operating revenue ,Establishments subject to federal income tax ,Employer Firms ,"22,581","22,421","21,504",4.8,3.8,2.9
486,Pipeline Transportation ,All other operating revenue ,All Establishments ,Employer Firms ,"2,781","2,777","2,670",Z,Z,Z
711212,Racetracks ,All other operating revenue ,Establishments subject to federal income tax ,Employer Firms ,"6,944","6,725","6,441",4.6,4.8,4.9
522,Credit Intermediation and Related Activities ,All other operating revenue ,All Establishments ,Employer Firms ,"222,691","211,842","220,932",3.3,2.8,3
54131,Architectural Services ,Interior design services ,All Establishments ,Employer Firms ,"2,314","2,021","1,968",14,14.6,13.9
56152,Tour Operators ,Customized group tours - Domestic travel ,All Establishments ,Employer Firms ,"1,106","1,000",851,12.4,11.7,8.1
622,Hospitals ,"Government (includes Medicare, Medicaid, Other Government, and Workers Compensation) ",All Establishments ,Employer Firms ,"350,140","332,137","318,628",2.4,2.2,2.3
5417,Scientific Research and Development Services ,Production services for development ,Establishments subject to federal income tax ,Employer Firms ,"3,556","2,869","2,470",14.6,27.5,15.4
5152,Cable and Other Subscription Programming ,Total operating revenue ,All Establishments ,Employer Firms ,"64,168","60,318","55,168",0.4,0.3,0.2
51222,Integrated Record Production/Distribution ,Sale of recordings ,All Establishments ,Employer Firms ,"4,597","4,579","5,558",1,1.2,0.7
51114,Directory and Mailing List Publishers ,Total operating revenue ,All Establishments ,Employer Firms ,"12,182","13,040","13,475",2.3,2.1,2.1
54186,Direct Mail Advertising ,Print services for direct mail advertising materials ,All Establishments ,Employer Firms ,"1,739","1,762","1,696",6.2,7.3,7.9
62141,Outpatient Care Centers ,"Contributions, gifts, and grants received ",All Establishments ,Employer Firms ,424,380,370,8.3,8.2,7.8
54131,Architectural Services ,Multi-family residential projects ,All Establishments ,Employer Firms ,"1,680","1,569","1,232",21.4,19.7,18.5
51219,Postproduction Services and Other Motion Picture and Video Industries ,Motion picture film laboratory services ,All Establishments ,Employer Firms ,S,320,419,S,3.6,2.4
621399,Offices of All Other Miscellaneous Health Practitioners ,"Private insurance (includes Health, Property, and Auto) ",All Establishments ,Employer Firms ,"1,736","1,656","1,521",5.4,5.4,4.8
54182,Public Relations Agencies ,All other operating revenue ,All Establishments ,Employer Firms ,775,709,602,12.7,9.9,13.1
621391,Offices of Podiatrists ,All other non-patient care revenue ,All Establishments ,Employer Firms ,51,S,S,22.4,S,S
5171,Wired Telecommunications Carriers2 ,Rental of telecommunications equipment ,All Establishments ,Employer Firms ,"1,169","1,165","1,292",0.9,2.5,2.1
51224,Sound Recording Studios ,Sound recording studio rental and leasing ,All Establishments ,Employer Firms ,51,48,50,20.2,17.9,16.4
6211,Offices of Physicians ,"Government (includes Medicare, Medicaid, Other Government, and Workers Compensation) ",All Establishments ,Employer Firms ,"107,841","103,814","98,652",2,2.2,1.9
62141,Outpatient Care Centers ,Total operating revenue ,All Establishments ,Employer Firms ,"2,002","1,914","1,864",3.3,3.1,2.8
511191,Greeting Card Publishers ,Greeting cards (paper or internet) ,All Establishments ,Employer Firms ,"2,577","2,597","2,605",1.6,1.2,1.3
621498,All Other Outpatient Care Centers ,"Contributions, gifts, and grants received ",All Establishments ,Employer Firms ,"4,387","4,238","3,948",2.7,3.3,4.4
56152,Tour Operators ,Customized group tours - International travel ,All Establishments ,Employer Firms ,"1,151","1,166","1,225",10.1,10.1,11.4
712,"Museums, Historical Sites, and Similar Institutions ",Program service ,Establishments exempt from federal income tax ,Employer Firms ,"3,670","3,497","3,323",3.8,2.7,3.1
711212,Racetracks ,Admissions revenue (excluding admissions taxes) ,Establishments subject to federal income tax ,Employer Firms ,737,722,775,9.7,8.7,8.2
621498,All Other Outpatient Care Centers ,All other non-patient care revenue ,All Establishments ,Employer Firms ,"2,010","2,494","2,375",4.5,3.7,4.1
51512,Television Broadcasting ,Public and non-commercial programming services ,All Establishments ,Employer Firms ,"1,611","1,510","1,682",6.2,5.8,5.1
5415,Computer Systems Design and Related Services ,"Computer systems design, development, and integration ",All Establishments ,Employer Firms ,"39,149","36,178","34,659",5.7,4.9,5
3,"Includes 2002 NAICS 517211 (Paging), 2002 NAICS 517212 (Cellular and Other Wireless Telecommunications) and a portion of 2002 NAICS 518111 (Internet Service Providers).  Historical data, 2010 and prior, have been restated to reflect comparable data on the 2007 NAICS basis. ",,,,,,,,,
711212,Racetracks ,Admissions revenue (excluding admissions taxes) ,Establishments subject to federal income tax ,Employer Firms ,737,722,775,9.7,8.7,8.2
6212,Offices of Dentists ,"Contributions, gifts, and grants received ",All Establishments ,Employer Firms ,S,S,S,S,S,S
ZZ ,Absolute value is less than 0.5. ,,,,,,,,,
51919,All Other Information Services ,Total operating revenue ,All Establishments ,Employer Firms ,"2,841","2,594","2,624",6.4,5.9,5.4
54111,Offices of Lawyers ,"Contributions, gifts, and grants received ",Establishments exempt from federal income tax ,Employer Firms ,"2,228","2,252","2,126",9.5,7.9,7.1
51911,News Syndicates ,Total operating revenue ,All Establishments ,Employer Firms ,"2,348","2,188","1,960",4.5,3.2,3.1
6233,Community Care Facilities for the Elderly ,Patient out-of-pocket - Payments from patients and their families ,All Establishments ,Employer Firms ,"31,463","29,715","28,299",2.8,2.7,2.7
54161,Management Consulting Services10 ,All other operating revenue ,All Establishments ,Employer Firms ,"18,549","19,103","18,316",5.9,4.9,4.1
51512,Television Broadcasting ,All other operating revenue ,All Establishments ,Employer Firms ,"5,463","6,025","5,692",1,1.7,1.1
51913,Internet Publishing and Broadcasting and Web Search Portals6 ,All other operating revenue ,All Establishments ,Employer Firms ,"6,880","5,261","4,037",5.5,5.7,4.5
5171,Wired Telecommunications Carriers2 ,Fixed services - Fixed long-distance telephony ,All Establishments ,Employer Firms ,"19,743","21,383","20,826",1,0.5,0.7
5622,Waste Treatment and Disposal ,Total operating revenue ,All Establishments ,Employer Firms ,"15,611","14,858","14,097",2.9,2.3,2.2
6231,Nursing Care Facilities (Skilled Nursing Facilities)11 ,Total operating revenue ,All Establishments ,Employer Firms ,"112,506","110,305","105,297",2.2,2.1,2.1
51111,Newspaper Publishers ,"Distribution services (e.g. flyers, inserts, samples) ",All Establishments ,Employer Firms ,"1,236","1,227","1,306",4,3.5,3.5
62142,Outpatient Mental Health and Substance Abuse Centers ,Patient out-of-pocket - Patients' assigned Social Security benefits ,All Establishments ,Employer Firms ,32,28,28,21.9,26,25.4
51222,Integrated Record Production/Distribution ,Total operating revenue ,All Establishments ,Employer Firms ,"7,257","7,238","8,258",0.7,0.7,0.2
54186,Direct Mail Advertising ,Total operating revenue ,All Establishments ,Employer Firms ,"11,391","11,092","10,745",3.1,3.5,3.6
54161,Management Consulting Services10 ,Total operating revenue ,All Establishments ,Employer Firms ,"131,656","125,260","118,096",2.1,2.1,1.9
621498,All Other Outpatient Care Centers ,Patient out-of-pocket - Payments from patients and their families ,All Establishments ,Employer Firms ,"1,546","1,465","1,400",4.6,4.1,3.6
62132,Offices of Optometrists ,Investment and property income ,All Establishments ,Employer Firms ,12,S,S,12,S,S
51213,Motion Picture and Video Exhibition ,Admissions to feature film exhibitions ,All Establishments ,Employer Firms ,"9,521","8,859","9,101",3.4,2.6,2.1
4,"Includes 2002 NAICS 5173 (Telecommunications Resellers).  Historical data, 2010 and prior, have been restated to reflect comparable data on the 2007 NAICS basis. ",,,,,,,,,
54161,Management Consulting Services10 ,All other operating revenue ,All Establishments ,Employer Firms ,"18,549","19,103","18,316",5.9,4.9,4.1
56151,Travel Agencies ,Commissions or fees from lodging ,All Establishments ,Employer Firms ,"3,035","2,976","2,671",7,7.2,6.9
51113,Book Publishers ,Books - children's books ,All Establishments ,Employer Firms ,"3,637","3,334","3,352",7.7,4,4.3
5171,Wired Telecommunications Carriers2 ,Air time (advertising and program content) ,All Establishments ,Employer Firms ,S,"5,146","5,051",S,0.6,0.5
5171,Wired Telecommunications Carriers2 ,Air time (advertising and program content) ,All Establishments ,Employer Firms ,S,"5,146","5,051",S,0.6,0.5
56152,Tour Operators ,Customized group tours - International travel ,All Establishments ,Employer Firms ,"1,151","1,166","1,225",10.1,10.1,11.4
56132,Temporary Help Services ,Total operating revenue ,All Establishments ,Employer Firms ,"122,858","113,832","100,689",3.2,3.1,3
5412,"Accounting, Tax Preparation, Bookkeeping, and Payroll Services ",Taxation preparation and representation services for corporate and other clients ,All Establishments ,Employer Firms ,"13,400","11,998","11,639",6.4,4.4,4.5
62134,"Offices of Physical, Occupational and Speech Therapists and Audiologists ","Contributions, gifts, and grants received ",All Establishments ,Employer Firms ,S,100,101,S,29.9,29.9
5171,Wired Telecommunications Carriers2 ,Website hosting services ,All Establishments ,Employer Firms ,215,292,304,5.8,2.5,3
62141,Outpatient Care Centers ,"Contributions, gifts, and grants received ",All Establishments ,Employer Firms ,424,380,370,8.3,8.2,7.8
62133,"Offices of Mental Health Practitioners, (except Physicians) ",Investment and property income ,All Establishments ,Employer Firms ,S,S,S,S,S,S
62132,Offices of Optometrists ,Investment and property income ,All Establishments ,Employer Firms ,12,S,S,12,S,S
6212,Offices of Dentists ,Patient out-of-pocket - Payments from patients and their families ,All Establishments ,Employer Firms ,"41,719","40,048","38,855",3.6,2.7,2.3
51213,Motion Picture and Video Exhibition ,Advertising services ,All Establishments ,Employer Firms ,190,165,154,10.2,5,2.7
5121x ,Motion Picture and Video Production and Distribution1 ,Merchandise licensing ,All Establishments ,Employer Firms ,837,769,546,5.5,3.5,3.7
621491,Other Outpatient Care Centers ,Other patient care revenue ,All Establishments ,Employer Firms ,547,500,450,1.3,1.3,1.3
62141,Outpatient Care Centers ,All other non-patient care revenue ,All Establishments ,Employer Firms ,53,50,47,14.7,8.8,11.6
56132,Temporary Help Services ,All other operating revenue ,All Establishments ,Employer Firms ,"9,400","8,736","7,693",6.1,7.8,7.8
51219,Postproduction Services and Other Motion Picture and Video Industries ,All other operating revenue ,All Establishments ,Employer Firms ,553,564,535,8.9,8.4,9.2
621391,Offices of Podiatrists ,"Contributions, gifts, and grants received ",All Establishments ,Employer Firms ,S,S,4,S,S,23.6
5417,Scientific Research and Development Services ,Total operating revenue ,Establishments subject to federal income tax ,Employer Firms ,"98,693","93,174","86,086",5.7,5.3,4.8
621399,Offices of All Other Miscellaneous Health Practitioners ,Total operating revenue ,All Establishments ,Employer Firms ,"5,064","4,779","4,463",4.5,4,4.6
522,Credit Intermediation and Related Activities ,Loan income from businesses and governments ,All Establishments ,Employer Firms ,"181,470","183,809","197,028",6,5.5,5.7
5412,"Accounting, Tax Preparation, Bookkeeping, and Payroll Services ","Bookkeeping, compilation, billing, and collection services ",All Establishments ,Employer Firms ,"6,623","5,757","5,739",9.5,12.1,10.7
561599,All Other Travel Arrangement and Reservation Services ,Commissions or fees from cruises ,All Establishments ,Employer Firms ,169,S,155,29.3,S,29.5
62142,Outpatient Mental Health and Substance Abuse Centers ,"Contributions, gifts, and grants received ",All Establishments ,Employer Firms ,"1,097","1,229","1,174",13.3,8.9,9.1
54161,Management Consulting Services10 ,Total operating revenue ,All Establishments ,Employer Firms ,"131,656","125,260","118,096",2.1,2.1,1.9
51219,Postproduction Services and Other Motion Picture and Video Industries ,Total operating revenue ,All Establishments ,Employer Firms ,"5,415","5,590","5,310",3.8,3.9,3.8
71311,Amusement and Theme Parks ,Total operating revenue ,Establishments subject to federal income tax ,Employer Firms ,"14,021","13,283","12,197",1.1,1.1,0.6
624,Social Assistance ,Investment and property income ,All Establishments ,Employer Firms ,"1,446","1,494","1,520",8.6,8.5,9.6
54161,Management Consulting Services10 ,All other consulting revenue ,All Establishments ,Employer Firms ,"21,628","20,259","17,944",6.6,6.3,5.7
51919,All Other Information Services ,All other operating revenue ,All Establishments ,Employer Firms ,443,396,381,14.8,12.9,10.2
5417,Scientific Research and Development Services ,Basic and applied research in the biological and biomedical sciences ,Establishments exempt from federal income tax ,Employer Firms ,"4,314","4,138","3,994",5.4,5.4,5.8
51224,Sound Recording Studios ,Total operating revenue ,All Establishments ,Employer Firms ,895,866,839,4.1,4.7,5
518,"Data Processing, Hosting, and Related Services5 ",Total operating revenue ,All Establishments ,Employer Firms ,"88,670","82,203","76,156",3.9,3.6,3.6
62131,Offices of Chiropractors ,Investment and property income ,All Establishments ,Employer Firms ,S,24,27,S,15.7,26.7
54181,Advertising Agencies ,Integrated advertising services ,All Establishments ,Employer Firms ,"20,284","17,897","16,747",6.1,8,7.4
621491,Other Outpatient Care Centers ,"Government (includes Medicare, Medicaid, Other Government, and Workers Compensation) ",All Establishments ,Employer Firms ,"1,360","1,304","1,206",3.7,3.7,3.8
6216,Home Health Care Services ,All other non-patient care revenue ,All Establishments ,Employer Firms ,489,502,493,21.3,18.8,19.6
2213,"Water, Sewage and Other Systems ",Water sales ,All Establishments ,Employer Firms ,"8,627","8,292","8,033",2.6,2,2.1
5622,Waste Treatment and Disposal ,Total operating revenue ,All Establishments ,Employer Firms ,"15,611","14,858","14,097",2.9,2.3,2.2
484,Truck Transportation ,Total operating revenue ,All Establishments ,Employer Firms ,"230,632","215,884","194,616",1.4,1.5,1.4
621399,Offices of All Other Miscellaneous Health Practitioners ,Investment and property income ,All Establishments ,Employer Firms ,S,S,6,S,S,25.1
517911,Telecommunications Resellers4 ,Fixed long-distance telephony ,All Establishments ,Employer Firms ,"1,086","1,090","1,227",6.4,7.2,6.4
483,Water Transportation ,"Coastal, fixed-route, passenger by water ",All Establishments ,Employer Firms ,422,408,367,5,5,3.6
483,Water Transportation ,All other operating revenue ,All Establishments ,Employer Firms ,"1,662","1,431","1,445",5.4,5.5,5
6219,Other Ambulatory Health Care Services ,"Private insurance (includes Health, Property, and Auto) ",All Establishments ,Employer Firms ,"5,882","5,567","5,213",3.6,3.3,3.1
711212,Racetracks ,Admissions revenue (excluding admissions taxes) ,Establishments subject to federal income tax ,Employer Firms ,737,722,775,9.7,8.7,8.2
51112,Periodical Publishers ,Printing services for others ,All Establishments ,Employer Firms ,"1,357","1,511","1,533",19.9,16.1,15.1
621391,Offices of Podiatrists ,"Contributions, gifts, and grants received ",All Establishments ,Employer Firms ,S,S,4,S,S,23.6
6212,Offices of Dentists ,Total operating revenue ,All Establishments ,Employer Firms ,"106,042","103,803","101,619",2.2,1.7,1
6239,Other Residential Care Facilities ,Patient out-of-pocket - Patients' assigned Social Security benefits ,All Establishments ,Employer Firms ,S,26,S,S,29.2,S
6117,Educational Support Services ,"Occupational, technical, and trade; professional development; and management training programs and courses ",All Establishments ,Employer Firms ,"10,697","10,191","9,510",2.8,2.9,2.7
522,Credit Intermediation and Related Activities ,Credit card income from businesses and governments ,All Establishments ,Employer Firms ,"23,104","21,678","22,354",6.7,6.2,5.4
5231Y ,Investment Banking and Securities Dealing and Brokerage7 ,Brokering and dealing investment company securities ,All Establishments ,Employer Firms ,"15,906","13,673","13,393",3.1,2.6,2.6
51219,Postproduction Services and Other Motion Picture and Video Industries ,Audiovisual postproduction services ,All Establishments ,Employer Firms ,"3,456","3,478","3,167",3.9,4.4,4
54131,Architectural Services ,All other operating revenue ,All Establishments ,Employer Firms ,"2,781","3,156","2,878",18.7,17.4,18.1
6233,Community Care Facilities for the Elderly ,Total operating revenue ,All Establishments ,Employer Firms ,"51,346","49,022","46,594",1.9,1.6,1.4
54161,Management Consulting Services10 ,"Operations and supply chain management consulting, and consulting combined with implementation ",All Establishments ,Employer Firms ,"7,961","8,133","8,035",6.2,8.2,7.2
621492,Kidney Dialysis Centers ,All other non-patient care revenue ,All Establishments ,Employer Firms ,81,68,71,19.3,9.8,22.2
5412,"Accounting, Tax Preparation, Bookkeeping, and Payroll Services ",Management consulting services ,All Establishments ,Employer Firms ,"10,937","9,291","8,026",4.5,4,4.2
5121x ,Motion Picture and Video Production and Distribution1 ,Audiovisual works speculatively produced for outright sale ,All Establishments ,Employer Firms ,377,341,321,9.7,5.2,7.1
54186,Direct Mail Advertising ,Mail list creation and support services ,All Establishments ,Employer Firms ,446,410,414,20.2,15.5,15.4
5121x ,Motion Picture and Video Production and Distribution1 ,Audiovisual works speculatively produced for outright sale ,All Establishments ,Employer Firms ,377,341,321,9.7,5.2,7.1
62142,Outpatient Mental Health and Substance Abuse Centers ,All other non-patient care revenue ,All Establishments ,Employer Firms ,367,342,279,14.2,12.3,14.6
5412,"Accounting, Tax Preparation, Bookkeeping, and Payroll Services ",Taxation preparation and representation services for individuals and unincorporated businesses ,All Establishments ,Employer Firms ,"15,482","14,933","14,940",5.9,6,5.4
6233,Community Care Facilities for the Elderly ,Other patient care revenue ,All Establishments ,Employer Firms ,"2,862","2,685","2,578",12,11.4,11.6
54131,Architectural Services ,Non-residential building projects ,All Establishments ,Employer Firms ,"17,799","17,903","17,626",7.6,6.8,6.3
6239,Other Residential Care Facilities ,"Contributions, gifts, and grants received ",All Establishments ,Employer Firms ,"1,333","1,326","1,320",5.4,4.2,4.7
5121x ,Motion Picture and Video Production and Distribution1 ,International licensing of rights to others to distribute audiovisual works ,All Establishments ,Employer Firms ,369,377,351,7.2,5.7,7.9
5621,Waste Collection ,Hazardous waste management collection services ,All Establishments ,Employer Firms ,"1,205","1,386","1,478",6.3,5,4
62132,Offices of Optometrists ,Investment and property income ,All Establishments ,Employer Firms ,12,S,S,12,S,S
6211,Offices of Physicians ,All other non-patient care revenue ,All Establishments ,Employer Firms ,"19,595","15,992","14,800",6,6.7,5.5
54133,Engineering Services ,Other engineering projects ,All Establishments ,Employer Firms ,"19,848","19,489","19,266",26.7,28.1,23.6
6114,Business Schools and Computer and Management Training ,"Occupational, technical, and trade; professional development; and management training programs and courses ",All Establishments ,Employer Firms ,"8,307","8,404","7,928",3.4,3.3,3.4
711219,Other Spectator Sports ,Admissions revenue (excluding admissions taxes) ,Establishments subject to federal income tax ,Employer Firms ,527,508,465,21.8,20.6,19.8
622,Hospitals ,Investment and property income ,All Establishments ,Employer Firms ,"11,482","9,938","9,907",3.6,3.1,2.8
5231Y ,Investment Banking and Securities Dealing and Brokerage7 ,Trading derivative contracts on own account - Net gains (losses) ,All Establishments ,Employer Firms ,"8,753","9,432","9,357",10.2,10.6,5.4
62133,"Offices of Mental Health Practitioners, (except Physicians) ","Contributions, gifts, and grants received ",All Establishments ,Employer Firms ,297,309,294,9.3,8.6,8.9
56299,All Other Waste Management Services ,"Nonhazardous waste and recyclable material consolidation, storage, and preparation services ",All Establishments ,Employer Firms ,S,319,264,S,9.4,10.3
484,Truck Transportation ,Motor carrier revenue ,All Establishments ,Employer Firms ,"212,446","198,945","178,938",1.5,1.5,1.5
481,Air Transportation ,"Domestic, non-scheduled passenger by air ",All Establishments ,Employer Firms ,"8,199","7,922","7,296",1.5,1.3,1.1
62142,Outpatient Mental Health and Substance Abuse Centers ,All other non-patient care revenue ,All Establishments ,Employer Firms ,367,342,279,14.2,12.3,14.6
2211,"Electric Power Generation, Transmission and Distribution ",Sales of energy and resources - Other revenue from sales of energy ,All Establishments ,Employer Firms ,"8,994","8,855","9,333",3.6,2.7,3.8
5171,Wired Telecommunications Carriers2 ,Rental of telecommunications equipment ,All Establishments ,Employer Firms ,"1,169","1,165","1,292",0.9,2.5,2.1
5172,Wireless Telecommunications Carriers (except Satellite)3 ,Internet access services ,All Establishments ,Employer Firms ,"56,084",S,S,3.6,S,S
515112,Radio Stations ,All other operating revenue ,All Establishments ,Employer Firms ,"1,461","1,277","1,212",2.9,4.5,4.5
51913,Internet Publishing and Broadcasting and Web Search Portals6 ,Online advertising space ,All Establishments ,Employer Firms ,"30,770","26,248","22,523",2.7,3,2.6
5112,Software Publishers ,Information Technology related training services ,All Establishments ,Employer Firms ,"2,061","1,870","1,781",11.2,18.9,20.2
711211,Sports Teams and Clubs ,Total operating revenue ,Establishments subject to federal income tax ,Employer Firms ,"22,581","22,421","21,504",4.8,3.8,2.9
522,Credit Intermediation and Related Activities ,Loan income from consumers ,All Establishments ,Employer Firms ,"528,541","535,148","573,297",1.2,0.8,0.7
6117,Educational Support Services ,Total operating revenue ,All Establishments ,Employer Firms ,"13,147","12,932","12,247",2.3,2.7,2.1
621391,Offices of Podiatrists ,Other patient care revenue ,All Establishments ,Employer Firms ,299,257,229,19.1,20,16.4
5231Y ,Investment Banking and Securities Dealing and Brokerage7 ,Trading equities on own account - Net gains (losses) ,All Establishments ,Employer Firms ,"3,954","3,757","1,818",5,5.1,6.2
813,"Religious, Grantmaking, Civic, Professional, and Similar Organizations12 ","Contributions, gifts, and grants received ",All Establishments ,Employer Firms ,"84,787","83,219","77,761",2.5,2.4,2.4
62132,Offices of Optometrists ,"Contributions, gifts, and grants received ",All Establishments ,Employer Firms ,S,S,S,S,S,S
51222,Integrated Record Production/Distribution ,Total operating revenue ,All Establishments ,Employer Firms ,"7,257","7,238","8,258",0.7,0.7,0.2
54181,Advertising Agencies ,Marketing research ,All Establishments ,Employer Firms ,951,736,565,12.3,5.3,5.2
51219,Postproduction Services and Other Motion Picture and Video Industries ,All other operating revenue ,All Establishments ,Employer Firms ,553,564,535,8.9,8.4,9.2
2212,Natural Gas Distribution ,Sales of energy and resources - Natural gas distribution ,All Establishments ,Employer Firms ,"66,429","80,600","83,918",2.1,1.9,1.7
5417,Scientific Research and Development Services ,Original works of intellectual property ,Establishments exempt from federal income tax ,Employer Firms ,S,42,41,S,9,17.2
517911,Telecommunications Resellers4 ,Carrier services ,All Establishments ,Employer Firms ,"2,653","2,525","2,499",5.9,5.9,5.6
6215,Medical and Diagnostic Laboratories ,Health Practitioners ,All Establishments ,Employer Firms ,"4,177","4,243","4,019",5.4,4.9,5
6216,Home Health Care Services ,Total operating revenue ,All Establishments ,Employer Firms ,"65,237","60,854","58,116",4.2,3.1,3.2
62131,Offices of Chiropractors ,"Government (includes Medicare, Medicaid, Other Government, and Workers Compensation) ",All Establishments ,Employer Firms ,"1,385","1,357","1,316",4.2,4.9,4.8
51223,Music Publishers ,Licensing revenue - Licensing of rights to use musical compositions ,All Establishments ,Employer Firms ,"2,979","2,931","2,948",2.3,2.5,2.4
621492,Kidney Dialysis Centers ,Patient out-of-pocket - Payments from patients and their families ,All Establishments ,Employer Firms ,97,103,101,3.2,3.2,2.3
5112,Software Publishers ,Information technology technical consulting services ,All Establishments ,Employer Firms ,"5,563","5,915","5,128",14.3,11.3,10.1
621498,All Other Outpatient Care Centers ,"Contributions, gifts, and grants received ",All Establishments ,Employer Firms ,"4,387","4,238","3,948",2.7,3.3,4.4
621491,Other Outpatient Care Centers ,"Government (includes Medicare, Medicaid, Other Government, and Workers Compensation) ",All Establishments ,Employer Firms ,"1,360","1,304","1,206",3.7,3.7,3.8
5415,Computer Systems Design and Related Services ,Hosting and IT infrastructure provisioning services ,All Establishments ,Employer Firms ,"22,587","22,471","21,893",4.5,4.5,3.6
56292,Material Recovery Facilities ,Sale or brokerage of nonhazardous recyclable material ,All Establishments ,Employer Firms ,"1,986","2,281","1,843",5.1,5.4,5.2
51911,News Syndicates ,All other operating revenue ,All Establishments ,Employer Firms ,590,S,346,18.7,S,13
5415,Computer Systems Design and Related Services ,Custom application design and development ,All Establishments ,Employer Firms ,"72,189","67,199","60,078",4.4,5.2,5
