NAICS,NAICS Description,Item,Tax Status,Employer Status,2012 Revenue,2011 Revenue,2010 Revenue,2012 Coefficient of Variation,2011 Coefficient of Variation,2010 Coefficient of Variation
6231,Nursing Care Facilities (Skilled Nursing Facilities)11 ,"Private insurance (includes Health, Property, and Auto) ",All Establishments ,Employer Firms ,"9,475","9,185","8,808",2.6,2.3,2.1
51224,Sound Recording Studios ,Sound recording studio rental and leasing ,All Establishments ,Employer Firms ,51,48,50,20.2,17.9,16.4
62141,Outpatient Care Centers ,Other patient care revenue ,All Establishments ,Employer Firms ,39,43,34,11,9.9,17.2
56292,Material Recovery Facilities ,Total operating revenue ,All Establishments ,Employer Firms ,"5,068","5,842","4,854",5.3,5.1,5
621399,Offices of All Other Miscellaneous Health Practitioners ,"Private insurance (includes Health, Property, and Auto) ",All Establishments ,Employer Firms ,"1,736","1,656","1,521",5.4,5.4,4.8
5415,Computer Systems Design and Related Services ,Hosting and IT infrastructure provisioning services ,All Establishments ,Employer Firms ,"22,587","22,471","21,893",4.5,4.5,3.6
522,Credit Intermediation and Related Activities ,Loan income from businesses and governments ,All Establishments ,Employer Firms ,"181,470","183,809","197,028",6,5.5,5.7
517911,Telecommunications Resellers4 ,Fixed local telephony ,All Establishments ,Employer Firms ,"1,615","1,505",S,6.5,6.1,S
5621,Waste Collection ,Total operating revenue ,All Establishments ,Employer Firms ,"42,370","42,567","41,373",3.7,3,3.2
712,"Museums, Historical Sites, and Similar Institutions ",Investment and property income ,Establishments exempt from federal income tax ,Employer Firms ,760,907,822,5.9,5.9,7.9
56151,Travel Agencies ,Commissions or fees from cruises ,All Establishments ,Employer Firms ,"1,333","1,244","1,201",14.5,13.4,15.4
51222,Integrated Record Production/Distribution ,Licensing revenue - Licensing of rights to use musical recordings ,All Establishments ,Employer Firms ,D,668,791,D,1,0.9
5231X ,Commodity Contracts Dealing and Brokerage8 ,Trading foreign currency on own account - Net gains (losses) ,All Establishments ,Employer Firms ,328,271,274,7.6,6.6,6.6
62142,Outpatient Mental Health and Substance Abuse Centers ,Investment and property income ,All Establishments ,Employer Firms ,57,61,53,29.5,25.2,11.9
54181,Advertising Agencies ,Direct marketing ,All Establishments ,Employer Firms ,"1,872","1,528","1,250",29.4,22.2,16.4
5112,Software Publishers ,System software publishing - Other systems software ,All Establishments ,Employer Firms ,"3,527","3,507","3,766",2.7,11.1,10.9
62132,Offices of Optometrists ,All other non-patient care revenue ,All Establishments ,Employer Firms ,121,124,116,26.4,21.6,21.6
D ,Estimate in table is withheld to avoid disclosing data of individual companies; data are included in higher level totals. ,,,,,,,,,
6212,Offices of Dentists ,Patient out-of-pocket - Payments from patients and their families ,All Establishments ,Employer Firms ,"41,719","40,048","38,855",3.6,2.7,2.3
6233,Community Care Facilities for the Elderly ,"Government (includes Medicare, Medicaid, Other Government, and Workers Compensation) ",All Establishments ,Employer Firms ,"10,475","10,432","9,746",5,4.8,4.6
511191,Greeting Card Publishers ,All other operating revenue ,All Establishments ,Employer Firms ,"1,143","1,225","1,247",2.2,1.6,2.5
62134,"Offices of Physical, Occupational and Speech Therapists and Audiologists ",All other non-patient care revenue ,All Establishments ,Employer Firms ,503,571,503,12.2,11.9,12.8
483,Water Transportation ,Cruises ,All Establishments ,Employer Firms ,"15,329","14,812","14,422",0.1,0.3,0.3
51114,Directory and Mailing List Publishers ,"Directories, databases, and other collections of information - Subscriptions and sales ",All Establishments ,Employer Firms ,"2,295","2,313","2,337",3.7,3.3,3.3
483,Water Transportation ,"Coastal, fixed-route, passenger by water ",All Establishments ,Employer Firms ,422,408,367,5,5,3.6
5412,"Accounting, Tax Preparation, Bookkeeping, and Payroll Services ",Assurance and related services ,All Establishments ,Employer Firms ,"29,076","27,602","27,116",3.7,3.2,3.5
62131,Offices of Chiropractors ,"Government (includes Medicare, Medicaid, Other Government, and Workers Compensation) ",All Establishments ,Employer Firms ,"1,385","1,357","1,316",4.2,4.9,4.8
5417,Scientific Research and Development Services ,Basic and applied research in the biological and biomedical sciences ,Establishments subject to federal income tax ,Employer Firms ,"16,333","13,655","12,374",7.4,7,7.1
5417,Scientific Research and Development Services ,Licensing of right to use intellectual property ,Establishments exempt from federal income tax ,Employer Firms ,245,285,257,5.6,16.4,5.3
D ,Estimate in table is withheld to avoid disclosing data of individual companies; data are included in higher level totals. ,,,,,,,,,
6212,Offices of Dentists ,"Contributions, gifts, and grants received ",All Establishments ,Employer Firms ,S,S,S,S,S,S
622,Hospitals ,"Private insurance (includes Health, Property, and Auto) ",All Establishments ,Employer Firms ,"397,251","373,264","358,206",1.7,2,1.9
5172,Wireless Telecommunications Carriers (except Satellite)3 ,Mobile long-distance ,All Establishments ,Employer Firms ,"3,354","3,505","3,761",5.3,4.3,3.4
5112,Software Publishers ,Information technology technical consulting services ,All Establishments ,Employer Firms ,"5,563","5,915","5,128",14.3,11.3,10.1
622,Hospitals ,Total operating revenue ,All Establishments ,Employer Firms ,"918,707","864,422","822,590",1.1,0.9,0.6
5417,Scientific Research and Development Services ,Total operating revenue ,Establishments exempt from federal income tax ,Employer Firms ,"33,616","33,394","31,287",2.3,1.9,2.1
485,Transit and Ground Passenger Transportation ,"Long-distance, fixed-route passenger transportation by road ",All Establishments ,Employer Firms ,"3,262","3,011","2,849",5.5,4.8,5.2
511199,All Other Publishers ,All other operating revenue ,All Establishments ,Employer Firms ,"1,388","1,306","1,299",9.2,6.4,5.9
56151,Travel Agencies ,"Commissions or fees from airline seats, domestic destinations ",All Establishments ,Employer Firms ,"1,447","1,429","1,415",7.8,7.9,8.2
622,Hospitals ,"Contributions, gifts, and grants received ",All Establishments ,Employer Firms ,"16,949","16,254","15,418",16.2,15.5,15.9
6211,Offices of Physicians ,"Contributions, gifts, and grants received ",All Establishments ,Employer Firms ,"2,598","2,664","2,441",19,17.2,17.3
5171,Wired Telecommunications Carriers2 ,Fixed services - Fixed long-distance telephony ,All Establishments ,Employer Firms ,"19,743","21,383","20,826",1,0.5,0.7
483,Water Transportation ,Transportation of freight and cargo by water ,All Establishments ,Employer Firms ,"18,764","18,638","17,369",1.3,1,1
6231,Nursing Care Facilities (Skilled Nursing Facilities)11 ,All other non-patient care revenue ,All Establishments ,Employer Firms ,"2,486","2,302","2,249",5.3,4.4,3.9
5121x ,Motion Picture and Video Production and Distribution1 ,Audiovisual works speculatively produced for outright sale ,All Establishments ,Employer Firms ,377,341,321,9.7,5.2,7.1
71311,Amusement and Theme Parks ,All other operating revenue ,Establishments subject to federal income tax ,Employer Firms ,"5,602","5,265","4,999",1.3,1.3,0.8
51224,Sound Recording Studios ,Studio recording ,All Establishments ,Employer Firms ,614,613,605,5.7,6,5.8
485,Transit and Ground Passenger Transportation ,"Local, fixed-route passenger transportation by road and transit rail ",All Establishments ,Employer Firms ,"8,190","7,536","7,219",6.3,5.3,4.9
5412,"Accounting, Tax Preparation, Bookkeeping, and Payroll Services ",Total operating revenue ,All Establishments ,Employer Firms ,"131,389","120,435","116,142",1.7,1.6,1.7
5239X ,Portfolio Management and Investment Advice9 ,Total operating revenue ,All Establishments ,Employer Firms ,"205,196","199,047","190,013",2.9,2.7,2.4
6211,Offices of Physicians ,Other patient care revenue ,All Establishments ,Employer Firms ,"55,102","51,366","52,450",4.7,5,3.4
6117,Educational Support Services ,All other operating revenue ,All Establishments ,Employer Firms ,"2,450","2,741","2,737",8.8,8.4,7.5
5112,Software Publishers ,Application software publishing - General business productivity and home use applications ,All Establishments ,Employer Firms ,"28,039","27,990","25,731",6.6,6.2,4.8
6216,Home Health Care Services ,"Private insurance (includes Health, Property, and Auto) ",All Establishments ,Employer Firms ,"10,077","9,087","8,678",6.4,4.9,3.8
5621,Waste Collection ,Total operating revenue ,All Establishments ,Employer Firms ,"42,370","42,567","41,373",3.7,3,3.2
621391,Offices of Podiatrists ,"Contributions, gifts, and grants received ",All Establishments ,Employer Firms ,S,S,4,S,S,23.6
6212,Offices of Dentists ,Investment and property income ,All Establishments ,Employer Firms ,S,S,S,S,S,S
5417,Scientific Research and Development Services ,Basic and applied research in the biological and biomedical sciences ,Establishments exempt from federal income tax ,Employer Firms ,"4,314","4,138","3,994",5.4,5.4,5.8
6117,Educational Support Services ,"Occupational, technical, and trade; professional development; and management training programs and courses ",All Establishments ,Employer Firms ,"10,697","10,191","9,510",2.8,2.9,2.7
483,Water Transportation ,Total operating revenue ,All Establishments ,Employer Firms ,"37,630","36,560","34,836",0.7,0.6,0.5
62134,"Offices of Physical, Occupational and Speech Therapists and Audiologists ",Patient out-of-pocket - Payments from patients and their families ,All Establishments ,Employer Firms ,"1,846","1,938","1,841",6.7,6.9,7.9
56152,Tour Operators ,All other operating revenue ,All Establishments ,Employer Firms ,417,320,274,9.6,12.2,12
5121x ,Motion Picture and Video Production and Distribution1 ,Merchandise licensing ,All Establishments ,Employer Firms ,837,769,546,5.5,3.5,3.7
5171,Wired Telecommunications Carriers2 ,Fixed services - Fixed local telephony ,All Establishments ,Employer Firms ,"39,272","41,973","45,650",0.9,0.8,0.7
5171,Wired Telecommunications Carriers2 ,Premium programming package ,All Establishments ,Employer Firms ,"23,592","23,392","21,246",0.9,0.5,0.5
511191,Greeting Card Publishers ,Greeting cards (paper or internet) ,All Establishments ,Employer Firms ,"2,577","2,597","2,605",1.6,1.2,1.3
62133,"Offices of Mental Health Practitioners, (except Physicians) ",Patient out-of-pocket - Patients' assigned Social Security benefits ,All Establishments ,Employer Firms ,S,S,S,S,S,S
2212,Natural Gas Distribution ,Sales of energy and resources - Water ,All Establishments ,Employer Firms ,D,ZZ,ZZ,D,NA,NA
522,Credit Intermediation and Related Activities ,Credit card income from consumers ,All Establishments ,Employer Firms ,"76,784","95,923","106,588",1,0.7,0.7
51219,Postproduction Services and Other Motion Picture and Video Industries ,Audiovisual postproduction services ,All Establishments ,Employer Firms ,"3,456","3,478","3,167",3.9,4.4,4
5112,Software Publishers ,All other operating revenue ,All Establishments ,Employer Firms ,"34,759",S,"29,234",3.6,S,3.6
483,Water Transportation ,All other operating revenue ,All Establishments ,Employer Firms ,"1,662","1,431","1,445",5.4,5.5,5
515112,Radio Stations ,National/regional/local air time ,All Establishments ,Employer Firms ,"10,651","10,241","10,315",2.4,2.2,2.1
6216,Home Health Care Services ,Patient out-of-pocket - Payments from patients and their families ,All Establishments ,Employer Firms ,"3,960","3,725","3,410",14.8,13.4,12.5
51111,Newspaper Publishers ,All other operating revenue ,All Establishments ,Employer Firms ,"2,604","2,323","2,323",9.6,9.9,9.2
51113,Book Publishers ,Total operating revenue ,All Establishments ,Employer Firms ,"27,489","27,968","28,121",2.1,1.6,1.4
515112,Radio Stations ,All other operating revenue ,All Establishments ,Employer Firms ,"1,461","1,277","1,212",2.9,4.5,4.5
5171,Wired Telecommunications Carriers2 ,Fixed services - Fixed all distance telephony ,All Establishments ,Employer Firms ,"2,567","2,747","2,754",7.2,5.1,5.8
5231Y ,Investment Banking and Securities Dealing and Brokerage7 ,All other operating revenue ,All Establishments ,Employer Firms ,"64,943","67,534","72,763",1.2,1.8,1.6
6216,Home Health Care Services ,Other patient care revenue ,All Establishments ,Employer Firms ,"2,511","2,379","2,304",18.8,11.7,10.8
62141,Outpatient Care Centers ,"Contributions, gifts, and grants received ",All Establishments ,Employer Firms ,424,380,370,8.3,8.2,7.8
5415,Computer Systems Design and Related Services ,All other operating revenue ,All Establishments ,Employer Firms ,"51,910","46,927","46,931",5.1,4.4,3.4
485,Transit and Ground Passenger Transportation ,"Local, fixed-route passenger transportation by road and transit rail ",All Establishments ,Employer Firms ,"8,190","7,536","7,219",6.3,5.3,4.9
56299,All Other Waste Management Services ,All other operating revenue ,All Establishments ,Employer Firms ,867,983,"1,026",6.1,6.6,5.3
481,Air Transportation ,All other operating revenue ,All Establishments ,Employer Firms ,"18,677","18,238","15,756",4,3.4,3.7
54161,Management Consulting Services10 ,"Operations and supply chain management consulting, and consulting combined with implementation ",All Establishments ,Employer Firms ,"7,961","8,133","8,035",6.2,8.2,7.2
51224,Sound Recording Studios ,Studio recording ,All Establishments ,Employer Firms ,614,613,605,5.7,6,5.8
5239X ,Portfolio Management and Investment Advice9 ,Financial planning and investment management services for individuals ,All Establishments ,Employer Firms ,"65,449","62,494","60,620",5.8,5.5,4.8
62141,Outpatient Care Centers ,Investment and property income ,All Establishments ,Employer Firms ,37,41,38,9.6,9.2,5.9
2212,Natural Gas Distribution ,Sales of energy and resources - Electricity generation and distribution ,All Establishments ,Employer Firms ,"1,171","1,126","1,427",6.3,3.3,0.9
54131,Architectural Services ,Non-residential building projects ,All Establishments ,Employer Firms ,"17,799","17,903","17,626",7.6,6.8,6.3
56151,Travel Agencies ,Commissions or fees from cruises ,All Establishments ,Employer Firms ,"1,333","1,244","1,201",14.5,13.4,15.4
62134,"Offices of Physical, Occupational and Speech Therapists and Audiologists ",Other patient care revenue ,All Establishments ,Employer Firms ,"4,621","4,260","4,109",7,5.4,4.8
624,Social Assistance ,Total revenue ,All Establishments ,Employer Firms ,"151,938","149,927","146,081",1.6,1.3,0.9
5171,Wired Telecommunications Carriers2 ,Internet telephony ,All Establishments ,Employer Firms ,"14,173","12,324","10,299",0.8,0.8,0.9
522,Credit Intermediation and Related Activities ,All other operating revenue ,All Establishments ,Employer Firms ,"222,691","211,842","220,932",3.3,2.8,3
62132,Offices of Optometrists ,"Government (includes Medicare, Medicaid, Other Government, and Workers Compensation) ",All Establishments ,Employer Firms ,"1,768","1,631","1,587",3.3,3.9,3.8
56299,All Other Waste Management Services ,All other operating revenue ,All Establishments ,Employer Firms ,867,983,"1,026",6.1,6.6,5.3
621493,Freestanding Ambulatory Surgical and Emergency Centers ,All other non-patient care revenue ,All Establishments ,Employer Firms ,664,S,S,10.5,S,S
2211,"Electric Power Generation, Transmission and Distribution ",All other operating revenue ,All Establishments ,Employer Firms ,"8,062","8,612","6,646",7.9,7.3,6.4
2212,Natural Gas Distribution ,All other operating revenue ,All Establishments ,Employer Firms ,D,"3,276","3,235",D,3.6,5.4
6215,Medical and Diagnostic Laboratories ,Outpatient care facilities ,All Establishments ,Employer Firms ,"1,245","1,262","1,310",12.5,10.1,10
711211,Sports Teams and Clubs ,Total operating revenue ,Establishments subject to federal income tax ,Employer Firms ,"22,581","22,421","21,504",4.8,3.8,2.9
62142,Outpatient Mental Health and Substance Abuse Centers ,Total operating revenue ,All Establishments ,Employer Firms ,"13,999","13,566","12,985",3.2,2.7,2.2
6216,Home Health Care Services ,"Contributions, gifts, and grants received ",All Establishments ,Employer Firms ,854,768,762,12.9,11.8,11.8
711212,Racetracks ,Total operating revenue ,Establishments subject to federal income tax ,Employer Firms ,"7,681","7,447","7,216",4.7,5,4.9
5231X ,Commodity Contracts Dealing and Brokerage8 ,All other operating revenue ,All Establishments ,Employer Firms ,"6,278","6,235","5,725",3.9,3.4,4.1
5417,Scientific Research and Development Services ,Licensing of right to use intellectual property ,Establishments subject to federal income tax ,Employer Firms ,"13,983","15,146","10,720",10.5,18.2,7.3
51223,Music Publishers ,Administration of copyrights for others ,All Establishments ,Employer Firms ,293,272,235,3.2,3.2,3.3
5231Y ,Investment Banking and Securities Dealing and Brokerage7 ,Financial planning and investment management services for businesses and governments ,All Establishments ,Employer Firms ,"9,929","10,975","11,617",3.5,2.7,4
621493,Freestanding Ambulatory Surgical and Emergency Centers ,"Contributions, gifts, and grants received ",All Establishments ,Employer Firms ,S,S,S,S,S,S
5174,Satellite Telecommunications ,Private network services ,All Establishments ,Employer Firms ,"1,843","1,729",S,3.9,4,S
5239X ,Portfolio Management and Investment Advice9 ,Total operating revenue ,All Establishments ,Employer Firms ,"205,196","199,047","190,013",2.9,2.7,2.4
6231,Nursing Care Facilities (Skilled Nursing Facilities)11 ,Total operating revenue ,All Establishments ,Employer Firms ,"112,506","110,305","105,297",2.2,2.1,2.1
561599,All Other Travel Arrangement and Reservation Services ,All other operating revenue ,All Establishments ,Employer Firms ,S,"1,515","1,433",S,5.5,5.2
621493,Freestanding Ambulatory Surgical and Emergency Centers ,"Private insurance (includes Health, Property, and Auto) ",All Establishments ,Employer Firms ,"12,665","11,573","10,824",4,2.3,2.2
54133,Engineering Services ,Municipal utility engineering projects ,All Establishments ,Employer Firms ,"7,670","8,336","7,988",14.3,15.7,13.4
515111,Radio Networks ,National/regional/local air time ,All Establishments ,Employer Firms ,"1,135","1,049","1,118",4.1,4.8,4.1
6211,Offices of Physicians ,"Government (includes Medicare, Medicaid, Other Government, and Workers Compensation) ",All Establishments ,Employer Firms ,"107,841","103,814","98,652",2,2.2,1.9
5171,Wired Telecommunications Carriers2 ,Air time (advertising and program content) ,All Establishments ,Employer Firms ,S,"5,146","5,051",S,0.6,0.5
2211,"Electric Power Generation, Transmission and Distribution ",All other operating revenue ,All Establishments ,Employer Firms ,"8,062","8,612","6,646",7.9,7.3,6.4
621399,Offices of All Other Miscellaneous Health Practitioners ,Other patient care revenue ,All Establishments ,Employer Firms ,636,639,621,9.2,8.8,7.9
2213,"Water, Sewage and Other Systems ",Sewer system user charges ,All Establishments ,Employer Firms ,"1,657","1,645","1,483",3.9,3.5,1.6
561599,All Other Travel Arrangement and Reservation Services ,Commissions or fees from other reservation services ,All Establishments ,Employer Firms ,275,242,234,11.8,17.4,4.5
62141,Outpatient Care Centers ,"Private insurance (includes Health, Property, and Auto) ",All Establishments ,Employer Firms ,334,317,330,3.6,2.9,2.8
62134,"Offices of Physical, Occupational and Speech Therapists and Audiologists ","Private insurance (includes Health, Property, and Auto) ",All Establishments ,Employer Firms ,"8,932","8,301","7,799",3.6,3.5,3.4
5174,Satellite Telecommunications ,Total operating revenue ,All Establishments ,Employer Firms ,"5,525","5,395","5,296",3.6,3.7,3.1
6215,Medical and Diagnostic Laboratories ,Non-patient care revenue ,All Establishments ,Employer Firms ,"3,037","2,984","2,685",9.9,9.4,9
2213,"Water, Sewage and Other Systems ",Water sales ,All Establishments ,Employer Firms ,"8,627","8,292","8,033",2.6,2,2.1
5231Y ,Investment Banking and Securities Dealing and Brokerage7 ,Financial planning and investment management services for individuals ,All Establishments ,Employer Firms ,"15,713","14,430","13,933",2.6,2.1,2.2
5417,Scientific Research and Development Services ,Basic and applied research in the biological and biomedical sciences ,Establishments exempt from federal income tax ,Employer Firms ,"4,314","4,138","3,994",5.4,5.4,5.8
6211,Offices of Physicians ,Total operating revenue ,All Establishments ,Employer Firms ,"404,254","386,672","372,579",1.4,1.2,0.9
5121x ,Motion Picture and Video Production and Distribution1 ,Domestic licensing of rights to television programs ,All Establishments ,Employer Firms ,"12,796","12,355","11,364",8.9,2.6,2.4
  ,  ,,,,,,,,,
62141,Outpatient Care Centers ,Total operating revenue ,All Establishments ,Employer Firms ,"2,002","1,914","1,864",3.3,3.1,2.8
62133,"Offices of Mental Health Practitioners, (except Physicians) ",Total operating revenue ,All Establishments ,Employer Firms ,"8,040","7,350","6,702",4.5,4.3,4.4
NA ,Not available. ,,,,,,,,,
51114,Directory and Mailing List Publishers ,Total operating revenue ,All Establishments ,Employer Firms ,"12,182","13,040","13,475",2.3,2.1,2.1
54181,Advertising Agencies ,Total operating revenue ,All Establishments ,Employer Firms ,"39,826","35,437","33,476",5.2,4.3,4.4
51114,Directory and Mailing List Publishers ,All other operating revenue ,All Establishments ,Employer Firms ,S,545,610,S,11.6,11.1
56152,Tour Operators ,All other operating revenue ,All Establishments ,Employer Firms ,417,320,274,9.6,12.2,12
515112,Radio Stations ,All other operating revenue ,All Establishments ,Employer Firms ,"1,461","1,277","1,212",2.9,4.5,4.5
51512,Television Broadcasting ,Total operating revenue ,All Establishments ,Employer Firms ,"38,765","35,293","35,334",1.2,1.8,1.2
6115,Technical and Trade Schools ,"Occupational, technical, and trade; professional development; and management training programs and courses ",All Establishments ,Employer Firms ,"13,365","13,394","12,801",4.4,4.9,3.7
2213,"Water, Sewage and Other Systems ",All other operating revenue ,All Establishments ,Employer Firms ,"2,170","2,258","2,132",7.3,6.9,7.1
5412,"Accounting, Tax Preparation, Bookkeeping, and Payroll Services ",Taxation preparation and representation services for individuals and unincorporated businesses ,All Establishments ,Employer Firms ,"15,482","14,933","14,940",5.9,6,5.4
51913,Internet Publishing and Broadcasting and Web Search Portals6 ,Online advertising space ,All Establishments ,Employer Firms ,"30,770","26,248","22,523",2.7,3,2.6
622,Hospitals ,Total operating revenue ,All Establishments ,Employer Firms ,"918,707","864,422","822,590",1.1,0.9,0.6
5231Y ,Investment Banking and Securities Dealing and Brokerage7 ,Brokering and dealing products - Equities ,All Establishments ,Employer Firms ,"35,771","37,703","43,397",2.5,2.3,2.1
