NAICS,NAICS Description,Item,Tax Status,Employer Status,2012 Revenue,2011 Revenue,2010 Revenue,2012 Coefficient of Variation,2011 Coefficient of Variation,2010 Coefficient of Variation
54133,Engineering Services ,Construction services ,All Establishments ,Employer Firms ,"20,316","17,669","17,102",22.5,16.1,15.4
6117,Educational Support Services ,All other operating revenue ,All Establishments ,Employer Firms ,"2,450","2,741","2,737",8.8,8.4,7.5
5412,"Accounting, Tax Preparation, Bookkeeping, and Payroll Services ",General accounting services ,All Establishments ,Employer Firms ,"6,574","5,987","6,306",9.7,10.3,11.4
483,Water Transportation ,All other operating revenue ,All Establishments ,Employer Firms ,"1,662","1,431","1,445",5.4,5.5,5
54133,Engineering Services ,Total operating revenue ,All Establishments ,Employer Firms ,"175,434","177,708","172,403",10,9.1,10.2
54131,Architectural Services ,Single-family residential projects ,All Establishments ,Employer Firms ,"2,314","2,274","2,180",18.4,18.5,16.2
5231X ,Commodity Contracts Dealing and Brokerage8 ,Trading foreign currency on own account - Net gains (losses) ,All Establishments ,Employer Firms ,328,271,274,7.6,6.6,6.6
51114,Directory and Mailing List Publishers ,Total operating revenue ,All Establishments ,Employer Firms ,"12,182","13,040","13,475",2.3,2.1,2.1
6232,"Residential Intellectual and Developmental Disability, Mental Health and Substance Abuse Facilities11 ",Total operating revenue ,All Establishments ,Employer Firms ,"33,702","32,657","31,948",2,1.8,1.5
51919,All Other Information Services ,Information search and retrieval services ,All Establishments ,Employer Firms ,"2,048","1,917","1,971",4.9,4.8,4.8
5112,Software Publishers ,Information technology technical consulting services ,All Establishments ,Employer Firms ,"5,563","5,915","5,128",14.3,11.3,10.1
6211,Offices of Physicians ,Total operating revenue ,All Establishments ,Employer Firms ,"404,254","386,672","372,579",1.4,1.2,0.9
5171,Wired Telecommunications Carriers2 ,Installation services for connections to program distribution networks ,All Establishments ,Employer Firms ,"1,323","1,115","1,104",20.1,21.4,21.2
51213,Motion Picture and Video Exhibition ,Advertising services ,All Establishments ,Employer Firms ,190,165,154,10.2,5,2.7
5171,Wired Telecommunications Carriers2 ,Internet telephony ,All Establishments ,Employer Firms ,"14,173","12,324","10,299",0.8,0.8,0.9
54186,Direct Mail Advertising ,Total operating revenue ,All Establishments ,Employer Firms ,"11,391","11,092","10,745",3.1,3.5,3.6
621391,Offices of Podiatrists ,"Private insurance (includes Health, Property, and Auto) ",All Establishments ,Employer Firms ,"1,959","1,860","1,842",3.8,4,3.7
51219,Postproduction Services and Other Motion Picture and Video Industries ,Duplication and copying services ,All Establishments ,Employer Firms ,"1,118","1,228","1,189",5.8,5.4,5.5
6212,Offices of Dentists ,Other patient care revenue ,All Establishments ,Employer Firms ,"6,635","6,373","6,270",8.7,8.6,7.8
5231Y ,Investment Banking and Securities Dealing and Brokerage7 ,Financial planning and investment management services for individuals ,All Establishments ,Employer Firms ,"15,713","14,430","13,933",2.6,2.1,2.2
485,Transit and Ground Passenger Transportation ,"Local, fixed-route passenger transportation by road and transit rail ",All Establishments ,Employer Firms ,"8,190","7,536","7,219",6.3,5.3,4.9
6216,Home Health Care Services ,Other patient care revenue ,All Establishments ,Employer Firms ,"2,511","2,379","2,304",18.8,11.7,10.8
5417,Scientific Research and Development Services ,All other operating revenue ,Establishments exempt from federal income tax ,Employer Firms ,"3,674","3,938","3,813",5.3,4.9,5.1
6215,Medical and Diagnostic Laboratories ,Non-patient care revenue ,All Establishments ,Employer Firms ,"3,037","2,984","2,685",9.9,9.4,9
5171,Wired Telecommunications Carriers2 ,Carrier services ,All Establishments ,Employer Firms ,"18,722","19,534","18,967",1.8,2.1,2.6
621491,Other Outpatient Care Centers ,All other non-patient care revenue ,All Establishments ,Employer Firms ,13,21,15,1.4,1.3,1.2
5415,Computer Systems Design and Related Services ,IT technical consulting ,All Establishments ,Employer Firms ,"31,474","30,673","26,937",11.9,10.6,9.2
5121x ,Motion Picture and Video Production and Distribution1 ,Domestic licensing of rights to motion picture films ,All Establishments ,Employer Firms ,"13,729","13,507","13,785",2,1.9,2
54161,Management Consulting Services10 ,All other consulting revenue ,All Establishments ,Employer Firms ,"21,628","20,259","17,944",6.6,6.3,5.7
51111,Newspaper Publishers ,Advertising space ,All Establishments ,Employer Firms ,"18,871","19,731","21,055",2.8,2.6,2.5
624,Social Assistance ,Program service ,All Establishments ,Employer Firms ,"83,133","80,836","78,170",3.4,3.1,2.5
6219,Other Ambulatory Health Care Services ,Other patient care revenue ,All Establishments ,Employer Firms ,"11,327","11,394","11,063",1.4,1.7,1.7
51913,Internet Publishing and Broadcasting and Web Search Portals6 ,Publishing and broadcasting of content on the Internet ,All Establishments ,Employer Firms ,"18,070","15,210","14,005",4.4,4.1,3.2
54111,Offices of Lawyers ,Total operating revenue ,Establishments exempt from federal income tax ,Employer Firms ,"3,111","3,128","3,025",6.6,5,3.6
6212,Offices of Dentists ,Investment and property income ,All Establishments ,Employer Firms ,S,S,S,S,S,S
5621,Waste Collection ,Hazardous waste management collection services ,All Establishments ,Employer Firms ,"1,205","1,386","1,478",6.3,5,4
483,Water Transportation ,Participatory recreational services by water craft ,All Establishments ,Employer Firms ,S,S,S,S,S,S
51213,Motion Picture and Video Exhibition ,Food and beverage sales ,All Establishments ,Employer Firms ,"4,207","3,858","3,789",3.3,2.5,2.3
5174,Satellite Telecommunications ,Total operating revenue ,All Establishments ,Employer Firms ,"5,525","5,395","5,296",3.6,3.7,3.1
621492,Kidney Dialysis Centers ,"Government (includes Medicare, Medicaid, Other Government, and Workers Compensation) ",All Establishments ,Employer Firms ,"11,783","10,836","10,296",3.1,2.8,2.3
5171,Wired Telecommunications Carriers2 ,Installation services for connections to program distribution networks ,All Establishments ,Employer Firms ,"1,323","1,115","1,104",20.1,21.4,21.2
6233,Community Care Facilities for the Elderly ,Investment and property income ,All Establishments ,Employer Firms ,919,785,850,6.8,5.5,7.4
62132,Offices of Optometrists ,Investment and property income ,All Establishments ,Employer Firms ,12,S,S,12,S,S
621492,Kidney Dialysis Centers ,Total operating revenue ,All Establishments ,Employer Firms ,"18,900","17,270","16,447",3.1,2.8,2.3
561599,All Other Travel Arrangement and Reservation Services ,Commissions or fees from computerized reservation systems ,All Establishments ,Employer Firms ,"1,713","1,668","1,629",5,4.1,4.5
62142,Outpatient Mental Health and Substance Abuse Centers ,All other non-patient care revenue ,All Establishments ,Employer Firms ,367,342,279,14.2,12.3,14.6
62132,Offices of Optometrists ,Investment and property income ,All Establishments ,Employer Firms ,12,S,S,12,S,S
6116,Other Schools and Instruction ,Total operating revenue ,All Establishments ,Employer Firms ,"19,844","18,179","16,931",2.3,2.7,2.5
481,Air Transportation ,Total operating revenue ,All Establishments ,Employer Firms ,"193,769","184,768","157,342",3.1,2.8,2.5
6239,Other Residential Care Facilities ,Investment and property income ,All Establishments ,Employer Firms ,212,203,225,7.1,5.1,6.5
621391,Offices of Podiatrists ,All other non-patient care revenue ,All Establishments ,Employer Firms ,51,S,S,22.4,S,S
6233,Community Care Facilities for the Elderly ,Patient out-of-pocket - Payments from patients and their families ,All Establishments ,Employer Firms ,"31,463","29,715","28,299",2.8,2.7,2.7
5231X ,Commodity Contracts Dealing and Brokerage8 ,Total operating revenue ,All Establishments ,Employer Firms ,"13,432","13,626","14,145",3.6,3.4,3.8
813,"Religious, Grantmaking, Civic, Professional, and Similar Organizations12 ",Total revenue ,All Establishments ,Employer Firms ,"181,359","172,321","170,069",1.7,1.7,1.6
51222,Integrated Record Production/Distribution ,Licensing revenue - Licensing of rights to use musical recordings ,All Establishments ,Employer Firms ,D,668,791,D,1,0.9
51111,Newspaper Publishers ,Printing services for others ,All Establishments ,Employer Firms ,"1,448","1,313","1,258",6,6.9,7.1
5412,"Accounting, Tax Preparation, Bookkeeping, and Payroll Services ","Bookkeeping, compilation, billing, and collection services ",All Establishments ,Employer Firms ,"6,623","5,757","5,739",9.5,12.1,10.7
5172,Wireless Telecommunications Carriers (except Satellite)3 ,All other operating revenue ,All Establishments ,Employer Firms ,"12,911","13,270","11,784",3.4,2.9,3.4
51113,Book Publishers ,"Books - professional, technical, and scholarly books ",All Establishments ,Employer Firms ,"4,417","4,246","4,365",3.8,4.5,4.4
51222,Integrated Record Production/Distribution ,All other operating revenue ,All Establishments ,Employer Firms ,D,865,869,D,5.1,4.8
54111,Offices of Lawyers ,Investment and property income ,Establishments exempt from federal income tax ,Employer Firms ,S,S,S,S,S,S
5417,Scientific Research and Development Services ,All other non-operating revenue ,Establishments exempt from federal income tax ,Employer Firms ,647,416,735,10,14.3,7.9
5121x ,Motion Picture and Video Production and Distribution1 ,Domestic licensing of rights to others to distribute audiovisual works ,All Establishments ,Employer Firms ,788,748,756,2.9,2.3,2.2
5415,Computer Systems Design and Related Services ,Total operating revenue ,All Establishments ,Employer Firms ,"320,236","303,354","283,790",2,1.8,1.7
6232,"Residential Intellectual and Developmental Disability, Mental Health and Substance Abuse Facilities11 ",Total operating revenue ,All Establishments ,Employer Firms ,"33,702","32,657","31,948",2,1.8,1.5
483,Water Transportation ,"Coastal, fixed-route, passenger by water ",All Establishments ,Employer Firms ,422,408,367,5,5,3.6
624,Social Assistance ,"Contributions, gifts, and grants received ",All Establishments ,Employer Firms ,"59,765","60,267","59,366",2,2.1,2.1
5417,Scientific Research and Development Services ,Licensing of right to use intellectual property ,Establishments exempt from federal income tax ,Employer Firms ,245,285,257,5.6,16.4,5.3
621493,Freestanding Ambulatory Surgical and Emergency Centers ,"Contributions, gifts, and grants received ",All Establishments ,Employer Firms ,S,S,S,S,S,S
54133,Engineering Services ,Hazardous waste and industrial waste engineering projects ,All Establishments ,Employer Firms ,"4,649","4,634","4,437",20.9,19.2,23.9
621399,Offices of All Other Miscellaneous Health Practitioners ,"Contributions, gifts, and grants received ",All Establishments ,Employer Firms ,S,S,94,S,S,26.6
51112,Periodical Publishers ,Total operating revenue ,All Establishments ,Employer Firms ,"38,949","38,462","38,395",4.3,3.2,2.5
5412,"Accounting, Tax Preparation, Bookkeeping, and Payroll Services ",Management consulting services ,All Establishments ,Employer Firms ,"10,937","9,291","8,026",4.5,4,4.2
5231Y ,Investment Banking and Securities Dealing and Brokerage7 ,Financial planning and investment management services for businesses and governments ,All Establishments ,Employer Firms ,"9,929","10,975","11,617",3.5,2.7,4
5239X ,Portfolio Management and Investment Advice9 ,Total operating revenue ,All Establishments ,Employer Firms ,"205,196","199,047","190,013",2.9,2.7,2.4
6219,Other Ambulatory Health Care Services ,Other patient care revenue ,All Establishments ,Employer Firms ,"11,327","11,394","11,063",1.4,1.7,1.7
54182,Public Relations Agencies ,All other operating revenue ,All Establishments ,Employer Firms ,775,709,602,12.7,9.9,13.1
54133,Engineering Services ,All other operating revenue ,All Establishments ,Employer Firms ,"34,356","40,408","40,694",12.4,11.2,11.7
6233,Community Care Facilities for the Elderly ,Patient out-of-pocket - Payments from patients and their families ,All Establishments ,Employer Firms ,"31,463","29,715","28,299",2.8,2.7,2.7
4,"Includes 2002 NAICS 5173 (Telecommunications Resellers).  Historical data, 2010 and prior, have been restated to reflect comparable data on the 2007 NAICS basis. ",,,,,,,,,
5112,Software Publishers ,System software publishing - Database management software ,All Establishments ,Employer Firms ,"10,492","10,267","9,913",4.1,7,7.8
621491,Other Outpatient Care Centers ,All other non-patient care revenue ,All Establishments ,Employer Firms ,13,21,15,1.4,1.3,1.2
518,"Data Processing, Hosting, and Related Services5 ",Information technology (IT) design and development services ,All Establishments ,Employer Firms ,"2,996","2,587","2,277",13.6,12.6,11.5
7111,Performing Arts Companies ,All other operating revenue ,Establishments subject to federal income tax ,Employer Firms ,"2,753","2,651","2,433",5.4,6.1,5.4
54181,Advertising Agencies ,Other advertising services ,All Establishments ,Employer Firms ,"4,401","3,974","3,769",7.4,6,10.1
54133,Engineering Services ,Residential engineering projects ,All Establishments ,Employer Firms ,S,S,S,S,S,S
5412,"Accounting, Tax Preparation, Bookkeeping, and Payroll Services ",General accounting services ,All Establishments ,Employer Firms ,"6,574","5,987","6,306",9.7,10.3,11.4
5152,Cable and Other Subscription Programming ,Total operating revenue ,All Establishments ,Employer Firms ,"64,168","60,318","55,168",0.4,0.3,0.2
6231,Nursing Care Facilities (Skilled Nursing Facilities)11 ,Patient out-of-pocket - Patients' assigned Social Security benefits ,All Establishments ,Employer Firms ,"1,474","1,295","1,262",5.2,6.3,6.3
621491,Other Outpatient Care Centers ,Investment and property income ,All Establishments ,Employer Firms ,563,529,472,1.3,1.3,1.3
522,Credit Intermediation and Related Activities ,Loan income from businesses and governments ,All Establishments ,Employer Firms ,"181,470","183,809","197,028",6,5.5,5.7
51111,Newspaper Publishers ,Subscriptions and sales ,All Establishments ,Employer Firms ,"8,570","8,570","8,753",2.8,2.3,2.4
56151,Travel Agencies ,Commissions or fees from lodging ,All Establishments ,Employer Firms ,"3,035","2,976","2,671",7,7.2,6.9
5112,Software Publishers ,System software publishing - Database management software ,All Establishments ,Employer Firms ,"10,492","10,267","9,913",4.1,7,7.8
  ,  ,,,,,,,,,
6114,Business Schools and Computer and Management Training ,All other operating revenue ,All Establishments ,Employer Firms ,"1,799","1,740","1,566",12.7,12.6,11.6
6231,Nursing Care Facilities (Skilled Nursing Facilities)11 ,Patient out-of-pocket - Payments from patients and their families ,All Establishments ,Employer Firms ,"11,659","11,298","11,247",2.8,2.7,2.2
5112,Software Publishers ,Re-sale of computer hardware and software ,All Establishments ,Employer Firms ,"5,608","4,557","3,262",6.3,9,4
6219,Other Ambulatory Health Care Services ,Patient out-of-pocket - Patients' assigned Social Security benefits ,All Establishments ,Employer Firms ,22,19,17,10,9.6,7.5
51913,Internet Publishing and Broadcasting and Web Search Portals6 ,Total operating revenue ,All Establishments ,Employer Firms ,"57,534","48,487","41,725",3,2.9,2.5
5417,Scientific Research and Development Services ,Basic and applied research in the biological and biomedical sciences ,Establishments exempt from federal income tax ,Employer Firms ,"4,314","4,138","3,994",5.4,5.4,5.8
62142,Outpatient Mental Health and Substance Abuse Centers ,"Private insurance (includes Health, Property, and Auto) ",All Establishments ,Employer Firms ,"2,043","1,869","1,783",6.1,7.6,9.7
51112,Periodical Publishers ,Periodicals - subscriptions & sales ,All Establishments ,Employer Firms ,"14,027","12,790","12,608",7.5,7.4,5.9
5417,Scientific Research and Development Services ,Basic and applied research in the social sciences and humanities ,Establishments subject to federal income tax ,Employer Firms ,"1,278","1,208","1,133",6.9,6.5,6.5
711212,Racetracks ,Total operating revenue ,Establishments subject to federal income tax ,Employer Firms ,"7,681","7,447","7,216",4.7,5,4.9
51111,Newspaper Publishers ,Total operating revenue ,All Establishments ,Employer Firms ,"32,729","33,164","34,695",2.3,2,1.9
51223,Music Publishers ,Licensing revenue - Licensing of rights to use musical compositions ,All Establishments ,Employer Firms ,"2,979","2,931","2,948",2.3,2.5,2.4
6115,Technical and Trade Schools ,All other operating revenue ,All Establishments ,Employer Firms ,"2,113","2,428","2,190",9.7,11,11.4
54133,Engineering Services ,Municipal utility engineering projects ,All Establishments ,Employer Firms ,"7,670","8,336","7,988",14.3,15.7,13.4
62133,"Offices of Mental Health Practitioners, (except Physicians) ","Government (includes Medicare, Medicaid, Other Government, and Workers Compensation) ",All Establishments ,Employer Firms ,"3,557","3,213","2,847",5.1,5.1,5
5231Y ,Investment Banking and Securities Dealing and Brokerage7 ,Trading derivative contracts on own account - Net gains (losses) ,All Establishments ,Employer Firms ,"8,753","9,432","9,357",10.2,10.6,5.4
56292,Material Recovery Facilities ,Other waste management services ,All Establishments ,Employer Firms ,43,30,29,26.3,6.2,5.8
5231X ,Commodity Contracts Dealing and Brokerage8 ,Brokering and dealing products - Derivative contracts ,All Establishments ,Employer Firms ,"1,785","2,359","2,003",7.3,6,6.8
54133,Engineering Services ,"Commercial, public, and institutional engineering projects ",All Establishments ,Employer Firms ,"13,718","12,054","10,611",21.6,21.8,20
7,Includes NAICS 52311 (Investment Banking and Securities Dealing) and NAICS 52312 (Securities Brokerage). ,,,,,,,,,
5417,Scientific Research and Development Services ,Basic and applied research in the biological and biomedical sciences ,Establishments exempt from federal income tax ,Employer Firms ,"4,314","4,138","3,994",5.4,5.4,5.8
5171,Wired Telecommunications Carriers2 ,Internet telephony ,All Establishments ,Employer Firms ,"14,173","12,324","10,299",0.8,0.8,0.9
5171,Wired Telecommunications Carriers2 ,Fixed services - Fixed local telephony ,All Establishments ,Employer Firms ,"39,272","41,973","45,650",0.9,0.8,0.7
51111,Newspaper Publishers ,Printing services for others ,All Establishments ,Employer Firms ,"1,448","1,313","1,258",6,6.9,7.1
622,Hospitals ,"Private insurance (includes Health, Property, and Auto) ",All Establishments ,Employer Firms ,"397,251","373,264","358,206",1.7,2,1.9
51223,Music Publishers ,Print music ,All Establishments ,Employer Firms ,266,281,267,3,3.2,3.2
56152,Tour Operators ,All other operating revenue ,All Establishments ,Employer Firms ,417,320,274,9.6,12.2,12
6239,Other Residential Care Facilities ,Patient out-of-pocket - Patients' assigned Social Security benefits ,All Establishments ,Employer Firms ,S,26,S,S,29.2,S
51114,Directory and Mailing List Publishers ,Total operating revenue ,All Establishments ,Employer Firms ,"12,182","13,040","13,475",2.3,2.1,2.1
6231,Nursing Care Facilities (Skilled Nursing Facilities)11 ,"Contributions, gifts, and grants received ",All Establishments ,Employer Firms ,421,387,344,14.2,19.8,17
56299,All Other Waste Management Services ,Other waste management services ,All Establishments ,Employer Firms ,"3,235","2,651","2,418",5.6,5.2,5.1
483,Water Transportation ,Cruises ,All Establishments ,Employer Firms ,"15,329","14,812","14,422",0.1,0.3,0.3
6232,"Residential Intellectual and Developmental Disability, Mental Health and Substance Abuse Facilities11 ",All other non-patient care revenue ,All Establishments ,Employer Firms ,716,649,664,7,10,10.1
5622,Waste Treatment and Disposal ,All other operating revenue ,All Establishments ,Employer Firms ,"2,323","1,979","1,867",8.6,6,4.7
6219,Other Ambulatory Health Care Services ,Other patient care revenue ,All Establishments ,Employer Firms ,"11,327","11,394","11,063",1.4,1.7,1.7
6211,Offices of Physicians ,Patient out-of-pocket - Payments from patients and their families ,All Establishments ,Employer Firms ,"34,470","34,882","32,928",4.8,4.6,4.4
5621,Waste Collection ,Total operating revenue ,All Establishments ,Employer Firms ,"42,370","42,567","41,373",3.7,3,3.2
4,"Includes 2002 NAICS 5173 (Telecommunications Resellers).  Historical data, 2010 and prior, have been restated to reflect comparable data on the 2007 NAICS basis. ",,,,,,,,,
2212,Natural Gas Distribution ,Sales of energy and resources - Other revenue from sales of energy ,All Establishments ,Employer Firms ,"8,384","11,019","11,134",4.2,5.4,6.3
62133,"Offices of Mental Health Practitioners, (except Physicians) ",Patient out-of-pocket - Payments from patients and their families ,All Establishments ,Employer Firms ,"1,357","1,227","1,129",9.5,7.2,6.8
5417,Scientific Research and Development Services ,Licensing of right to use intellectual property ,Establishments exempt from federal income tax ,Employer Firms ,245,285,257,5.6,16.4,5.3
6239,Other Residential Care Facilities ,Other patient care revenue ,All Establishments ,Employer Firms ,S,519,504,S,5.6,6.1
622,Hospitals ,Patient out-of-pocket - Patients' assigned Social Security benefits ,All Establishments ,Employer Firms ,"1,174","1,176",S,21.3,23.7,S
621399,Offices of All Other Miscellaneous Health Practitioners ,Patient out-of-pocket - Payments from patients and their families ,All Establishments ,Employer Firms ,"1,026",916,856,6.7,7.7,7.1
56151,Travel Agencies ,Commissions or fees from event tickets ,All Establishments ,Employer Firms ,249,224,210,14.3,14.4,15.3
6239,Other Residential Care Facilities ,"Contributions, gifts, and grants received ",All Establishments ,Employer Firms ,"1,333","1,326","1,320",5.4,4.2,4.7
622,Hospitals ,"Private insurance (includes Health, Property, and Auto) ",All Establishments ,Employer Firms ,"397,251","373,264","358,206",1.7,2,1.9
483,Water Transportation ,Towing services by water ,All Establishments ,Employer Firms ,843,738,565,9.3,9.3,10.6
56292,Material Recovery Facilities ,Other waste management services ,All Establishments ,Employer Firms ,43,30,29,26.3,6.2,5.8
6233,Community Care Facilities for the Elderly ,Patient out-of-pocket - Patients' assigned Social Security benefits ,All Establishments ,Employer Firms ,447,429,416,14.3,15.8,14.9
522,Credit Intermediation and Related Activities ,Total operating revenue ,All Establishments ,Employer Firms ,"1,032,590","1,048,400","1,120,199",1.7,1.4,1.4
813,"Religious, Grantmaking, Civic, Professional, and Similar Organizations12 ",Investment and property income ,All Establishments ,Employer Firms ,"19,957","15,183","20,002",6.4,7.5,7.3
518,"Data Processing, Hosting, and Related Services5 ",Information technology (IT) design and development services ,All Establishments ,Employer Firms ,"2,996","2,587","2,277",13.6,12.6,11.5
62132,Offices of Optometrists ,Other patient care revenue ,All Establishments ,Employer Firms ,858,832,781,11.8,8.3,8.6
54181,Advertising Agencies ,Media buying ,All Establishments ,Employer Firms ,"6,689","6,245","6,290",10.7,8.7,9.5
2212,Natural Gas Distribution ,Sales of energy and resources - Electricity generation and distribution ,All Establishments ,Employer Firms ,"1,171","1,126","1,427",6.3,3.3,0.9
51913,Internet Publishing and Broadcasting and Web Search Portals6 ,All other operating revenue ,All Establishments ,Employer Firms ,"6,880","5,261","4,037",5.5,5.7,4.5
11,The industry name and description have been changed to reflect the 2012 NAICS manual in order to be consistent with industry nomenclature. ,,,,,,,,,
621391,Offices of Podiatrists ,Investment and property income ,All Establishments ,Employer Firms ,S,33,27,S,16.4,19.1
5172,Wireless Telecommunications Carriers (except Satellite)3 ,Repair and maintenance services for telecommunications equipment ,All Establishments ,Employer Firms ,S,"1,480","1,335",S,4.9,5.4
62132,Offices of Optometrists ,"Private insurance (includes Health, Property, and Auto) ",All Establishments ,Employer Firms ,"4,447","4,310","4,161",3.2,2.3,1.8
6219,Other Ambulatory Health Care Services ,"Government (includes Medicare, Medicaid, Other Government, and Workers Compensation) ",All Establishments ,Employer Firms ,"7,626","7,072","6,721",4.7,4.1,3.4
51219,Postproduction Services and Other Motion Picture and Video Industries ,Duplication and copying services ,All Establishments ,Employer Firms ,"1,118","1,228","1,189",5.8,5.4,5.5
561599,All Other Travel Arrangement and Reservation Services ,All other operating revenue ,All Establishments ,Employer Firms ,S,"1,515","1,433",S,5.5,5.2
5417,Scientific Research and Development Services ,Basic and applied research in the biological and biomedical sciences ,Establishments exempt from federal income tax ,Employer Firms ,"4,314","4,138","3,994",5.4,5.4,5.8
5121x ,Motion Picture and Video Production and Distribution1 ,Domestic licensing of rights to others to distribute audiovisual works ,All Establishments ,Employer Firms ,788,748,756,2.9,2.3,2.2
12,"Excludes NAICS 8131 (Religious Organizations), NAICS 81393 (Labor Unions and Similar Labor Organizations), and NAICS 81394 (Political Organizations). ",,,,,,,,,
54111,Offices of Lawyers ,Total operating revenue ,Establishments exempt from federal income tax ,Employer Firms ,"3,111","3,128","3,025",6.6,5,3.6
6215,Medical and Diagnostic Laboratories ,Patient out-of-pocket ,All Establishments ,Employer Firms ,"2,852","2,889","2,795",4.5,4.2,3.5
12,"Excludes NAICS 8131 (Religious Organizations), NAICS 81393 (Labor Unions and Similar Labor Organizations), and NAICS 81394 (Political Organizations). ",,,,,,,,,
5415,Computer Systems Design and Related Services ,Custom application design and development ,All Establishments ,Employer Firms ,"72,189","67,199","60,078",4.4,5.2,5
5121x ,Motion Picture and Video Production and Distribution1 ,Total operating revenue ,All Establishments ,Employer Firms ,"66,235","63,840","62,567",2.6,1.7,1.8
515112,Radio Stations ,Public and non-commercial programming services ,All Establishments ,Employer Firms ,629,649,608,12.7,13.6,12
511199,All Other Publishers ,All other operating revenue ,All Establishments ,Employer Firms ,"1,388","1,306","1,299",9.2,6.4,5.9
621491,Other Outpatient Care Centers ,Total operating revenue ,All Establishments ,Employer Firms ,"7,272","6,867","6,200",1.3,1.3,1.3
5152,Cable and Other Subscription Programming ,Air time (advertising and program content) ,All Establishments ,Employer Firms ,"23,304","23,586","21,269",0.5,0.5,0.5
5417,Scientific Research and Development Services ,Basic and applied research in engineering and technology ,Establishments exempt from federal income tax ,Employer Firms ,"8,399","8,735","8,152",3.9,3.3,3.3
54186,Direct Mail Advertising ,Concept development for a direct mail advertising campaign ,All Establishments ,Employer Firms ,388,410,428,17.5,15.6,18.8
621391,Offices of Podiatrists ,Total operating revenue ,All Establishments ,Employer Firms ,"4,646","4,301","4,149",4.1,3.6,3.1
5172,Wireless Telecommunications Carriers (except Satellite)3 ,Internet access services ,All Establishments ,Employer Firms ,"56,084",S,S,3.6,S,S
56132,Temporary Help Services ,Temporary staffing services ,All Establishments ,Employer Firms ,"99,446","89,733","79,790",4.1,3.2,3.3
6219,Other Ambulatory Health Care Services ,Patient out-of-pocket - Payments from patients and their families ,All Establishments ,Employer Firms ,"1,407","1,371","1,324",6.6,6.5,6.6
56299,All Other Waste Management Services ,Other waste management services ,All Establishments ,Employer Firms ,"3,235","2,651","2,418",5.6,5.2,5.1
621399,Offices of All Other Miscellaneous Health Practitioners ,"Private insurance (includes Health, Property, and Auto) ",All Establishments ,Employer Firms ,"1,736","1,656","1,521",5.4,5.4,4.8
56151,Travel Agencies ,Commissions or fees from cruises ,All Establishments ,Employer Firms ,"1,333","1,244","1,201",14.5,13.4,15.4
56152,Tour Operators ,Customized group tours - Domestic travel ,All Establishments ,Employer Firms ,"1,106","1,000",851,12.4,11.7,8.1
561599,All Other Travel Arrangement and Reservation Services ,Total operating revenue ,All Establishments ,Employer Firms ,"15,529","14,641","13,851",5.7,4.8,4.6
6216,Home Health Care Services ,Investment and property income ,All Establishments ,Employer Firms ,156,121,132,8.4,7.1,6.9
5415,Computer Systems Design and Related Services ,Hosting and IT infrastructure provisioning services ,All Establishments ,Employer Firms ,"22,587","22,471","21,893",4.5,4.5,3.6
621498,All Other Outpatient Care Centers ,"Government (includes Medicare, Medicaid, Other Government, and Workers Compensation) ",All Establishments ,Employer Firms ,"12,119","11,190","10,431",2.3,2.3,2.1
621498,All Other Outpatient Care Centers ,Total operating revenue ,All Establishments ,Employer Firms ,"34,891","33,416","31,709",1.4,1.2,1.2
12,"Excludes NAICS 8131 (Religious Organizations), NAICS 81393 (Labor Unions and Similar Labor Organizations), and NAICS 81394 (Political Organizations). ",,,,,,,,,
5174,Satellite Telecommunications ,Private network services ,All Establishments ,Employer Firms ,"1,843","1,729",S,3.9,4,S
621492,Kidney Dialysis Centers ,"Contributions, gifts, and grants received ",All Establishments ,Employer Firms ,S,S,S,S,S,S
71311,Amusement and Theme Parks ,Total operating revenue ,Establishments subject to federal income tax ,Employer Firms ,"14,021","13,283","12,197",1.1,1.1,0.6
51919,All Other Information Services ,Information services ,All Establishments ,Employer Firms ,350,281,272,9.7,9.6,7.7
54133,Engineering Services ,Telecommunications and broadcasting engineering projects ,All Establishments ,Employer Firms ,"2,312","2,453","2,705",19.2,19.5,19.5
5417,Scientific Research and Development Services ,Production services for development ,Establishments subject to federal income tax ,Employer Firms ,"3,556","2,869","2,470",14.6,27.5,15.4
5415,Computer Systems Design and Related Services ,IT related training services ,All Establishments ,Employer Firms ,"2,542","2,307","2,349",14,16.2,17.3
5171,Wired Telecommunications Carriers2 ,Installation services for connections to program distribution networks ,All Establishments ,Employer Firms ,"1,323","1,115","1,104",20.1,21.4,21.2
56152,Tour Operators ,Total operating revenue ,All Establishments ,Employer Firms ,"5,665","5,382","5,283",4.5,4.7,4.9
621391,Offices of Podiatrists ,Other patient care revenue ,All Establishments ,Employer Firms ,299,257,229,19.1,20,16.4
6211,Offices of Physicians ,"Private insurance (includes Health, Property, and Auto) ",All Establishments ,Employer Firms ,"181,944","175,545","168,738",1.9,1.5,1.6
54182,Public Relations Agencies ,All other operating revenue ,All Establishments ,Employer Firms ,775,709,602,12.7,9.9,13.1
2212,Natural Gas Distribution ,Sewer system user charges ,All Establishments ,Employer Firms ,ZZ,ZZ,ZZ,Z,NA,NA
711211,Sports Teams and Clubs ,All other operating revenue ,Establishments subject to federal income tax ,Employer Firms ,"14,123","13,927","13,658",5.1,4.5,4.1
5231X ,Commodity Contracts Dealing and Brokerage8 ,Brokering and dealing products - Equities ,All Establishments ,Employer Firms ,387,963,992,6.1,4.3,4.4
624,Social Assistance ,Total revenue ,All Establishments ,Employer Firms ,"151,938","149,927","146,081",1.6,1.3,0.9
5121x ,Motion Picture and Video Production and Distribution1 ,Merchandise licensing ,All Establishments ,Employer Firms ,837,769,546,5.5,3.5,3.7
5152,Cable and Other Subscription Programming ,All other operating revenue ,All Establishments ,Employer Firms ,"4,100","2,911","2,545",5.8,5.9,5.4
6233,Community Care Facilities for the Elderly ,"Government (includes Medicare, Medicaid, Other Government, and Workers Compensation) ",All Establishments ,Employer Firms ,"10,475","10,432","9,746",5,4.8,4.6
62133,"Offices of Mental Health Practitioners, (except Physicians) ","Private insurance (includes Health, Property, and Auto) ",All Establishments ,Employer Firms ,"1,867","1,678","1,572",5.8,4.8,4.7
51213,Motion Picture and Video Exhibition ,Total operating revenue ,All Establishments ,Employer Firms ,"14,519","13,309","13,454",3.1,2.1,1.8
2212,Natural Gas Distribution ,Total operating revenue ,All Establishments ,Employer Firms ,"78,717","96,021","99,714",1.8,1.6,1.4
622,Hospitals ,"Private insurance (includes Health, Property, and Auto) ",All Establishments ,Employer Firms ,"397,251","373,264","358,206",1.7,2,1.9
51913,Internet Publishing and Broadcasting and Web Search Portals6 ,Licensing of rights to use intellectual property ,All Establishments ,Employer Firms ,"1,814","1,768","1,160",3.6,3.3,3.5
56292,Material Recovery Facilities ,Total operating revenue ,All Establishments ,Employer Firms ,"5,068","5,842","4,854",5.3,5.1,5
481,Air Transportation ,"International, scheduled freight transportation by air ",All Establishments ,Employer Firms ,"8,095","7,347","6,402",11.7,7.7,6.8
62142,Outpatient Mental Health and Substance Abuse Centers ,Total operating revenue ,All Establishments ,Employer Firms ,"13,999","13,566","12,985",3.2,2.7,2.2
712,"Museums, Historical Sites, and Similar Institutions ","Contributions, gifts and grants received ",Establishments exempt from federal income tax ,Employer Firms ,"5,217","4,887","4,893",4.5,5,4
62132,Offices of Optometrists ,Patient out-of-pocket - Patients' assigned Social Security benefits ,All Establishments ,Employer Firms ,S,86,88,S,24.1,24
62132,Offices of Optometrists ,Total operating revenue ,All Establishments ,Employer Firms ,"12,579","12,025","11,684",2.2,1.9,1.5
S ,"Estimate does not meet publication standards because of high sampling variability (coefficient of variation is greater than 30%) or poor response quality (total quantity response rate is less than 50%) or other concerns about the estimate's quality.  Unpublished estimates derived from this table by subtraction are subject to these same limitations and should not be attributed to the U.S. Census Bureau.  For a description of publication standards and the total quantity response rate, see http://www.census.gov/quality/standards/standardf1.html. ",,,,,,,,,
56292,Material Recovery Facilities ,Sale or brokerage of nonhazardous recyclable material ,All Establishments ,Employer Firms ,"1,986","2,281","1,843",5.1,5.4,5.2
51223,Music Publishers ,Print music ,All Establishments ,Employer Firms ,266,281,267,3,3.2,3.2
54182,Public Relations Agencies ,Full public relations services ,All Establishments ,Employer Firms ,"7,256","6,857","6,643",5.5,5.1,4.3
51111,Newspaper Publishers ,All other operating revenue ,All Establishments ,Employer Firms ,"2,604","2,323","2,323",9.6,9.9,9.2
54161,Management Consulting Services10 ,"Financial management consulting, and consulting combined with implementation ",All Establishments ,Employer Firms ,"7,818","7,647","7,835",9.8,7.4,7.3
5172,Wireless Telecommunications Carriers (except Satellite)3 ,Telecommunication network installation services ,All Establishments ,Employer Firms ,160,S,S,7.9,S,S
54133,Engineering Services ,Other engineering projects ,All Establishments ,Employer Firms ,"19,848","19,489","19,266",26.7,28.1,23.6
5417,Scientific Research and Development Services ,Basic and applied research in the biological and biomedical sciences ,Establishments exempt from federal income tax ,Employer Firms ,"4,314","4,138","3,994",5.4,5.4,5.8
2212,Natural Gas Distribution ,Sales of energy and resources - Water ,All Establishments ,Employer Firms ,D,ZZ,ZZ,D,NA,NA
5231Y ,Investment Banking and Securities Dealing and Brokerage7 ,Financial planning and investment management services for individuals ,All Establishments ,Employer Firms ,"15,713","14,430","13,933",2.6,2.1,2.2
5171,Wired Telecommunications Carriers2 ,Rental of telecommunications equipment ,All Establishments ,Employer Firms ,"1,169","1,165","1,292",0.9,2.5,2.1
62134,"Offices of Physical, Occupational and Speech Therapists and Audiologists ",Other patient care revenue ,All Establishments ,Employer Firms ,"4,621","4,260","4,109",7,5.4,4.8
5417,Scientific Research and Development Services ,Basic and applied research in the social sciences and humanities ,Establishments exempt from federal income tax ,Employer Firms ,"2,133","1,848","1,744",5.7,6.2,5.9
56299,All Other Waste Management Services ,Other waste management services ,All Establishments ,Employer Firms ,"3,235","2,651","2,418",5.6,5.2,5.1
