NAICS,NAICS Description,Item,Tax Status,Employer Status,2012 Revenue,2011 Revenue,2010 Revenue,2012 Coefficient of Variation,2011 Coefficient of Variation,2010 Coefficient of Variation
2211,"Electric Power Generation, Transmission and Distribution ",All other operating revenue ,All Establishments ,Employer Firms ,"8,062","8,612","6,646",7.9,7.3,6.4
56299,All Other Waste Management Services ,Other waste management services ,All Establishments ,Employer Firms ,"3,235","2,651","2,418",5.6,5.2,5.1
NA ,Not available. ,,,,,,,,,
621491,Other Outpatient Care Centers ,Patient out-of-pocket - Patients' assigned Social Security benefits ,All Establishments ,Employer Firms ,S,S,ZZ,S,S,3.1
54133,Engineering Services ,Transportation infrastructure engineering projects ,All Establishments ,Employer Firms ,"14,191","14,521","15,372",15.4,14.4,16.2
5112,Software Publishers ,System software publishing - Other systems software ,All Establishments ,Employer Firms ,"3,527","3,507","3,766",2.7,11.1,10.9
56151,Travel Agencies ,Commissions or fees from automobile clubs and road and travel service ,All Establishments ,Employer Firms ,573,609,573,10.3,10,10.3
561599,All Other Travel Arrangement and Reservation Services ,Commissions or fees from event tickets ,All Establishments ,Employer Firms ,"3,958",S,S,13,S,S
51112,Periodical Publishers ,Periodicals - subscriptions & sales ,All Establishments ,Employer Firms ,"14,027","12,790","12,608",7.5,7.4,5.9
62134,"Offices of Physical, Occupational and Speech Therapists and Audiologists ","Government (includes Medicare, Medicaid, Other Government, and Workers Compensation) ",All Establishments ,Employer Firms ,"8,311","8,083","7,930",4.4,3.9,3.3
5415,Computer Systems Design and Related Services ,"Computer systems design, development, and integration ",All Establishments ,Employer Firms ,"39,149","36,178","34,659",5.7,4.9,5
56151,Travel Agencies ,All other operating revenue ,All Establishments ,Employer Firms ,"2,324","2,373","2,221",8.7,8.7,7.2
621492,Kidney Dialysis Centers ,Total operating revenue ,All Establishments ,Employer Firms ,"18,900","17,270","16,447",3.1,2.8,2.3
621399,Offices of All Other Miscellaneous Health Practitioners ,Investment and property income ,All Establishments ,Employer Firms ,S,S,6,S,S,25.1
5172,Wireless Telecommunications Carriers (except Satellite)3 ,"Reselling services for telecommunications equipment, retail ",All Establishments ,Employer Firms ,"23,073","20,627","18,575",1.3,0.8,0.7
561599,All Other Travel Arrangement and Reservation Services ,All other operating revenue ,All Establishments ,Employer Firms ,S,"1,515","1,433",S,5.5,5.2
5121x ,Motion Picture and Video Production and Distribution1 ,Audiovisual works speculatively produced for outright sale ,All Establishments ,Employer Firms ,377,341,321,9.7,5.2,7.1
561599,All Other Travel Arrangement and Reservation Services ,Total operating revenue ,All Establishments ,Employer Firms ,"15,529","14,641","13,851",5.7,4.8,4.6
51112,Periodical Publishers ,Sale or licensing of rights to content ,All Establishments ,Employer Firms ,506,482,475,13.4,15.2,15.3
D ,Estimate in table is withheld to avoid disclosing data of individual companies; data are included in higher level totals. ,,,,,,,,,
483,Water Transportation ,All other operating revenue ,All Establishments ,Employer Firms ,"1,662","1,431","1,445",5.4,5.5,5
4,"Includes 2002 NAICS 5173 (Telecommunications Resellers).  Historical data, 2010 and prior, have been restated to reflect comparable data on the 2007 NAICS basis. ",,,,,,,,,
54133,Engineering Services ,Municipal utility engineering projects ,All Establishments ,Employer Firms ,"7,670","8,336","7,988",14.3,15.7,13.4
62131,Offices of Chiropractors ,Investment and property income ,All Establishments ,Employer Firms ,S,24,27,S,15.7,26.7
5112,Software Publishers ,Application software publishing - General business productivity and home use applications ,All Establishments ,Employer Firms ,"28,039","27,990","25,731",6.6,6.2,4.8
5231X ,Commodity Contracts Dealing and Brokerage8 ,Brokering and dealing products - Derivative contracts ,All Establishments ,Employer Firms ,"1,785","2,359","2,003",7.3,6,6.8
5171,Wired Telecommunications Carriers2 ,Premium programming package ,All Establishments ,Employer Firms ,"23,592","23,392","21,246",0.9,0.5,0.5
62142,Outpatient Mental Health and Substance Abuse Centers ,Investment and property income ,All Establishments ,Employer Firms ,57,61,53,29.5,25.2,11.9
54133,Engineering Services ,Municipal utility engineering projects ,All Establishments ,Employer Firms ,"7,670","8,336","7,988",14.3,15.7,13.4
62133,"Offices of Mental Health Practitioners, (except Physicians) ",Patient out-of-pocket - Payments from patients and their families ,All Establishments ,Employer Firms ,"1,357","1,227","1,129",9.5,7.2,6.8
621493,Freestanding Ambulatory Surgical and Emergency Centers ,All other non-patient care revenue ,All Establishments ,Employer Firms ,664,S,S,10.5,S,S
62133,"Offices of Mental Health Practitioners, (except Physicians) ","Contributions, gifts, and grants received ",All Establishments ,Employer Firms ,297,309,294,9.3,8.6,8.9
481,Air Transportation ,Total operating revenue ,All Establishments ,Employer Firms ,"193,769","184,768","157,342",3.1,2.8,2.5
621492,Kidney Dialysis Centers ,"Contributions, gifts, and grants received ",All Establishments ,Employer Firms ,S,S,S,S,S,S
51113,Book Publishers ,All other operating revenue ,All Establishments ,Employer Firms ,"3,634","3,673","3,725",6.1,9.5,7.9
51213,Motion Picture and Video Exhibition ,All other operating revenue ,All Establishments ,Employer Firms ,498,330,315,12.7,22.5,23.9
6115,Technical and Trade Schools ,All other operating revenue ,All Establishments ,Employer Firms ,"2,113","2,428","2,190",9.7,11,11.4
621399,Offices of All Other Miscellaneous Health Practitioners ,Other patient care revenue ,All Establishments ,Employer Firms ,636,639,621,9.2,8.8,7.9
5171,Wired Telecommunications Carriers2 ,Subscriber line charges ,All Establishments ,Employer Firms ,"4,347","4,347","3,430",1,1.2,1.6
56152,Tour Operators ,Total operating revenue ,All Establishments ,Employer Firms ,"5,665","5,382","5,283",4.5,4.7,4.9
62133,"Offices of Mental Health Practitioners, (except Physicians) ",Patient out-of-pocket - Payments from patients and their families ,All Establishments ,Employer Firms ,"1,357","1,227","1,129",9.5,7.2,6.8
621491,Other Outpatient Care Centers ,Investment and property income ,All Establishments ,Employer Firms ,563,529,472,1.3,1.3,1.3
2212,Natural Gas Distribution ,Sales of energy and resources - Natural gas distribution ,All Establishments ,Employer Firms ,"66,429","80,600","83,918",2.1,1.9,1.7
5621,Waste Collection ,Hazardous waste management collection services ,All Establishments ,Employer Firms ,"1,205","1,386","1,478",6.3,5,4
561599,All Other Travel Arrangement and Reservation Services ,Commissions or fees from automobile clubs and road and travel service ,All Establishments ,Employer Firms ,"3,818","3,715","3,569",4.5,4,4.2
2212,Natural Gas Distribution ,Sales of energy and resources - Other revenue from sales of energy ,All Establishments ,Employer Firms ,"8,384","11,019","11,134",4.2,5.4,6.3
5172,Wireless Telecommunications Carriers (except Satellite)3 ,All other operating revenue ,All Establishments ,Employer Firms ,"12,911","13,270","11,784",3.4,2.9,3.4
62131,Offices of Chiropractors ,Patient out-of-pocket - Payments from patients and their families ,All Establishments ,Employer Firms ,"3,429","3,146","3,041",2.9,2.4,2.3
6215,Medical and Diagnostic Laboratories ,Patient out-of-pocket ,All Establishments ,Employer Firms ,"2,852","2,889","2,795",4.5,4.2,3.5
511199,All Other Publishers ,All other operating revenue ,All Establishments ,Employer Firms ,"1,388","1,306","1,299",9.2,6.4,5.9
5417,Scientific Research and Development Services ,Basic and applied research in the social sciences and humanities ,Establishments subject to federal income tax ,Employer Firms ,"1,278","1,208","1,133",6.9,6.5,6.5
54186,Direct Mail Advertising ,Full direct mail services ,All Establishments ,Employer Firms ,"5,654","5,487","5,262",5.2,5.7,5.2
5231Y ,Investment Banking and Securities Dealing and Brokerage7 ,Financial planning and investment management services for businesses and governments ,All Establishments ,Employer Firms ,"9,929","10,975","11,617",3.5,2.7,4
54182,Public Relations Agencies ,Media relations ,All Establishments ,Employer Firms ,828,747,764,11.5,15.2,14.7
621391,Offices of Podiatrists ,Other patient care revenue ,All Establishments ,Employer Firms ,299,257,229,19.1,20,16.4
6215,Medical and Diagnostic Laboratories ,Outpatient care facilities ,All Establishments ,Employer Firms ,"1,245","1,262","1,310",12.5,10.1,10
54181,Advertising Agencies ,Other advertising services ,All Establishments ,Employer Firms ,"4,401","3,974","3,769",7.4,6,10.1
621399,Offices of All Other Miscellaneous Health Practitioners ,Patient out-of-pocket - Payments from patients and their families ,All Establishments ,Employer Firms ,"1,026",916,856,6.7,7.7,7.1
54111,Offices of Lawyers ,All other non-operating revenue ,Establishments exempt from federal income tax ,Employer Firms ,105,74,69,22.5,13.9,15.7
6219,Other Ambulatory Health Care Services ,"Private insurance (includes Health, Property, and Auto) ",All Establishments ,Employer Firms ,"5,882","5,567","5,213",3.6,3.3,3.1
711211,Sports Teams and Clubs ,All other operating revenue ,Establishments subject to federal income tax ,Employer Firms ,"14,123","13,927","13,658",5.1,4.5,4.1
6115,Technical and Trade Schools ,Total operating revenue ,All Establishments ,Employer Firms ,"15,478","15,822","14,991",3.9,4.2,2.8
5112,Software Publishers ,Application software publishing - Utilities application software ,All Establishments ,Employer Firms ,"2,949","3,302","2,670",11.8,13.4,15.7
56151,Travel Agencies ,Total operating revenue ,All Establishments ,Employer Firms ,"17,665","17,556","16,449",5.7,6,5.4
517911,Telecommunications Resellers4 ,Fixed long-distance telephony ,All Establishments ,Employer Firms ,"1,086","1,090","1,227",6.4,7.2,6.4
2212,Natural Gas Distribution ,All other operating revenue ,All Establishments ,Employer Firms ,D,"3,276","3,235",D,3.6,5.4
5412,"Accounting, Tax Preparation, Bookkeeping, and Payroll Services ",Assurance and related services ,All Establishments ,Employer Firms ,"29,076","27,602","27,116",3.7,3.2,3.5
56152,Tour Operators ,All other operating revenue ,All Establishments ,Employer Firms ,417,320,274,9.6,12.2,12
54133,Engineering Services ,Construction services ,All Establishments ,Employer Firms ,"20,316","17,669","17,102",22.5,16.1,15.4
54186,Direct Mail Advertising ,Print services for direct mail advertising materials ,All Establishments ,Employer Firms ,"1,739","1,762","1,696",6.2,7.3,7.9
483,Water Transportation ,Sightseeing by water ,All Establishments ,Employer Firms ,S,S,S,S,S,S
5171,Wired Telecommunications Carriers2 ,Telecommunications network installation services ,All Establishments ,Employer Firms ,464,451,549,12.9,11.7,4.1
51113,Book Publishers ,"Books - professional, technical, and scholarly books ",All Establishments ,Employer Firms ,"4,417","4,246","4,365",3.8,4.5,4.4
6211,Offices of Physicians ,"Contributions, gifts, and grants received ",All Establishments ,Employer Firms ,"2,598","2,664","2,441",19,17.2,17.3
6231,Nursing Care Facilities (Skilled Nursing Facilities)11 ,Total operating revenue ,All Establishments ,Employer Firms ,"112,506","110,305","105,297",2.2,2.1,2.1
5231X ,Commodity Contracts Dealing and Brokerage8 ,Brokering and dealing foreign currency fees - Wholesale ,All Establishments ,Employer Firms ,858,871,810,7.9,7,6
54181,Advertising Agencies ,Sales promotion ,All Establishments ,Employer Firms ,980,"1,012",989,23.5,8.7,9.6
561599,All Other Travel Arrangement and Reservation Services ,All other operating revenue ,All Establishments ,Employer Firms ,S,"1,515","1,433",S,5.5,5.2
5239X ,Portfolio Management and Investment Advice9 ,Financial planning and investment management services for individuals ,All Establishments ,Employer Firms ,"65,449","62,494","60,620",5.8,5.5,4.8
621391,Offices of Podiatrists ,Patient out-of-pocket - Payments from patients and their families ,All Establishments ,Employer Firms ,634,610,589,4.8,4.9,5.7
5415,Computer Systems Design and Related Services ,IT related training services ,All Establishments ,Employer Firms ,"2,542","2,307","2,349",14,16.2,17.3
5415,Computer Systems Design and Related Services ,Custom application design and development ,All Establishments ,Employer Firms ,"72,189","67,199","60,078",4.4,5.2,5
4,"Includes 2002 NAICS 5173 (Telecommunications Resellers).  Historical data, 2010 and prior, have been restated to reflect comparable data on the 2007 NAICS basis. ",,,,,,,,,
6117,Educational Support Services ,"Occupational, technical, and trade; professional development; and management training programs and courses ",All Establishments ,Employer Firms ,"10,697","10,191","9,510",2.8,2.9,2.7
62142,Outpatient Mental Health and Substance Abuse Centers ,"Government (includes Medicare, Medicaid, Other Government, and Workers Compensation) ",All Establishments ,Employer Firms ,"8,521","8,134","7,846",5.3,4.9,4.5
51213,Motion Picture and Video Exhibition ,Coin-operated games and rides ,All Establishments ,Employer Firms ,33,35,34,4.3,3.5,3.5
5121x ,Motion Picture and Video Production and Distribution1 ,All other operating revenue ,All Establishments ,Employer Firms ,"4,110","3,876","3,859",5,4.3,3.4
51113,Book Publishers ,Total operating revenue ,All Establishments ,Employer Firms ,"27,489","27,968","28,121",2.1,1.6,1.4
51111,Newspaper Publishers ,Total operating revenue ,All Establishments ,Employer Firms ,"32,729","33,164","34,695",2.3,2,1.9
62132,Offices of Optometrists ,Other patient care revenue ,All Establishments ,Employer Firms ,858,832,781,11.8,8.3,8.6
6215,Medical and Diagnostic Laboratories ,Hospitals ,All Establishments ,Employer Firms ,"4,184","4,223","4,027",7.2,6.3,6.7
5152,Cable and Other Subscription Programming ,Advertising and program revenue - Licensing of rights to broadcast specialty programming protected by copyright ,All Establishments ,Employer Firms ,"36,764","33,821","31,354",0.7,0.7,0.7
5172,Wireless Telecommunications Carriers (except Satellite)3 ,Telecommunication network installation services ,All Establishments ,Employer Firms ,160,S,S,7.9,S,S
5621,Waste Collection ,Total operating revenue ,All Establishments ,Employer Firms ,"42,370","42,567","41,373",3.7,3,3.2
485,Transit and Ground Passenger Transportation ,"Long-distance, fixed-route passenger transportation by road ",All Establishments ,Employer Firms ,"3,262","3,011","2,849",5.5,4.8,5.2
62133,"Offices of Mental Health Practitioners, (except Physicians) ","Government (includes Medicare, Medicaid, Other Government, and Workers Compensation) ",All Establishments ,Employer Firms ,"3,557","3,213","2,847",5.1,5.1,5
54186,Direct Mail Advertising ,Total operating revenue ,All Establishments ,Employer Firms ,"11,391","11,092","10,745",3.1,3.5,3.6
5231Y ,Investment Banking and Securities Dealing and Brokerage7 ,Trading equities on own account - Net gains (losses) ,All Establishments ,Employer Firms ,"3,954","3,757","1,818",5,5.1,6.2
51223,Music Publishers ,Total operating revenue ,All Establishments ,Employer Firms ,"3,879","3,867","3,793",2.3,2.5,2.3
5417,Scientific Research and Development Services ,Investment and property income ,Establishments exempt from federal income tax ,Employer Firms ,"1,600","1,845","1,127",4,9.4,9
2212,Natural Gas Distribution ,Total operating revenue ,All Establishments ,Employer Firms ,"78,717","96,021","99,714",1.8,1.6,1.4
483,Water Transportation ,Participatory recreational services by water craft ,All Establishments ,Employer Firms ,S,S,S,S,S,S
517911,Telecommunications Resellers4 ,Fixed long-distance telephony ,All Establishments ,Employer Firms ,"1,086","1,090","1,227",6.4,7.2,6.4
522,Credit Intermediation and Related Activities ,Loan income from businesses and governments ,All Establishments ,Employer Firms ,"181,470","183,809","197,028",6,5.5,5.7
54133,Engineering Services ,Hazardous waste and industrial waste engineering projects ,All Establishments ,Employer Firms ,"4,649","4,634","4,437",20.9,19.2,23.9
2212,Natural Gas Distribution ,Sales of energy and resources - Electricity generation and distribution ,All Establishments ,Employer Firms ,"1,171","1,126","1,427",6.3,3.3,0.9
54111,Offices of Lawyers ,Investment and property income ,Establishments exempt from federal income tax ,Employer Firms ,S,S,S,S,S,S
5417,Scientific Research and Development Services ,Basic and applied research in engineering and technology ,Establishments subject to federal income tax ,Employer Firms ,"15,562","17,234","16,130",7.7,12,11
561599,All Other Travel Arrangement and Reservation Services ,All other operating revenue ,All Establishments ,Employer Firms ,S,"1,515","1,433",S,5.5,5.2
6232,"Residential Intellectual and Developmental Disability, Mental Health and Substance Abuse Facilities11 ","Contributions, gifts, and grants received ",All Establishments ,Employer Firms ,"1,040","1,009",984,13.5,11.9,10.7
621492,Kidney Dialysis Centers ,All other non-patient care revenue ,All Establishments ,Employer Firms ,81,68,71,19.3,9.8,22.2
5417,Scientific Research and Development Services ,Investment and property income ,Establishments exempt from federal income tax ,Employer Firms ,"1,600","1,845","1,127",4,9.4,9
51111,Newspaper Publishers ,Total operating revenue ,All Establishments ,Employer Firms ,"32,729","33,164","34,695",2.3,2,1.9
5121x ,Motion Picture and Video Production and Distribution1 ,Domestic licensing of rights to others to distribute audiovisual works ,All Establishments ,Employer Firms ,788,748,756,2.9,2.3,2.2
621492,Kidney Dialysis Centers ,Other patient care revenue ,All Establishments ,Employer Firms ,594,528,502,3.5,3.3,2.9
622,Hospitals ,Patient out-of-pocket - Patients' assigned Social Security benefits ,All Establishments ,Employer Firms ,"1,174","1,176",S,21.3,23.7,S
813,"Religious, Grantmaking, Civic, Professional, and Similar Organizations12 ",Investment and property income ,All Establishments ,Employer Firms ,"19,957","15,183","20,002",6.4,7.5,7.3
56292,Material Recovery Facilities ,"Nonhazardous waste and recyclable material consolidation, storage, and preparation services ",All Establishments ,Employer Firms ,"2,590","3,188","2,683",5,5,5.1
5417,Scientific Research and Development Services ,Basic and applied research in engineering and technology ,Establishments subject to federal income tax ,Employer Firms ,"15,562","17,234","16,130",7.7,12,11
5415,Computer Systems Design and Related Services ,IT related training services ,All Establishments ,Employer Firms ,"2,542","2,307","2,349",14,16.2,17.3
54161,Management Consulting Services10 ,All other consulting revenue ,All Establishments ,Employer Firms ,"21,628","20,259","17,944",6.6,6.3,5.7
711219,Other Spectator Sports ,All other operating revenue ,Establishments subject to federal income tax ,Employer Firms ,"3,235","3,339","3,194",12,12.1,9.6
621391,Offices of Podiatrists ,"Government (includes Medicare, Medicaid, Other Government, and Workers Compensation) ",All Establishments ,Employer Firms ,"1,624","1,474","1,395",6.4,3.8,3.3
5415,Computer Systems Design and Related Services ,IT related training services ,All Establishments ,Employer Firms ,"2,542","2,307","2,349",14,16.2,17.3
5231Y ,Investment Banking and Securities Dealing and Brokerage7 ,Brokering and dealing products - Derivative contracts ,All Establishments ,Employer Firms ,"20,658","20,161","27,062",2.8,2.6,2.3
6215,Medical and Diagnostic Laboratories ,Patient out-of-pocket ,All Establishments ,Employer Firms ,"2,852","2,889","2,795",4.5,4.2,3.5
51911,News Syndicates ,Total operating revenue ,All Establishments ,Employer Firms ,"2,348","2,188","1,960",4.5,3.2,3.1
6239,Other Residential Care Facilities ,Other patient care revenue ,All Establishments ,Employer Firms ,S,519,504,S,5.6,6.1
486,Pipeline Transportation ,All other operating revenue ,All Establishments ,Employer Firms ,"2,781","2,777","2,670",Z,Z,Z
62142,Outpatient Mental Health and Substance Abuse Centers ,All other non-patient care revenue ,All Establishments ,Employer Firms ,367,342,279,14.2,12.3,14.6
2212,Natural Gas Distribution ,Total operating revenue ,All Establishments ,Employer Firms ,"78,717","96,021","99,714",1.8,1.6,1.4
6215,Medical and Diagnostic Laboratories ,"Private insurance (includes Health, Property, and Auto) ",All Establishments ,Employer Firms ,"20,061","20,361","19,908",2.5,2.2,2.1
5412,"Accounting, Tax Preparation, Bookkeeping, and Payroll Services ",All other operating revenue ,All Establishments ,Employer Firms ,"10,756","10,347","9,923",11.6,11.2,11.8
522,Credit Intermediation and Related Activities ,Credit card income from consumers ,All Establishments ,Employer Firms ,"76,784","95,923","106,588",1,0.7,0.7
2211,"Electric Power Generation, Transmission and Distribution ",Sales of energy and resources - Electricity generation and distribution ,All Establishments ,Employer Firms ,"420,151","424,469","407,699",2.1,1.9,1.7
62132,Offices of Optometrists ,Patient out-of-pocket - Patients' assigned Social Security benefits ,All Establishments ,Employer Firms ,S,86,88,S,24.1,24
5417,Scientific Research and Development Services ,All other operating revenue ,Establishments exempt from federal income tax ,Employer Firms ,"3,674","3,938","3,813",5.3,4.9,5.1
51911,News Syndicates ,Licensing of rights to use syndicated media content ,All Establishments ,Employer Firms ,"1,758","1,740","1,614",5.4,4.4,4.5
517911,Telecommunications Resellers4 ,Fixed long-distance telephony ,All Establishments ,Employer Firms ,"1,086","1,090","1,227",6.4,7.2,6.4
2211,"Electric Power Generation, Transmission and Distribution ",All other operating revenue ,All Establishments ,Employer Firms ,"8,062","8,612","6,646",7.9,7.3,6.4
6212,Offices of Dentists ,Patient out-of-pocket - Patients' assigned Social Security benefits ,All Establishments ,Employer Firms ,520,631,645,25,21.8,22.9
54111,Offices of Lawyers ,Total operating revenue ,Establishments exempt from federal income tax ,Employer Firms ,"3,111","3,128","3,025",6.6,5,3.6
518,"Data Processing, Hosting, and Related Services5 ",Information technology (IT) technical consulting services ,All Establishments ,Employer Firms ,"3,868","3,623","3,431",8.9,7.7,7.6
56299,All Other Waste Management Services ,"Nonhazardous waste and recyclable material consolidation, storage, and preparation services ",All Establishments ,Employer Firms ,S,319,264,S,9.4,10.3
5171,Wired Telecommunications Carriers2 ,Subscriber line charges ,All Establishments ,Employer Firms ,"4,347","4,347","3,430",1,1.2,1.6
6212,Offices of Dentists ,"Contributions, gifts, and grants received ",All Establishments ,Employer Firms ,S,S,S,S,S,S
62141,Outpatient Care Centers ,Other patient care revenue ,All Establishments ,Employer Firms ,39,43,34,11,9.9,17.2
62134,"Offices of Physical, Occupational and Speech Therapists and Audiologists ","Contributions, gifts, and grants received ",All Establishments ,Employer Firms ,S,100,101,S,29.9,29.9
5172,Wireless Telecommunications Carriers (except Satellite)3 ,"Reselling services for telecommunications equipment, retail ",All Establishments ,Employer Firms ,"23,073","20,627","18,575",1.3,0.8,0.7
5171,Wired Telecommunications Carriers2 ,Repair and maintenance services for telecommunications equipment ,All Establishments ,Employer Firms ,703,S,389,9.6,S,7.2
5417,Scientific Research and Development Services ,Original works of intellectual property ,Establishments exempt from federal income tax ,Employer Firms ,S,42,41,S,9,17.2
9,Includes NAICS 52392 (Portfolio Management) and NAICS 52393 (Investment Advice). ,,,,,,,,,
6233,Community Care Facilities for the Elderly ,Investment and property income ,All Establishments ,Employer Firms ,919,785,850,6.8,5.5,7.4
56299,All Other Waste Management Services ,Sale or brokerage of nonhazardous recyclable material ,All Establishments ,Employer Firms ,151,173,42,16.8,8.3,15.4
NA ,Not available. ,,,,,,,,,
624,Social Assistance ,Total revenue ,All Establishments ,Employer Firms ,"151,938","149,927","146,081",1.6,1.3,0.9
6216,Home Health Care Services ,"Contributions, gifts, and grants received ",All Establishments ,Employer Firms ,854,768,762,12.9,11.8,11.8
5417,Scientific Research and Development Services ,Original works of intellectual property ,Establishments subject to federal income tax ,Employer Firms ,S,S,S,S,S,S
D ,Estimate in table is withheld to avoid disclosing data of individual companies; data are included in higher level totals. ,,,,,,,,,
5112,Software Publishers ,Total operating revenue ,All Establishments ,Employer Firms ,"161,744","156,806","145,425",1.9,1.7,1.6
51223,Music Publishers ,Sale of recordings ,All Establishments ,Employer Firms ,143,153,123,6.4,4.9,4.7
62142,Outpatient Mental Health and Substance Abuse Centers ,Patient out-of-pocket - Patients' assigned Social Security benefits ,All Establishments ,Employer Firms ,32,28,28,21.9,26,25.4
518,"Data Processing, Hosting, and Related Services5 ","Reselling services for computer hardware and software, retail ",All Establishments ,Employer Firms ,S,S,954,S,S,10.9
62142,Outpatient Mental Health and Substance Abuse Centers ,Other patient care revenue ,All Establishments ,Employer Firms ,"1,138","1,228","1,204",11.5,9.5,9.7
51222,Integrated Record Production/Distribution ,Total operating revenue ,All Establishments ,Employer Firms ,"7,257","7,238","8,258",0.7,0.7,0.2
511191,Greeting Card Publishers ,Total operating revenue ,All Establishments ,Employer Firms ,"3,720","3,822","3,852",0.6,0.5,0.4
484,Truck Transportation ,Motor carrier revenue ,All Establishments ,Employer Firms ,"212,446","198,945","178,938",1.5,1.5,1.5
2213,"Water, Sewage and Other Systems ",All other operating revenue ,All Establishments ,Employer Firms ,"2,170","2,258","2,132",7.3,6.9,7.1
62142,Outpatient Mental Health and Substance Abuse Centers ,Patient out-of-pocket - Payments from patients and their families ,All Establishments ,Employer Firms ,744,675,618,10,13,9.9
5239X ,Portfolio Management and Investment Advice9 ,All other operating revenue ,All Establishments ,Employer Firms ,"37,869","39,900","42,904",6.2,6.4,4.9
621498,All Other Outpatient Care Centers ,Other patient care revenue ,All Establishments ,Employer Firms ,"3,246","2,747","2,543",6.1,3.4,3.2
486,Pipeline Transportation ,All other operating revenue ,All Establishments ,Employer Firms ,"2,781","2,777","2,670",Z,Z,Z
2212,Natural Gas Distribution ,Sales of energy and resources - Other revenue from sales of energy ,All Establishments ,Employer Firms ,"8,384","11,019","11,134",4.2,5.4,6.3
621492,Kidney Dialysis Centers ,"Private insurance (includes Health, Property, and Auto) ",All Establishments ,Employer Firms ,"6,262","5,655","5,399",3.1,2.8,2.3
5417,Scientific Research and Development Services ,All other non-operating revenue ,Establishments exempt from federal income tax ,Employer Firms ,647,416,735,10,14.3,7.9
5121x ,Motion Picture and Video Production and Distribution1 ,International licensing of rights to motion picture films ,All Establishments ,Employer Firms ,"8,519","8,100","9,100",2,2,2
5415,Computer Systems Design and Related Services ,IT technical consulting ,All Establishments ,Employer Firms ,"31,474","30,673","26,937",11.9,10.6,9.2
Z ,Absolute value is less than 0.05 ,,,,,,,,,
56152,Tour Operators ,Pre-packaged tours - Domestic travel ,All Establishments ,Employer Firms ,"1,214","1,209","1,234",8.2,9.2,8.7
5172,Wireless Telecommunications Carriers (except Satellite)3 ,Mobile telephony ,All Establishments ,Employer Firms ,"54,472","56,179","56,418",1.6,0.9,0.8
54182,Public Relations Agencies ,Lobbying ,All Establishments ,Employer Firms ,"1,507","1,392","1,458",6.9,7.5,7
5415,Computer Systems Design and Related Services ,Hosting and IT infrastructure provisioning services ,All Establishments ,Employer Firms ,"22,587","22,471","21,893",4.5,4.5,3.6
5171,Wired Telecommunications Carriers2 ,Telecommunications network installation services ,All Establishments ,Employer Firms ,464,451,549,12.9,11.7,4.1
711211,Sports Teams and Clubs ,Total operating revenue ,Establishments subject to federal income tax ,Employer Firms ,"22,581","22,421","21,504",4.8,3.8,2.9
56292,Material Recovery Facilities ,"Nonhazardous waste and recyclable material consolidation, storage, and preparation services ",All Establishments ,Employer Firms ,"2,590","3,188","2,683",5,5,5.1
6116,Other Schools and Instruction ,All other operating revenue ,All Establishments ,Employer Firms ,"6,804","5,871","5,503",5,4.5,4.4
6211,Offices of Physicians ,Investment and property income ,All Establishments ,Employer Firms ,842,912,"1,085",13.5,11.5,18.8
5112,Software Publishers ,System software publishing - Operating systems software ,All Establishments ,Employer Firms ,"17,395","16,775","17,721",5.1,2.2,2.2
56151,Travel Agencies ,Commissions or fees from automobile clubs and road and travel service ,All Establishments ,Employer Firms ,573,609,573,10.3,10,10.3
484,Truck Transportation ,Motor carrier revenue ,All Establishments ,Employer Firms ,"212,446","198,945","178,938",1.5,1.5,1.5
7,Includes NAICS 52311 (Investment Banking and Securities Dealing) and NAICS 52312 (Securities Brokerage). ,,,,,,,,,
54181,Advertising Agencies ,Direct marketing ,All Establishments ,Employer Firms ,"1,872","1,528","1,250",29.4,22.2,16.4
6239,Other Residential Care Facilities ,"Contributions, gifts, and grants received ",All Establishments ,Employer Firms ,"1,333","1,326","1,320",5.4,4.2,4.7
6232,"Residential Intellectual and Developmental Disability, Mental Health and Substance Abuse Facilities11 ",Other patient care revenue ,All Establishments ,Employer Firms ,"1,824","1,794","1,801",11.9,10.3,10.2
2212,Natural Gas Distribution ,Sales of energy and resources - Electricity generation and distribution ,All Establishments ,Employer Firms ,"1,171","1,126","1,427",6.3,3.3,0.9
6239,Other Residential Care Facilities ,"Private insurance (includes Health, Property, and Auto) ",All Establishments ,Employer Firms ,176,165,173,9.4,10.7,13.5
518,"Data Processing, Hosting, and Related Services5 ",Software publishing ,All Establishments ,Employer Firms ,"2,821",S,"2,019",9.8,S,10.3
5622,Waste Treatment and Disposal ,Nonhazardous waste disposal services ,All Establishments ,Employer Firms ,"7,565","6,847","6,623",4.5,2.5,2.4
5231Y ,Investment Banking and Securities Dealing and Brokerage7 ,Brokering and dealing investment company securities ,All Establishments ,Employer Firms ,"15,906","13,673","13,393",3.1,2.6,2.6
5171,Wired Telecommunications Carriers2 ,"Reselling services for telecommunications equipment, retail ",All Establishments ,Employer Firms ,"1,387","1,737","1,770",7,13.5,9.5
56299,All Other Waste Management Services ,All other operating revenue ,All Establishments ,Employer Firms ,867,983,"1,026",6.1,6.6,5.3
481,Air Transportation ,"Domestic, scheduled passenger transportation by air ",All Establishments ,Employer Firms ,"102,292","97,460","83,257",4.1,3,2.8
621391,Offices of Podiatrists ,"Government (includes Medicare, Medicaid, Other Government, and Workers Compensation) ",All Establishments ,Employer Firms ,"1,624","1,474","1,395",6.4,3.8,3.3
5171,Wired Telecommunications Carriers2 ,Internet telephony ,All Establishments ,Employer Firms ,"14,173","12,324","10,299",0.8,0.8,0.9
6231,Nursing Care Facilities (Skilled Nursing Facilities)11 ,Other patient care revenue ,All Establishments ,Employer Firms ,"2,401","2,435","2,437",4.8,3.3,3.7
51223,Music Publishers ,Administration of copyrights for others ,All Establishments ,Employer Firms ,293,272,235,3.2,3.2,3.3
54131,Architectural Services ,Non-residential building projects ,All Establishments ,Employer Firms ,"17,799","17,903","17,626",7.6,6.8,6.3
481,Air Transportation ,Total operating revenue ,All Establishments ,Employer Firms ,"193,769","184,768","157,342",3.1,2.8,2.5
6233,Community Care Facilities for the Elderly ,"Contributions, gifts, and grants received ",All Establishments ,Employer Firms ,553,512,503,11.1,9.9,9.8
51223,Music Publishers ,Licensing revenue - Licensing of rights to use musical recordings ,All Establishments ,Employer Firms ,39,34,17,13.2,13.7,15.5
622,Hospitals ,All other non-patient care revenue ,All Establishments ,Employer Firms ,"35,887","31,513","29,165",4.8,5.1,4.3
621492,Kidney Dialysis Centers ,Investment and property income ,All Establishments ,Employer Firms ,59,58,55,1.9,3.8,1.7
5171,Wired Telecommunications Carriers2 ,Fixed services - Fixed local telephony ,All Establishments ,Employer Firms ,"39,272","41,973","45,650",0.9,0.8,0.7
621493,Freestanding Ambulatory Surgical and Emergency Centers ,Total operating revenue ,All Establishments ,Employer Firms ,"22,730","20,912","19,616",3.3,2.1,2
624,Social Assistance ,Total revenue ,All Establishments ,Employer Firms ,"151,938","149,927","146,081",1.6,1.3,0.9
621491,Other Outpatient Care Centers ,Patient out-of-pocket - Payments from patients and their families ,All Establishments ,Employer Firms ,297,284,254,1.2,1.2,1.2
54111,Offices of Lawyers ,Investment and property income ,Establishments exempt from federal income tax ,Employer Firms ,S,S,S,S,S,S
D ,Estimate in table is withheld to avoid disclosing data of individual companies; data are included in higher level totals. ,,,,,,,,,
51113,Book Publishers ,Books - general reference books ,All Establishments ,Employer Firms ,566,670,636,20.2,18.2,18.3
51113,Book Publishers ,All other operating revenue ,All Establishments ,Employer Firms ,"3,634","3,673","3,725",6.1,9.5,7.9
62132,Offices of Optometrists ,Patient out-of-pocket - Patients' assigned Social Security benefits ,All Establishments ,Employer Firms ,S,86,88,S,24.1,24
54161,Management Consulting Services10 ,Total operating revenue ,All Establishments ,Employer Firms ,"131,656","125,260","118,096",2.1,2.1,1.9
71311,Amusement and Theme Parks ,All other operating revenue ,Establishments subject to federal income tax ,Employer Firms ,"5,602","5,265","4,999",1.3,1.3,0.8
5622,Waste Treatment and Disposal ,Hazardous waste treatment and disposal services ,All Establishments ,Employer Firms ,"5,723","6,032","5,607",5.3,4.6,4.4
483,Water Transportation ,Total operating revenue ,All Establishments ,Employer Firms ,"37,630","36,560","34,836",0.7,0.6,0.5
62131,Offices of Chiropractors ,"Government (includes Medicare, Medicaid, Other Government, and Workers Compensation) ",All Establishments ,Employer Firms ,"1,385","1,357","1,316",4.2,4.9,4.8
515112,Radio Stations ,Public and non-commercial programming services ,All Establishments ,Employer Firms ,629,649,608,12.7,13.6,12
6219,Other Ambulatory Health Care Services ,Patient out-of-pocket - Payments from patients and their families ,All Establishments ,Employer Firms ,"1,407","1,371","1,324",6.6,6.5,6.6
621399,Offices of All Other Miscellaneous Health Practitioners ,All other non-patient care revenue ,All Establishments ,Employer Firms ,395,237,215,12.2,14.2,13.1
5112,Software Publishers ,Total operating revenue ,All Establishments ,Employer Firms ,"161,744","156,806","145,425",1.9,1.7,1.6
5112,Software Publishers ,Total operating revenue ,All Establishments ,Employer Firms ,"161,744","156,806","145,425",1.9,1.7,1.6
56151,Travel Agencies ,Commissions or fees from lodging ,All Establishments ,Employer Firms ,"3,035","2,976","2,671",7,7.2,6.9
51919,All Other Information Services ,Information services ,All Establishments ,Employer Firms ,350,281,272,9.7,9.6,7.7
624,Social Assistance ,Total revenue ,All Establishments ,Employer Firms ,"151,938","149,927","146,081",1.6,1.3,0.9
621492,Kidney Dialysis Centers ,"Contributions, gifts, and grants received ",All Establishments ,Employer Firms ,S,S,S,S,S,S
511191,Greeting Card Publishers ,All other operating revenue ,All Establishments ,Employer Firms ,"1,143","1,225","1,247",2.2,1.6,2.5
6232,"Residential Intellectual and Developmental Disability, Mental Health and Substance Abuse Facilities11 ",Patient out-of-pocket - Patients' assigned Social Security benefits ,All Establishments ,Employer Firms ,706,697,646,12.7,11.1,9.4
621399,Offices of All Other Miscellaneous Health Practitioners ,All other non-patient care revenue ,All Establishments ,Employer Firms ,395,237,215,12.2,14.2,13.1
51113,Book Publishers ,Total operating revenue ,All Establishments ,Employer Firms ,"27,489","27,968","28,121",2.1,1.6,1.4
5417,Scientific Research and Development Services ,All other non-operating revenue ,Establishments exempt from federal income tax ,Employer Firms ,647,416,735,10,14.3,7.9
5231X ,Commodity Contracts Dealing and Brokerage8 ,Brokering and dealing foreign currency fees - Wholesale ,All Establishments ,Employer Firms ,858,871,810,7.9,7,6
5231Y ,Investment Banking and Securities Dealing and Brokerage7 ,Trading debt instruments on own account - Net gains (losses) ,All Establishments ,Employer Firms ,"4,488","2,704","3,373",5.2,8.1,4.6
56292,Material Recovery Facilities ,All other operating revenue ,All Establishments ,Employer Firms ,449,343,299,10.1,7.1,6.6
5231Y ,Investment Banking and Securities Dealing and Brokerage7 ,Total operating revenue ,All Establishments ,Employer Firms ,"261,822","253,964","270,412",1.3,1.5,1.5
5621,Waste Collection ,All other operating revenue ,All Establishments ,Employer Firms ,"3,607","4,228","3,828",10.5,13.5,14
5417,Scientific Research and Development Services ,Basic and applied research in the social sciences and humanities ,Establishments subject to federal income tax ,Employer Firms ,"1,278","1,208","1,133",6.9,6.5,6.5
