NAICS,NAICS Description,Item,Tax Status,Employer Status,2012 Revenue,2011 Revenue,2010 Revenue,2012 Coefficient of Variation,2011 Coefficient of Variation,2010 Coefficient of Variation
621498,All Other Outpatient Care Centers ,"Government (includes Medicare, Medicaid, Other Government, and Workers Compensation) ",All Establishments ,Employer Firms ,"12,119","11,190","10,431",2.3,2.3,2.1
54133,Engineering Services ,Transportation infrastructure engineering projects ,All Establishments ,Employer Firms ,"14,191","14,521","15,372",15.4,14.4,16.2
5231X ,Commodity Contracts Dealing and Brokerage8 ,Brokering and dealing products - Derivative contracts ,All Establishments ,Employer Firms ,"1,785","2,359","2,003",7.3,6,6.8
2211,"Electric Power Generation, Transmission and Distribution ",All other operating revenue ,All Establishments ,Employer Firms ,"8,062","8,612","6,646",7.9,7.3,6.4
712,"Museums, Historical Sites, and Similar Institutions ",Investment and property income ,Establishments exempt from federal income tax ,Employer Firms ,760,907,822,5.9,5.9,7.9
54182,Public Relations Agencies ,Event management ,All Establishments ,Employer Firms ,S,S,474,S,S,21.5
5171,Wired Telecommunications Carriers2 ,Air time (advertising and program content) ,All Establishments ,Employer Firms ,S,"5,146","5,051",S,0.6,0.5
62133,"Offices of Mental Health Practitioners, (except Physicians) ",All other non-patient care revenue ,All Establishments ,Employer Firms ,251,225,206,12,17.3,20.9
56151,Travel Agencies ,Commissions or fees from other reservation services ,All Establishments ,Employer Firms ,814,731,690,14.1,7.9,7.7
6231,Nursing Care Facilities (Skilled Nursing Facilities)11 ,Other patient care revenue ,All Establishments ,Employer Firms ,"2,401","2,435","2,437",4.8,3.3,3.7
6233,Community Care Facilities for the Elderly ,Investment and property income ,All Establishments ,Employer Firms ,919,785,850,6.8,5.5,7.4
56151,Travel Agencies ,Commissions or fees from event tickets ,All Establishments ,Employer Firms ,249,224,210,14.3,14.4,15.3
56152,Tour Operators ,Customized group tours - International travel ,All Establishments ,Employer Firms ,"1,151","1,166","1,225",10.1,10.1,11.4
6233,Community Care Facilities for the Elderly ,"Private insurance (includes Health, Property, and Auto) ",All Establishments ,Employer Firms ,"2,059","2,175","1,979",12.1,10.9,10.6
5417,Scientific Research and Development Services ,Basic and applied research in engineering and technology ,Establishments subject to federal income tax ,Employer Firms ,"15,562","17,234","16,130",7.7,12,11
621493,Freestanding Ambulatory Surgical and Emergency Centers ,Other patient care revenue ,All Establishments ,Employer Firms ,937,843,763,11.3,11.9,10.8
62133,"Offices of Mental Health Practitioners, (except Physicians) ","Contributions, gifts, and grants received ",All Establishments ,Employer Firms ,297,309,294,9.3,8.6,8.9
5152,Cable and Other Subscription Programming ,Advertising and program revenue - Licensing of rights to broadcast specialty programming protected by copyright ,All Establishments ,Employer Firms ,"36,764","33,821","31,354",0.7,0.7,0.7
54133,Engineering Services ,"Commercial, public, and institutional engineering projects ",All Establishments ,Employer Firms ,"13,718","12,054","10,611",21.6,21.8,20
51913,Internet Publishing and Broadcasting and Web Search Portals6 ,Licensing of rights to use intellectual property ,All Establishments ,Employer Firms ,"1,814","1,768","1,160",3.6,3.3,3.5
6216,Home Health Care Services ,Total operating revenue ,All Establishments ,Employer Firms ,"65,237","60,854","58,116",4.2,3.1,3.2
6116,Other Schools and Instruction ,All other operating revenue ,All Establishments ,Employer Firms ,"6,804","5,871","5,503",5,4.5,4.4
5231Y ,Investment Banking and Securities Dealing and Brokerage7 ,All other operating revenue ,All Establishments ,Employer Firms ,"64,943","67,534","72,763",1.2,1.8,1.6
62132,Offices of Optometrists ,Patient out-of-pocket - Patients' assigned Social Security benefits ,All Establishments ,Employer Firms ,S,86,88,S,24.1,24
6211,Offices of Physicians ,Total operating revenue ,All Establishments ,Employer Firms ,"404,254","386,672","372,579",1.4,1.2,0.9
561599,All Other Travel Arrangement and Reservation Services ,Commissions or fees from automobile clubs and road and travel service ,All Establishments ,Employer Firms ,"3,818","3,715","3,569",4.5,4,4.2
486,Pipeline Transportation ,All other operating revenue ,All Establishments ,Employer Firms ,"2,781","2,777","2,670",Z,Z,Z
6211,Offices of Physicians ,"Government (includes Medicare, Medicaid, Other Government, and Workers Compensation) ",All Establishments ,Employer Firms ,"107,841","103,814","98,652",2,2.2,1.9
5174,Satellite Telecommunications ,All other operating revenue ,All Establishments ,Employer Firms ,"2,060","2,147",S,3.8,5.5,S
62142,Outpatient Mental Health and Substance Abuse Centers ,Other patient care revenue ,All Establishments ,Employer Firms ,"1,138","1,228","1,204",11.5,9.5,9.7
624,Social Assistance ,Total revenue ,All Establishments ,Employer Firms ,"151,938","149,927","146,081",1.6,1.3,0.9
51111,Newspaper Publishers ,Advertising space ,All Establishments ,Employer Firms ,"18,871","19,731","21,055",2.8,2.6,2.5
6219,Other Ambulatory Health Care Services ,"Private insurance (includes Health, Property, and Auto) ",All Establishments ,Employer Firms ,"5,882","5,567","5,213",3.6,3.3,3.1
621498,All Other Outpatient Care Centers ,Total operating revenue ,All Establishments ,Employer Firms ,"34,891","33,416","31,709",1.4,1.2,1.2
62134,"Offices of Physical, Occupational and Speech Therapists and Audiologists ",Patient out-of-pocket - Patients' assigned Social Security benefits ,All Establishments ,Employer Firms ,S,S,S,S,S,S
54133,Engineering Services ,Telecommunications and broadcasting engineering projects ,All Establishments ,Employer Firms ,"2,312","2,453","2,705",19.2,19.5,19.5
5112,Software Publishers ,Application software publishing - Other application software ,All Establishments ,Employer Firms ,"5,015","6,035","6,101",11.3,8.1,6.8
54161,Management Consulting Services10 ,"IT technical design, consulting, and development services ",All Establishments ,Employer Firms ,"8,892","7,920","7,098",5.9,3.6,3.1
62132,Offices of Optometrists ,"Contributions, gifts, and grants received ",All Establishments ,Employer Firms ,S,S,S,S,S,S
813,"Religious, Grantmaking, Civic, Professional, and Similar Organizations12 ",Total revenue ,All Establishments ,Employer Firms ,"181,359","172,321","170,069",1.7,1.7,1.6
51223,Music Publishers ,Licensing revenue - Licensing of rights to use musical compositions ,All Establishments ,Employer Firms ,"2,979","2,931","2,948",2.3,2.5,2.4
5412,"Accounting, Tax Preparation, Bookkeeping, and Payroll Services ",All other operating revenue ,All Establishments ,Employer Firms ,"10,756","10,347","9,923",11.6,11.2,11.8
621493,Freestanding Ambulatory Surgical and Emergency Centers ,Patient out-of-pocket - Payments from patients and their families ,All Establishments ,Employer Firms ,"2,329","1,971","1,846",6.1,5.5,5
5415,Computer Systems Design and Related Services ,Custom application design and development ,All Establishments ,Employer Firms ,"72,189","67,199","60,078",4.4,5.2,5
51222,Integrated Record Production/Distribution ,Licensing revenue - Licensing of rights to use musical recordings ,All Establishments ,Employer Firms ,D,668,791,D,1,0.9
511199,All Other Publishers ,Sale of advertising space ,All Establishments ,Employer Firms ,439,436,456,17.4,14.3,13
54131,Architectural Services ,Total operating revenue ,All Establishments ,Employer Firms ,"26,994","27,044","26,050",6.2,5.5,4.9
483,Water Transportation ,Tugboat services ,All Establishments ,Employer Firms ,506,S,S,21.6,S,S
6219,Other Ambulatory Health Care Services ,"Government (includes Medicare, Medicaid, Other Government, and Workers Compensation) ",All Establishments ,Employer Firms ,"7,626","7,072","6,721",4.7,4.1,3.4
5231X ,Commodity Contracts Dealing and Brokerage8 ,Brokering and dealing products - Equities ,All Establishments ,Employer Firms ,387,963,992,6.1,4.3,4.4
51222,Integrated Record Production/Distribution ,Sale of recordings ,All Establishments ,Employer Firms ,"4,597","4,579","5,558",1,1.2,0.7
5621,Waste Collection ,Residential nonhazardous waste and recyclable material collection services ,All Establishments ,Employer Firms ,"16,639","16,626","15,805",5,5.1,5.1
5231X ,Commodity Contracts Dealing and Brokerage8 ,All other operating revenue ,All Establishments ,Employer Firms ,"6,278","6,235","5,725",3.9,3.4,4.1
71311,Amusement and Theme Parks ,All other operating revenue ,Establishments subject to federal income tax ,Employer Firms ,"5,602","5,265","4,999",1.3,1.3,0.8
56151,Travel Agencies ,All other operating revenue ,All Establishments ,Employer Firms ,"2,324","2,373","2,221",8.7,8.7,7.2
2211,"Electric Power Generation, Transmission and Distribution ",Sales of energy and resources - Natural gas distribution ,All Establishments ,Employer Firms ,"4,944","5,935","5,616",3.5,3.4,3.7
71311,Amusement and Theme Parks ,All other operating revenue ,Establishments subject to federal income tax ,Employer Firms ,"5,602","5,265","4,999",1.3,1.3,0.8
51223,Music Publishers ,All other operating revenue ,All Establishments ,Employer Firms ,159,196,203,5.2,4.7,4.6
54182,Public Relations Agencies ,Lobbying ,All Establishments ,Employer Firms ,"1,507","1,392","1,458",6.9,7.5,7
621491,Other Outpatient Care Centers ,"Private insurance (includes Health, Property, and Auto) ",All Establishments ,Employer Firms ,"4,486","4,225","3,799",1.2,1.3,1.3
3,"Includes 2002 NAICS 517211 (Paging), 2002 NAICS 517212 (Cellular and Other Wireless Telecommunications) and a portion of 2002 NAICS 518111 (Internet Service Providers).  Historical data, 2010 and prior, have been restated to reflect comparable data on the 2007 NAICS basis. ",,,,,,,,,
62133,"Offices of Mental Health Practitioners, (except Physicians) ",Total operating revenue ,All Establishments ,Employer Firms ,"8,040","7,350","6,702",4.5,4.3,4.4
5,"Historical data, 2010 and prior, have been restated to reflect comparable data on the 2007 NAICS basis for more detailed levels within this aggregate. ",,,,,,,,,
5231X ,Commodity Contracts Dealing and Brokerage8 ,Management of financial market clearing products ,All Establishments ,Employer Firms ,400,427,429,13.3,15.2,10.6
51913,Internet Publishing and Broadcasting and Web Search Portals6 ,Total operating revenue ,All Establishments ,Employer Firms ,"57,534","48,487","41,725",3,2.9,2.5
484,Truck Transportation ,Motor carrier revenue ,All Establishments ,Employer Firms ,"212,446","198,945","178,938",1.5,1.5,1.5
515112,Radio Stations ,National/regional/local air time ,All Establishments ,Employer Firms ,"10,651","10,241","10,315",2.4,2.2,2.1
6239,Other Residential Care Facilities ,Patient out-of-pocket - Patients' assigned Social Security benefits ,All Establishments ,Employer Firms ,S,26,S,S,29.2,S
561599,All Other Travel Arrangement and Reservation Services ,Commissions or fees from other travel arrangement services revenue ,All Establishments ,Employer Firms ,154,199,192,8,4.9,5.3
54133,Engineering Services ,Residential engineering projects ,All Establishments ,Employer Firms ,S,S,S,S,S,S
5412,"Accounting, Tax Preparation, Bookkeeping, and Payroll Services ","Bookkeeping, compilation, billing, and collection services ",All Establishments ,Employer Firms ,"6,623","5,757","5,739",9.5,12.1,10.7
54111,Offices of Lawyers ,Program service ,Establishments exempt from federal income tax ,Employer Firms ,727,685,704,21.3,19,17.6
622,Hospitals ,Total operating revenue ,All Establishments ,Employer Firms ,"918,707","864,422","822,590",1.1,0.9,0.6
5231Y ,Investment Banking and Securities Dealing and Brokerage7 ,Financial planning and investment management services for businesses and governments ,All Establishments ,Employer Firms ,"9,929","10,975","11,617",3.5,2.7,4
5231Y ,Investment Banking and Securities Dealing and Brokerage7 ,Brokering and dealing investment company securities ,All Establishments ,Employer Firms ,"15,906","13,673","13,393",3.1,2.6,2.6
5171,Wired Telecommunications Carriers2 ,Website hosting services ,All Establishments ,Employer Firms ,215,292,304,5.8,2.5,3
6239,Other Residential Care Facilities ,Investment and property income ,All Establishments ,Employer Firms ,212,203,225,7.1,5.1,6.5
624,Social Assistance ,Investment and property income ,All Establishments ,Employer Firms ,"1,446","1,494","1,520",8.6,8.5,9.6
51224,Sound Recording Studios ,Studio recording ,All Establishments ,Employer Firms ,614,613,605,5.7,6,5.8
6211,Offices of Physicians ,Other patient care revenue ,All Establishments ,Employer Firms ,"55,102","51,366","52,450",4.7,5,3.4
5171,Wired Telecommunications Carriers2 ,Internet access services ,All Establishments ,Employer Firms ,"68,344","60,549","53,620",0.7,0.7,0.7
56151,Travel Agencies ,Commissions or fees from other reservation services ,All Establishments ,Employer Firms ,814,731,690,14.1,7.9,7.7
51919,All Other Information Services ,Information services ,All Establishments ,Employer Firms ,350,281,272,9.7,9.6,7.7
2212,Natural Gas Distribution ,Sales of energy and resources - Water ,All Establishments ,Employer Firms ,D,ZZ,ZZ,D,NA,NA
6215,Medical and Diagnostic Laboratories ,All other health care providers ,All Establishments ,Employer Firms ,836,756,701,19.3,20,18.6
6216,Home Health Care Services ,Total operating revenue ,All Establishments ,Employer Firms ,"65,237","60,854","58,116",4.2,3.1,3.2
621399,Offices of All Other Miscellaneous Health Practitioners ,Patient out-of-pocket - Patients' assigned Social Security benefits ,All Establishments ,Employer Firms ,S,S,S,S,S,S
56151,Travel Agencies ,Total operating revenue ,All Establishments ,Employer Firms ,"17,665","17,556","16,449",5.7,6,5.4
5,"Historical data, 2010 and prior, have been restated to reflect comparable data on the 2007 NAICS basis for more detailed levels within this aggregate. ",,,,,,,,,
624,Social Assistance ,Program service ,All Establishments ,Employer Firms ,"83,133","80,836","78,170",3.4,3.1,2.5
5417,Scientific Research and Development Services ,Original works of intellectual property ,Establishments exempt from federal income tax ,Employer Firms ,S,42,41,S,9,17.2
712,"Museums, Historical Sites, and Similar Institutions ",All other non-operating revenue ,Establishments exempt from federal income tax ,Employer Firms ,"1,460","1,315","1,533",5.3,11.5,5.9
561599,All Other Travel Arrangement and Reservation Services ,Commissions or fees from computerized reservation systems ,All Establishments ,Employer Firms ,"1,713","1,668","1,629",5,4.1,4.5
5171,Wired Telecommunications Carriers2 ,Air time (advertising and program content) ,All Establishments ,Employer Firms ,S,"5,146","5,051",S,0.6,0.5
54133,Engineering Services ,All other operating revenue ,All Establishments ,Employer Firms ,"34,356","40,408","40,694",12.4,11.2,11.7
6115,Technical and Trade Schools ,"Occupational, technical, and trade; professional development; and management training programs and courses ",All Establishments ,Employer Firms ,"13,365","13,394","12,801",4.4,4.9,3.7
518,"Data Processing, Hosting, and Related Services5 ",Total operating revenue ,All Establishments ,Employer Firms ,"88,670","82,203","76,156",3.9,3.6,3.6
62133,"Offices of Mental Health Practitioners, (except Physicians) ","Contributions, gifts, and grants received ",All Establishments ,Employer Firms ,297,309,294,9.3,8.6,8.9
485,Transit and Ground Passenger Transportation ,"Local, fixed-route passenger transportation by road and transit rail ",All Establishments ,Employer Firms ,"8,190","7,536","7,219",6.3,5.3,4.9
51913,Internet Publishing and Broadcasting and Web Search Portals6 ,Publishing and broadcasting of content on the Internet ,All Establishments ,Employer Firms ,"18,070","15,210","14,005",4.4,4.1,3.2
621493,Freestanding Ambulatory Surgical and Emergency Centers ,Patient out-of-pocket - Patients' assigned Social Security benefits ,All Establishments ,Employer Firms ,S,S,S,S,S,S
62134,"Offices of Physical, Occupational and Speech Therapists and Audiologists ",Investment and property income ,All Establishments ,Employer Firms ,S,26,26,S,12.6,19.7
621391,Offices of Podiatrists ,Total operating revenue ,All Establishments ,Employer Firms ,"4,646","4,301","4,149",4.1,3.6,3.1
56152,Tour Operators ,Customized group tours - International travel ,All Establishments ,Employer Firms ,"1,151","1,166","1,225",10.1,10.1,11.4
6212,Offices of Dentists ,Patient out-of-pocket - Patients' assigned Social Security benefits ,All Establishments ,Employer Firms ,520,631,645,25,21.8,22.9
6117,Educational Support Services ,Total operating revenue ,All Establishments ,Employer Firms ,"13,147","12,932","12,247",2.3,2.7,2.1
711219,Other Spectator Sports ,Total operating revenue ,Establishments subject to federal income tax ,Employer Firms ,"3,762","3,847","3,659",10.4,10.7,8.6
6231,Nursing Care Facilities (Skilled Nursing Facilities)11 ,Other patient care revenue ,All Establishments ,Employer Firms ,"2,401","2,435","2,437",4.8,3.3,3.7
712,"Museums, Historical Sites, and Similar Institutions ","Contributions, gifts and grants received ",Establishments exempt from federal income tax ,Employer Firms ,"5,217","4,887","4,893",4.5,5,4
54131,Architectural Services ,Interior design services ,All Establishments ,Employer Firms ,"2,314","2,021","1,968",14,14.6,13.9
51112,Periodical Publishers ,Sale or licensing of rights to content ,All Establishments ,Employer Firms ,506,482,475,13.4,15.2,15.3
62131,Offices of Chiropractors ,"Contributions, gifts, and grants received ",All Establishments ,Employer Firms ,S,S,S,S,S,S
6231,Nursing Care Facilities (Skilled Nursing Facilities)11 ,All other non-patient care revenue ,All Establishments ,Employer Firms ,"2,486","2,302","2,249",5.3,4.4,3.9
62134,"Offices of Physical, Occupational and Speech Therapists and Audiologists ",Other patient care revenue ,All Establishments ,Employer Firms ,"4,621","4,260","4,109",7,5.4,4.8
2211,"Electric Power Generation, Transmission and Distribution ",Sales of energy and resources - Water ,All Establishments ,Employer Firms ,34,29,29,0.2,0.3,0.3
54182,Public Relations Agencies ,Full public relations services ,All Establishments ,Employer Firms ,"7,256","6,857","6,643",5.5,5.1,4.3
621493,Freestanding Ambulatory Surgical and Emergency Centers ,All other non-patient care revenue ,All Establishments ,Employer Firms ,664,S,S,10.5,S,S
484,Truck Transportation ,Motor carrier revenue ,All Establishments ,Employer Firms ,"212,446","198,945","178,938",1.5,1.5,1.5
51213,Motion Picture and Video Exhibition ,Admissions to feature film exhibitions ,All Establishments ,Employer Firms ,"9,521","8,859","9,101",3.4,2.6,2.1
5112,Software Publishers ,System software publishing - Other systems software ,All Establishments ,Employer Firms ,"3,527","3,507","3,766",2.7,11.1,10.9
5174,Satellite Telecommunications ,Total operating revenue ,All Establishments ,Employer Firms ,"5,525","5,395","5,296",3.6,3.7,3.1
5171,Wired Telecommunications Carriers2 ,Repair and maintenance services for telecommunications equipment ,All Establishments ,Employer Firms ,703,S,389,9.6,S,7.2
2211,"Electric Power Generation, Transmission and Distribution ",Sales of energy and resources - Other revenue from sales of energy ,All Establishments ,Employer Firms ,"8,994","8,855","9,333",3.6,2.7,3.8
62132,Offices of Optometrists ,Investment and property income ,All Establishments ,Employer Firms ,12,S,S,12,S,S
ZZ ,Absolute value is less than 0.5. ,,,,,,,,,
56299,All Other Waste Management Services ,Sale or brokerage of nonhazardous recyclable material ,All Establishments ,Employer Firms ,151,173,42,16.8,8.3,15.4
54186,Direct Mail Advertising ,Print services for direct mail advertising materials ,All Establishments ,Employer Firms ,"1,739","1,762","1,696",6.2,7.3,7.9
51222,Integrated Record Production/Distribution ,Sale of recordings ,All Establishments ,Employer Firms ,"4,597","4,579","5,558",1,1.2,0.7
51219,Postproduction Services and Other Motion Picture and Video Industries ,Duplication and copying services ,All Establishments ,Employer Firms ,"1,118","1,228","1,189",5.8,5.4,5.5
6232,"Residential Intellectual and Developmental Disability, Mental Health and Substance Abuse Facilities11 ",Other patient care revenue ,All Establishments ,Employer Firms ,"1,824","1,794","1,801",11.9,10.3,10.2
6212,Offices of Dentists ,Other patient care revenue ,All Establishments ,Employer Firms ,"6,635","6,373","6,270",8.7,8.6,7.8
621493,Freestanding Ambulatory Surgical and Emergency Centers ,Patient out-of-pocket - Patients' assigned Social Security benefits ,All Establishments ,Employer Firms ,S,S,S,S,S,S
5417,Scientific Research and Development Services ,Total operating revenue ,Establishments exempt from federal income tax ,Employer Firms ,"33,616","33,394","31,287",2.3,1.9,2.1
5231Y ,Investment Banking and Securities Dealing and Brokerage7 ,Financial planning and investment management services for individuals ,All Establishments ,Employer Firms ,"15,713","14,430","13,933",2.6,2.1,2.2
62142,Outpatient Mental Health and Substance Abuse Centers ,"Government (includes Medicare, Medicaid, Other Government, and Workers Compensation) ",All Establishments ,Employer Firms ,"8,521","8,134","7,846",5.3,4.9,4.5
54133,Engineering Services ,All other operating revenue ,All Establishments ,Employer Firms ,"34,356","40,408","40,694",12.4,11.2,11.7
712,"Museums, Historical Sites, and Similar Institutions ",Total revenue ,Establishments exempt from federal income tax ,Employer Firms ,"11,107","10,606","10,571",3.1,2.8,2.5
62141,Outpatient Care Centers ,Total operating revenue ,All Establishments ,Employer Firms ,"2,002","1,914","1,864",3.3,3.1,2.8
561599,All Other Travel Arrangement and Reservation Services ,Commissions or fees from event tickets ,All Establishments ,Employer Firms ,"3,958",S,S,13,S,S
56299,All Other Waste Management Services ,Total operating revenue ,All Establishments ,Employer Firms ,"4,689","4,126","3,750",5,5.3,5
51213,Motion Picture and Video Exhibition ,Rental of retail space (concessionaire space in movie theaters) ,All Establishments ,Employer Firms ,70,62,61,10.5,8.9,9.8
6211,Offices of Physicians ,"Contributions, gifts, and grants received ",All Establishments ,Employer Firms ,"2,598","2,664","2,441",19,17.2,17.3
5231Y ,Investment Banking and Securities Dealing and Brokerage7 ,Brokering and dealing products - Derivative contracts ,All Establishments ,Employer Firms ,"20,658","20,161","27,062",2.8,2.6,2.3
56132,Temporary Help Services ,Temporary staffing-to-permanent placement ,All Establishments ,Employer Firms ,"3,515","4,469","3,579",20.5,21.3,20.6
6211,Offices of Physicians ,Patient out-of-pocket - Payments from patients and their families ,All Establishments ,Employer Firms ,"34,470","34,882","32,928",4.8,4.6,4.4
621493,Freestanding Ambulatory Surgical and Emergency Centers ,Other patient care revenue ,All Establishments ,Employer Firms ,937,843,763,11.3,11.9,10.8
5171,Wired Telecommunications Carriers2 ,Internet telephony ,All Establishments ,Employer Firms ,"14,173","12,324","10,299",0.8,0.8,0.9
5621,Waste Collection ,All other operating revenue ,All Establishments ,Employer Firms ,"3,607","4,228","3,828",10.5,13.5,14
5412,"Accounting, Tax Preparation, Bookkeeping, and Payroll Services ","Bookkeeping, compilation, billing, and collection services ",All Establishments ,Employer Firms ,"6,623","5,757","5,739",9.5,12.1,10.7
5112,Software Publishers ,Custom application design and development ,All Establishments ,Employer Firms ,"5,670","4,385","3,989",6,8.5,8.9
54181,Advertising Agencies ,Marketing research ,All Establishments ,Employer Firms ,951,736,565,12.3,5.3,5.2
5112,Software Publishers ,All other operating revenue ,All Establishments ,Employer Firms ,"34,759",S,"29,234",3.6,S,3.6
54133,Engineering Services ,"Commercial, public, and institutional engineering projects ",All Establishments ,Employer Firms ,"13,718","12,054","10,611",21.6,21.8,20
51111,Newspaper Publishers ,Printing services for others ,All Establishments ,Employer Firms ,"1,448","1,313","1,258",6,6.9,7.1
5417,Scientific Research and Development Services ,"Basic and applied research in natural and exact sciences, except biological sciences ",Establishments exempt from federal income tax ,Employer Firms ,"1,861","1,740","1,623",3.7,3,3.2
621492,Kidney Dialysis Centers ,Investment and property income ,All Establishments ,Employer Firms ,59,58,55,1.9,3.8,1.7
51911,News Syndicates ,Total operating revenue ,All Establishments ,Employer Firms ,"2,348","2,188","1,960",4.5,3.2,3.1
2213,"Water, Sewage and Other Systems ",Sewer system user charges ,All Establishments ,Employer Firms ,"1,657","1,645","1,483",3.9,3.5,1.6
54186,Direct Mail Advertising ,Total operating revenue ,All Establishments ,Employer Firms ,"11,391","11,092","10,745",3.1,3.5,3.6
712,"Museums, Historical Sites, and Similar Institutions ","Contributions, gifts and grants received ",Establishments exempt from federal income tax ,Employer Firms ,"5,217","4,887","4,893",4.5,5,4
5152,Cable and Other Subscription Programming ,All other operating revenue ,All Establishments ,Employer Firms ,"4,100","2,911","2,545",5.8,5.9,5.4
5112,Software Publishers ,Total operating revenue ,All Establishments ,Employer Firms ,"161,744","156,806","145,425",1.9,1.7,1.6
5231X ,Commodity Contracts Dealing and Brokerage8 ,Brokering and dealing foreign currency fees - Wholesale ,All Establishments ,Employer Firms ,858,871,810,7.9,7,6
712,"Museums, Historical Sites, and Similar Institutions ",Investment and property income ,Establishments exempt from federal income tax ,Employer Firms ,760,907,822,5.9,5.9,7.9
56132,Temporary Help Services ,Temporary staffing-to-permanent placement ,All Establishments ,Employer Firms ,"3,515","4,469","3,579",20.5,21.3,20.6
62133,"Offices of Mental Health Practitioners, (except Physicians) ",Patient out-of-pocket - Patients' assigned Social Security benefits ,All Establishments ,Employer Firms ,S,S,S,S,S,S
6116,Other Schools and Instruction ,"Occupational, technical, and trade; professional development; and management training programs and courses ",All Establishments ,Employer Firms ,"13,040","12,308","11,428",4.4,4.3,4
621493,Freestanding Ambulatory Surgical and Emergency Centers ,Total operating revenue ,All Establishments ,Employer Firms ,"22,730","20,912","19,616",3.3,2.1,2
511191,Greeting Card Publishers ,Greeting cards (paper or internet) ,All Establishments ,Employer Firms ,"2,577","2,597","2,605",1.6,1.2,1.3
51112,Periodical Publishers ,All other operating revenue ,All Establishments ,Employer Firms ,"7,147","7,466","7,703",6.4,4.6,4.5
51222,Integrated Record Production/Distribution ,Total operating revenue ,All Establishments ,Employer Firms ,"7,257","7,238","8,258",0.7,0.7,0.2
62132,Offices of Optometrists ,Other patient care revenue ,All Establishments ,Employer Firms ,858,832,781,11.8,8.3,8.6
56299,All Other Waste Management Services ,Total operating revenue ,All Establishments ,Employer Firms ,"4,689","4,126","3,750",5,5.3,5
6232,"Residential Intellectual and Developmental Disability, Mental Health and Substance Abuse Facilities11 ",All other non-patient care revenue ,All Establishments ,Employer Firms ,716,649,664,7,10,10.1
6212,Offices of Dentists ,All other non-patient care revenue ,All Establishments ,Employer Firms ,"1,128",S,S,29.8,S,S
6211,Offices of Physicians ,Investment and property income ,All Establishments ,Employer Firms ,842,912,"1,085",13.5,11.5,18.8
5121x ,Motion Picture and Video Production and Distribution1 ,Domestic licensing of rights to motion picture films ,All Establishments ,Employer Firms ,"13,729","13,507","13,785",2,1.9,2
6219,Other Ambulatory Health Care Services ,"Government (includes Medicare, Medicaid, Other Government, and Workers Compensation) ",All Establishments ,Employer Firms ,"7,626","7,072","6,721",4.7,4.1,3.4
561599,All Other Travel Arrangement and Reservation Services ,Commissions or fees from packaged tours ,All Establishments ,Employer Firms ,191,179,168,10.6,14.5,14
62134,"Offices of Physical, Occupational and Speech Therapists and Audiologists ",Patient out-of-pocket - Patients' assigned Social Security benefits ,All Establishments ,Employer Firms ,S,S,S,S,S,S
7,Includes NAICS 52311 (Investment Banking and Securities Dealing) and NAICS 52312 (Securities Brokerage). ,,,,,,,,,
5112,Software Publishers ,Application software publishing - Vertical market application software ,All Establishments ,Employer Firms ,"8,231","8,782","8,263",17.1,11.6,11
484,Truck Transportation ,Total operating revenue ,All Establishments ,Employer Firms ,"230,632","215,884","194,616",1.4,1.5,1.4
621391,Offices of Podiatrists ,"Private insurance (includes Health, Property, and Auto) ",All Establishments ,Employer Firms ,"1,959","1,860","1,842",3.8,4,3.7
486,Pipeline Transportation ,Transportation of bulk crude oil by pipeline ,All Establishments ,Employer Firms ,"5,485","4,938","4,511",Z,Z,Z
621492,Kidney Dialysis Centers ,All other non-patient care revenue ,All Establishments ,Employer Firms ,81,68,71,19.3,9.8,22.2
56151,Travel Agencies ,Commissions or fees from cruises ,All Establishments ,Employer Firms ,"1,333","1,244","1,201",14.5,13.4,15.4
813,"Religious, Grantmaking, Civic, Professional, and Similar Organizations12 ",Program service ,All Establishments ,Employer Firms ,"50,878","50,264","48,534",3,2.5,2.2
54186,Direct Mail Advertising ,Mail list creation and support services ,All Establishments ,Employer Firms ,446,410,414,20.2,15.5,15.4
51223,Music Publishers ,Total operating revenue ,All Establishments ,Employer Firms ,"3,879","3,867","3,793",2.3,2.5,2.3
62133,"Offices of Mental Health Practitioners, (except Physicians) ","Government (includes Medicare, Medicaid, Other Government, and Workers Compensation) ",All Establishments ,Employer Firms ,"3,557","3,213","2,847",5.1,5.1,5
51512,Television Broadcasting ,Total operating revenue ,All Establishments ,Employer Firms ,"38,765","35,293","35,334",1.2,1.8,1.2
621491,Other Outpatient Care Centers ,Patient out-of-pocket - Payments from patients and their families ,All Establishments ,Employer Firms ,297,284,254,1.2,1.2,1.2
6215,Medical and Diagnostic Laboratories ,Hospitals ,All Establishments ,Employer Firms ,"4,184","4,223","4,027",7.2,6.3,6.7
624,Social Assistance ,Program service ,All Establishments ,Employer Firms ,"83,133","80,836","78,170",3.4,3.1,2.5
621399,Offices of All Other Miscellaneous Health Practitioners ,Patient out-of-pocket - Patients' assigned Social Security benefits ,All Establishments ,Employer Firms ,S,S,S,S,S,S
51913,Internet Publishing and Broadcasting and Web Search Portals6 ,Licensing of rights to use intellectual property ,All Establishments ,Employer Firms ,"1,814","1,768","1,160",3.6,3.3,3.5
6216,Home Health Care Services ,"Government (includes Medicare, Medicaid, Other Government, and Workers Compensation) ",All Establishments ,Employer Firms ,"47,159","44,248","42,310",4.8,3.7,4
515111,Radio Networks ,All other operating revenue ,All Establishments ,Employer Firms ,"3,909","3,553","3,374",1.5,1.4,1.4
6231,Nursing Care Facilities (Skilled Nursing Facilities)11 ,"Government (includes Medicare, Medicaid, Other Government, and Workers Compensation) ",All Establishments ,Employer Firms ,"84,291","83,112","78,620",2.4,2.3,2.3
484,Truck Transportation ,Motor carrier revenue ,All Establishments ,Employer Firms ,"212,446","198,945","178,938",1.5,1.5,1.5
62133,"Offices of Mental Health Practitioners, (except Physicians) ",Patient out-of-pocket - Patients' assigned Social Security benefits ,All Establishments ,Employer Firms ,S,S,S,S,S,S
5415,Computer Systems Design and Related Services ,Network design and development ,All Establishments ,Employer Firms ,"7,298",S,"5,853",19.4,S,15.1
2,"Includes 2002 NAICS 5171 (Wired Telecommunications Carriers), 2002 NAICS 5175 (Cable and Other Program Distribution), and a portion of 2002 NAICS 518111 (Internet Service Providers).  Historical data, 2010 and prior, have been restated to reflect comparable data on the 2007 NAICS basis.",,,,,,,,,
5415,Computer Systems Design and Related Services ,IT technical consulting ,All Establishments ,Employer Firms ,"31,474","30,673","26,937",11.9,10.6,9.2
56152,Tour Operators ,All other operating revenue ,All Establishments ,Employer Firms ,417,320,274,9.6,12.2,12
56151,Travel Agencies ,Commissions or fees from event tickets ,All Establishments ,Employer Firms ,249,224,210,14.3,14.4,15.3
54111,Offices of Lawyers ,Total operating revenue ,Establishments exempt from federal income tax ,Employer Firms ,"3,111","3,128","3,025",6.6,5,3.6
5171,Wired Telecommunications Carriers2 ,All other operating revenue ,All Establishments ,Employer Firms ,"13,609","14,141","18,753",4.8,3.7,2.6
561599,All Other Travel Arrangement and Reservation Services ,All other operating revenue ,All Establishments ,Employer Firms ,S,"1,515","1,433",S,5.5,5.2
54133,Engineering Services ,Other engineering projects ,All Establishments ,Employer Firms ,"19,848","19,489","19,266",26.7,28.1,23.6
6232,"Residential Intellectual and Developmental Disability, Mental Health and Substance Abuse Facilities11 ",Other patient care revenue ,All Establishments ,Employer Firms ,"1,824","1,794","1,801",11.9,10.3,10.2
6231,Nursing Care Facilities (Skilled Nursing Facilities)11 ,"Contributions, gifts, and grants received ",All Establishments ,Employer Firms ,421,387,344,14.2,19.8,17
517911,Telecommunications Resellers4 ,Fixed long-distance telephony ,All Establishments ,Employer Firms ,"1,086","1,090","1,227",6.4,7.2,6.4
6231,Nursing Care Facilities (Skilled Nursing Facilities)11 ,"Government (includes Medicare, Medicaid, Other Government, and Workers Compensation) ",All Establishments ,Employer Firms ,"84,291","83,112","78,620",2.4,2.3,2.3
  ,  ,,,,,,,,,
5621,Waste Collection ,Total operating revenue ,All Establishments ,Employer Firms ,"42,370","42,567","41,373",3.7,3,3.2
5231Y ,Investment Banking and Securities Dealing and Brokerage7 ,Trading equities on own account - Net gains (losses) ,All Establishments ,Employer Firms ,"3,954","3,757","1,818",5,5.1,6.2
5239X ,Portfolio Management and Investment Advice9 ,All other operating revenue ,All Establishments ,Employer Firms ,"37,869","39,900","42,904",6.2,6.4,4.9
56299,All Other Waste Management Services ,Other waste management services ,All Establishments ,Employer Firms ,"3,235","2,651","2,418",5.6,5.2,5.1
54186,Direct Mail Advertising ,Fulfillment services ,All Establishments ,Employer Firms ,343,311,318,11.4,14.3,14.7
6232,"Residential Intellectual and Developmental Disability, Mental Health and Substance Abuse Facilities11 ","Government (includes Medicare, Medicaid, Other Government, and Workers Compensation) ",All Establishments ,Employer Firms ,"25,211","24,603","24,106",2.1,1.8,1.6
518,"Data Processing, Hosting, and Related Services5 ",Information technology (IT) technical support services ,All Establishments ,Employer Firms ,"3,138","2,853","2,607",11.7,10.1,8.5
6216,Home Health Care Services ,Other patient care revenue ,All Establishments ,Employer Firms ,"2,511","2,379","2,304",18.8,11.7,10.8
5231X ,Commodity Contracts Dealing and Brokerage8 ,Total operating revenue ,All Establishments ,Employer Firms ,"13,432","13,626","14,145",3.6,3.4,3.8
6215,Medical and Diagnostic Laboratories ,Health Practitioners ,All Establishments ,Employer Firms ,"4,177","4,243","4,019",5.4,4.9,5
6219,Other Ambulatory Health Care Services ,Total operating revenue ,All Establishments ,Employer Firms ,"31,969","31,454","30,021",1.6,1.6,1.3
518,"Data Processing, Hosting, and Related Services5 ",Information and document transformation services ,All Establishments ,Employer Firms ,"2,376","2,174","2,085",12.5,8.5,8.2
712,"Museums, Historical Sites, and Similar Institutions ",All other non-operating revenue ,Establishments exempt from federal income tax ,Employer Firms ,"1,460","1,315","1,533",5.3,11.5,5.9
6239,Other Residential Care Facilities ,Patient out-of-pocket - Patients' assigned Social Security benefits ,All Establishments ,Employer Firms ,S,26,S,S,29.2,S
5121x ,Motion Picture and Video Production and Distribution1 ,International licensing of rights to television programs ,All Establishments ,Employer Firms ,"3,737","3,545","3,175",2.7,1.9,1.9
62133,"Offices of Mental Health Practitioners, (except Physicians) ",Total operating revenue ,All Establishments ,Employer Firms ,"8,040","7,350","6,702",4.5,4.3,4.4
5174,Satellite Telecommunications ,Carrier services ,All Establishments ,Employer Firms ,"1,622","1,519","1,418",5.4,4.6,5.1
5112,Software Publishers ,System software publishing - Network software ,All Establishments ,Employer Firms ,"15,725","14,471","13,911",7.7,8,7.7
51222,Integrated Record Production/Distribution ,Total operating revenue ,All Establishments ,Employer Firms ,"7,257","7,238","8,258",0.7,0.7,0.2
5412,"Accounting, Tax Preparation, Bookkeeping, and Payroll Services ",Payroll services ,All Establishments ,Employer Firms ,"31,843","27,755","25,975",5.5,5.5,5.8
621491,Other Outpatient Care Centers ,Patient out-of-pocket - Patients' assigned Social Security benefits ,All Establishments ,Employer Firms ,S,S,ZZ,S,S,3.1
621399,Offices of All Other Miscellaneous Health Practitioners ,Other patient care revenue ,All Establishments ,Employer Firms ,636,639,621,9.2,8.8,7.9
5171,Wired Telecommunications Carriers2 ,Rental of telecommunications equipment ,All Establishments ,Employer Firms ,"1,169","1,165","1,292",0.9,2.5,2.1
5172,Wireless Telecommunications Carriers (except Satellite)3 ,Messaging (paging) services ,All Establishments ,Employer Firms ,"4,647","4,434","4,004",4.9,4.8,5.2
51213,Motion Picture and Video Exhibition ,Advertising services ,All Establishments ,Employer Firms ,190,165,154,10.2,5,2.7
561599,All Other Travel Arrangement and Reservation Services ,Commissions or fees from other reservation services ,All Establishments ,Employer Firms ,275,242,234,11.8,17.4,4.5
56292,Material Recovery Facilities ,"Nonhazardous waste and recyclable material consolidation, storage, and preparation services ",All Establishments ,Employer Firms ,"2,590","3,188","2,683",5,5,5.1
6231,Nursing Care Facilities (Skilled Nursing Facilities)11 ,All other non-patient care revenue ,All Establishments ,Employer Firms ,"2,486","2,302","2,249",5.3,4.4,3.9
2211,"Electric Power Generation, Transmission and Distribution ",All other operating revenue ,All Establishments ,Employer Firms ,"8,062","8,612","6,646",7.9,7.3,6.4
2212,Natural Gas Distribution ,Total operating revenue ,All Establishments ,Employer Firms ,"78,717","96,021","99,714",1.8,1.6,1.4
62142,Outpatient Mental Health and Substance Abuse Centers ,"Contributions, gifts, and grants received ",All Establishments ,Employer Firms ,"1,097","1,229","1,174",13.3,8.9,9.1
624,Social Assistance ,Investment and property income ,All Establishments ,Employer Firms ,"1,446","1,494","1,520",8.6,8.5,9.6
711212,Racetracks ,Total operating revenue ,Establishments subject to federal income tax ,Employer Firms ,"7,681","7,447","7,216",4.7,5,4.9
6116,Other Schools and Instruction ,All other operating revenue ,All Establishments ,Employer Firms ,"6,804","5,871","5,503",5,4.5,4.4
