NAICS,NAICS Description,Item,Tax Status,Employer Status,2012 Revenue,2011 Revenue,2010 Revenue,2012 Coefficient of Variation,2011 Coefficient of Variation,2010 Coefficient of Variation
6,"Includes 2002 NAICS 516 (Internet Publishing and Broadcasting) and 2002 NAICS 518112 (Web Search Portals).  Historical data, 2010 and prior, have been restated to reflect comparable data on the 2007 NAICS basis. ",,,,,,,,,
62132,Offices of Optometrists ,Total operating revenue ,All Establishments ,Employer Firms ,"12,579","12,025","11,684",2.2,1.9,1.5
62131,Offices of Chiropractors ,Other patient care revenue ,All Establishments ,Employer Firms ,579,561,534,8.7,9.3,9.9
62132,Offices of Optometrists ,Investment and property income ,All Establishments ,Employer Firms ,12,S,S,12,S,S
5417,Scientific Research and Development Services ,All other non-operating revenue ,Establishments exempt from federal income tax ,Employer Firms ,647,416,735,10,14.3,7.9
711211,Sports Teams and Clubs ,Admissions revenue (excluding admissions taxes) ,Establishments subject to federal income tax ,Employer Firms ,"8,458","8,494","7,846",6.4,7.7,6.6
6239,Other Residential Care Facilities ,"Contributions, gifts, and grants received ",All Establishments ,Employer Firms ,"1,333","1,326","1,320",5.4,4.2,4.7
51113,Book Publishers ,All other operating revenue ,All Establishments ,Employer Firms ,"3,634","3,673","3,725",6.1,9.5,7.9
5412,"Accounting, Tax Preparation, Bookkeeping, and Payroll Services ",Taxation planning and consulting services ,All Establishments ,Employer Firms ,"6,698","6,765","6,478",8.9,7.7,6.1
6239,Other Residential Care Facilities ,Total operating revenue ,All Establishments ,Employer Firms ,"8,534","8,308","8,196",2.6,2,2.3
54161,Management Consulting Services10 ,Actuarial consulting (except for employee pensions and other benefits) ,All Establishments ,Employer Firms ,"1,437","1,308","1,214",11.4,10.4,11.8
621498,All Other Outpatient Care Centers ,Investment and property income ,All Establishments ,Employer Firms ,235,239,211,8.7,10.5,9
485,Transit and Ground Passenger Transportation ,"Local, passenger transportation by road except fixed route ",All Establishments ,Employer Firms ,"13,423","12,756","12,129",3,2.9,2.4
5112,Software Publishers ,All other operating revenue ,All Establishments ,Employer Firms ,"34,759",S,"29,234",3.6,S,3.6
62141,Outpatient Care Centers ,Patient out-of-pocket - Payments from patients and their families ,All Establishments ,Employer Firms ,602,567,542,4.4,5,4.4
51512,Television Broadcasting ,Public and non-commercial programming services ,All Establishments ,Employer Firms ,"1,611","1,510","1,682",6.2,5.8,5.1
6233,Community Care Facilities for the Elderly ,Investment and property income ,All Establishments ,Employer Firms ,919,785,850,6.8,5.5,7.4
56151,Travel Agencies ,Commissions or fees from event tickets ,All Establishments ,Employer Firms ,249,224,210,14.3,14.4,15.3
621391,Offices of Podiatrists ,Patient out-of-pocket - Patients' assigned Social Security benefits ,All Establishments ,Employer Firms ,40,39,38,18.5,25.5,25.4
481,Air Transportation ,"International, non-scheduled passenger by air ",All Establishments ,Employer Firms ,"2,775","2,450","2,630",3.5,3.9,6.1
7111,Performing Arts Companies ,Total operating revenue ,Establishments subject to federal income tax ,Employer Firms ,"11,022","11,334","10,327",5.6,5.5,4.6
6216,Home Health Care Services ,All other non-patient care revenue ,All Establishments ,Employer Firms ,489,502,493,21.3,18.8,19.6
5417,Scientific Research and Development Services ,Basic and applied research in the biological and biomedical sciences ,Establishments subject to federal income tax ,Employer Firms ,"16,333","13,655","12,374",7.4,7,7.1
6219,Other Ambulatory Health Care Services ,Other patient care revenue ,All Establishments ,Employer Firms ,"11,327","11,394","11,063",1.4,1.7,1.7
7,Includes NAICS 52311 (Investment Banking and Securities Dealing) and NAICS 52312 (Securities Brokerage). ,,,,,,,,,
9,Includes NAICS 52392 (Portfolio Management) and NAICS 52393 (Investment Advice). ,,,,,,,,,
54161,Management Consulting Services10 ,"Strategic management consulting, and consulting combined with implementation ",All Establishments ,Employer Firms ,"36,543","33,590","32,110",5.5,4.4,3.8
6232,"Residential Intellectual and Developmental Disability, Mental Health and Substance Abuse Facilities11 ",Patient out-of-pocket - Patients' assigned Social Security benefits ,All Establishments ,Employer Firms ,706,697,646,12.7,11.1,9.4
5171,Wired Telecommunications Carriers2 ,Fixed services - Fixed local telephony ,All Establishments ,Employer Firms ,"39,272","41,973","45,650",0.9,0.8,0.7
5152,Cable and Other Subscription Programming ,All other operating revenue ,All Establishments ,Employer Firms ,"4,100","2,911","2,545",5.8,5.9,5.4
54161,Management Consulting Services10 ,"Financial management consulting, and consulting combined with implementation ",All Establishments ,Employer Firms ,"7,818","7,647","7,835",9.8,7.4,7.3
6211,Offices of Physicians ,Patient out-of-pocket - Payments from patients and their families ,All Establishments ,Employer Firms ,"34,470","34,882","32,928",4.8,4.6,4.4
5231X ,Commodity Contracts Dealing and Brokerage8 ,Brokering and dealing other financial instruments ,All Establishments ,Employer Firms ,"1,730","3,079","1,834",5.3,4.4,4.3
6212,Offices of Dentists ,Patient out-of-pocket - Patients' assigned Social Security benefits ,All Establishments ,Employer Firms ,520,631,645,25,21.8,22.9
56152,Tour Operators ,Customized group tours - Domestic travel ,All Establishments ,Employer Firms ,"1,106","1,000",851,12.4,11.7,8.1
5172,Wireless Telecommunications Carriers (except Satellite)3 ,Repair and maintenance services for telecommunications equipment ,All Establishments ,Employer Firms ,S,"1,480","1,335",S,4.9,5.4
6231,Nursing Care Facilities (Skilled Nursing Facilities)11 ,"Contributions, gifts, and grants received ",All Establishments ,Employer Firms ,421,387,344,14.2,19.8,17
2211,"Electric Power Generation, Transmission and Distribution ",Sewer system user charges ,All Establishments ,Employer Firms ,20,19,32,Z,3.6,0.2
5412,"Accounting, Tax Preparation, Bookkeeping, and Payroll Services ",General accounting services ,All Establishments ,Employer Firms ,"6,574","5,987","6,306",9.7,10.3,11.4
6232,"Residential Intellectual and Developmental Disability, Mental Health and Substance Abuse Facilities11 ",All other non-patient care revenue ,All Establishments ,Employer Firms ,716,649,664,7,10,10.1
5152,Cable and Other Subscription Programming ,Total operating revenue ,All Establishments ,Employer Firms ,"64,168","60,318","55,168",0.4,0.3,0.2
813,"Religious, Grantmaking, Civic, Professional, and Similar Organizations12 ",Investment and property income ,All Establishments ,Employer Firms ,"19,957","15,183","20,002",6.4,7.5,7.3
5171,Wired Telecommunications Carriers2 ,Air time (advertising and program content) ,All Establishments ,Employer Firms ,S,"5,146","5,051",S,0.6,0.5
483,Water Transportation ,Total operating revenue ,All Establishments ,Employer Firms ,"37,630","36,560","34,836",0.7,0.6,0.5
621492,Kidney Dialysis Centers ,Patient out-of-pocket - Patients' assigned Social Security benefits ,All Establishments ,Employer Firms ,8,7,7,3.5,3.5,3.1
56151,Travel Agencies ,Commissions or fees from cruises ,All Establishments ,Employer Firms ,"1,333","1,244","1,201",14.5,13.4,15.4
5239X ,Portfolio Management and Investment Advice9 ,Trust products ,All Establishments ,Employer Firms ,"6,083","5,424","5,377",6.2,5.9,8
5171,Wired Telecommunications Carriers2 ,Fixed services - Fixed local telephony ,All Establishments ,Employer Firms ,"39,272","41,973","45,650",0.9,0.8,0.7
54181,Advertising Agencies ,Integrated advertising services ,All Establishments ,Employer Firms ,"20,284","17,897","16,747",6.1,8,7.4
56292,Material Recovery Facilities ,All other operating revenue ,All Establishments ,Employer Firms ,449,343,299,10.1,7.1,6.6
621493,Freestanding Ambulatory Surgical and Emergency Centers ,Other patient care revenue ,All Establishments ,Employer Firms ,937,843,763,11.3,11.9,10.8
62132,Offices of Optometrists ,"Private insurance (includes Health, Property, and Auto) ",All Establishments ,Employer Firms ,"4,447","4,310","4,161",3.2,2.3,1.8
5121x ,Motion Picture and Video Production and Distribution1 ,Total operating revenue ,All Establishments ,Employer Firms ,"66,235","63,840","62,567",2.6,1.7,1.8
711219,Other Spectator Sports ,All other operating revenue ,Establishments subject to federal income tax ,Employer Firms ,"3,235","3,339","3,194",12,12.1,9.6
56152,Tour Operators ,Customized group tours - Domestic travel ,All Establishments ,Employer Firms ,"1,106","1,000",851,12.4,11.7,8.1
5231X ,Commodity Contracts Dealing and Brokerage8 ,Trading foreign currency on own account - Net gains (losses) ,All Establishments ,Employer Firms ,328,271,274,7.6,6.6,6.6
5231Y ,Investment Banking and Securities Dealing and Brokerage7 ,All other operating revenue ,All Establishments ,Employer Firms ,"64,943","67,534","72,763",1.2,1.8,1.6
56152,Tour Operators ,Pre-packaged tours - International travel ,All Establishments ,Employer Firms ,"1,777","1,687","1,699",5,6.8,6.3
5231X ,Commodity Contracts Dealing and Brokerage8 ,Brokering and dealing products - Derivative contracts ,All Establishments ,Employer Firms ,"1,785","2,359","2,003",7.3,6,6.8
4,"Includes 2002 NAICS 5173 (Telecommunications Resellers).  Historical data, 2010 and prior, have been restated to reflect comparable data on the 2007 NAICS basis. ",,,,,,,,,
5231Y ,Investment Banking and Securities Dealing and Brokerage7 ,Trading debt instruments on own account - Net gains (losses) ,All Establishments ,Employer Firms ,"4,488","2,704","3,373",5.2,8.1,4.6
5171,Wired Telecommunications Carriers2 ,Air time (advertising and program content) ,All Establishments ,Employer Firms ,S,"5,146","5,051",S,0.6,0.5
54131,Architectural Services ,Interior design services ,All Establishments ,Employer Firms ,"2,314","2,021","1,968",14,14.6,13.9
  ,  ,,,,,,,,,
483,Water Transportation ,Sightseeing by water ,All Establishments ,Employer Firms ,S,S,S,S,S,S
621498,All Other Outpatient Care Centers ,All other non-patient care revenue ,All Establishments ,Employer Firms ,"2,010","2,494","2,375",4.5,3.7,4.1
5231X ,Commodity Contracts Dealing and Brokerage8 ,Total operating revenue ,All Establishments ,Employer Firms ,"13,432","13,626","14,145",3.6,3.4,3.8
62132,Offices of Optometrists ,Patient out-of-pocket - Payments from patients and their families ,All Establishments ,Employer Firms ,"5,285","5,021","4,923",3.1,3.4,2.9
62141,Outpatient Care Centers ,Other patient care revenue ,All Establishments ,Employer Firms ,39,43,34,11,9.9,17.2
5231X ,Commodity Contracts Dealing and Brokerage8 ,Trading derivative contracts on own account - Net gains (losses) ,All Establishments ,Employer Firms ,"1,666",-579,"2,078",6.5,-11.5,4.9
62134,"Offices of Physical, Occupational and Speech Therapists and Audiologists ",Patient out-of-pocket - Patients' assigned Social Security benefits ,All Establishments ,Employer Firms ,S,S,S,S,S,S
51112,Periodical Publishers ,Total operating revenue ,All Establishments ,Employer Firms ,"38,949","38,462","38,395",4.3,3.2,2.5
5239X ,Portfolio Management and Investment Advice9 ,All other operating revenue ,All Establishments ,Employer Firms ,"37,869","39,900","42,904",6.2,6.4,4.9
62142,Outpatient Mental Health and Substance Abuse Centers ,Patient out-of-pocket - Payments from patients and their families ,All Establishments ,Employer Firms ,744,675,618,10,13,9.9
5121x ,Motion Picture and Video Production and Distribution1 ,Domestic licensing of rights to television programs ,All Establishments ,Employer Firms ,"12,796","12,355","11,364",8.9,2.6,2.4
5415,Computer Systems Design and Related Services ,IT technical consulting ,All Establishments ,Employer Firms ,"31,474","30,673","26,937",11.9,10.6,9.2
522,Credit Intermediation and Related Activities ,Loan income from consumers ,All Establishments ,Employer Firms ,"528,541","535,148","573,297",1.2,0.8,0.7
515112,Radio Stations ,All other operating revenue ,All Establishments ,Employer Firms ,"1,461","1,277","1,212",2.9,4.5,4.5
6212,Offices of Dentists ,Investment and property income ,All Establishments ,Employer Firms ,S,S,S,S,S,S
621491,Other Outpatient Care Centers ,Patient out-of-pocket - Payments from patients and their families ,All Establishments ,Employer Firms ,297,284,254,1.2,1.2,1.2
6239,Other Residential Care Facilities ,"Government (includes Medicare, Medicaid, Other Government, and Workers Compensation) ",All Establishments ,Employer Firms ,"5,744","5,580","5,501",3.6,2.8,2.8
54181,Advertising Agencies ,Direct marketing ,All Establishments ,Employer Firms ,"1,872","1,528","1,250",29.4,22.2,16.4
6239,Other Residential Care Facilities ,Other patient care revenue ,All Establishments ,Employer Firms ,S,519,504,S,5.6,6.1
51219,Postproduction Services and Other Motion Picture and Video Industries ,Total operating revenue ,All Establishments ,Employer Firms ,"5,415","5,590","5,310",3.8,3.9,3.8
51113,Book Publishers ,Books - textbooks ,All Establishments ,Employer Firms ,"8,598","9,021","8,968",2.7,1.9,1.7
  ,  ,,,,,,,,,
5172,Wireless Telecommunications Carriers (except Satellite)3 ,Total operating revenue ,All Establishments ,Employer Firms ,"220,192","209,613","195,526",0.8,0.7,0.7
6114,Business Schools and Computer and Management Training ,All other operating revenue ,All Establishments ,Employer Firms ,"1,799","1,740","1,566",12.7,12.6,11.6
511199,All Other Publishers ,Sale of advertising space ,All Establishments ,Employer Firms ,439,436,456,17.4,14.3,13
51223,Music Publishers ,Licensing revenue - Licensing of rights to use musical recordings ,All Establishments ,Employer Firms ,39,34,17,13.2,13.7,15.5
711211,Sports Teams and Clubs ,Admissions revenue (excluding admissions taxes) ,Establishments subject to federal income tax ,Employer Firms ,"8,458","8,494","7,846",6.4,7.7,6.6
522,Credit Intermediation and Related Activities ,Credit card income from consumers ,All Establishments ,Employer Firms ,"76,784","95,923","106,588",1,0.7,0.7
484,Truck Transportation ,Total operating revenue ,All Establishments ,Employer Firms ,"230,632","215,884","194,616",1.4,1.5,1.4
6211,Offices of Physicians ,"Government (includes Medicare, Medicaid, Other Government, and Workers Compensation) ",All Establishments ,Employer Firms ,"107,841","103,814","98,652",2,2.2,1.9
56151,Travel Agencies ,Total operating revenue ,All Establishments ,Employer Firms ,"17,665","17,556","16,449",5.7,6,5.4
6215,Medical and Diagnostic Laboratories ,Patient out-of-pocket ,All Establishments ,Employer Firms ,"2,852","2,889","2,795",4.5,4.2,3.5
5171,Wired Telecommunications Carriers2 ,All other operating revenue ,All Establishments ,Employer Firms ,"13,609","14,141","18,753",4.8,3.7,2.6
622,Hospitals ,Patient out-of-pocket - Payments from patients and their families ,All Establishments ,Employer Firms ,"38,171","34,597","32,915",3.6,3.5,3.6
56152,Tour Operators ,Customized group tours - Domestic travel ,All Establishments ,Employer Firms ,"1,106","1,000",851,12.4,11.7,8.1
621493,Freestanding Ambulatory Surgical and Emergency Centers ,Other patient care revenue ,All Establishments ,Employer Firms ,937,843,763,11.3,11.9,10.8
6232,"Residential Intellectual and Developmental Disability, Mental Health and Substance Abuse Facilities11 ","Private insurance (includes Health, Property, and Auto) ",All Establishments ,Employer Firms ,"2,038","1,880","1,783",9,9.2,8.8
5415,Computer Systems Design and Related Services ,Total operating revenue ,All Establishments ,Employer Firms ,"320,236","303,354","283,790",2,1.8,1.7
5121x ,Motion Picture and Video Production and Distribution1 ,International licensing of rights to motion picture films ,All Establishments ,Employer Firms ,"8,519","8,100","9,100",2,2,2
51114,Directory and Mailing List Publishers ,Total operating revenue ,All Establishments ,Employer Firms ,"12,182","13,040","13,475",2.3,2.1,2.1
62141,Outpatient Care Centers ,"Contributions, gifts, and grants received ",All Establishments ,Employer Firms ,424,380,370,8.3,8.2,7.8
62134,"Offices of Physical, Occupational and Speech Therapists and Audiologists ","Private insurance (includes Health, Property, and Auto) ",All Establishments ,Employer Firms ,"8,932","8,301","7,799",3.6,3.5,3.4
5239X ,Portfolio Management and Investment Advice9 ,Brokering and dealing products - Equities ,All Establishments ,Employer Firms ,"5,116","4,962","4,876",5.9,7.3,5.7
5231X ,Commodity Contracts Dealing and Brokerage8 ,All other operating revenue ,All Establishments ,Employer Firms ,"6,278","6,235","5,725",3.9,3.4,4.1
51112,Periodical Publishers ,Total operating revenue ,All Establishments ,Employer Firms ,"38,949","38,462","38,395",4.3,3.2,2.5
54181,Advertising Agencies ,Other advertising services ,All Establishments ,Employer Firms ,"4,401","3,974","3,769",7.4,6,10.1
485,Transit and Ground Passenger Transportation ,"Local, passenger transportation by road except fixed route ",All Establishments ,Employer Firms ,"13,423","12,756","12,129",3,2.9,2.4
5172,Wireless Telecommunications Carriers (except Satellite)3 ,All other operating revenue ,All Establishments ,Employer Firms ,"12,911","13,270","11,784",3.4,2.9,3.4
621492,Kidney Dialysis Centers ,All other non-patient care revenue ,All Establishments ,Employer Firms ,81,68,71,19.3,9.8,22.2
621493,Freestanding Ambulatory Surgical and Emergency Centers ,Patient out-of-pocket - Patients' assigned Social Security benefits ,All Establishments ,Employer Firms ,S,S,S,S,S,S
54131,Architectural Services ,Interior design services ,All Establishments ,Employer Firms ,"2,314","2,021","1,968",14,14.6,13.9
485,Transit and Ground Passenger Transportation ,"Long-distance, fixed-route passenger transportation by road ",All Establishments ,Employer Firms ,"3,262","3,011","2,849",5.5,4.8,5.2
62142,Outpatient Mental Health and Substance Abuse Centers ,Patient out-of-pocket - Payments from patients and their families ,All Establishments ,Employer Firms ,744,675,618,10,13,9.9
56292,Material Recovery Facilities ,All other operating revenue ,All Establishments ,Employer Firms ,449,343,299,10.1,7.1,6.6
2,"Includes 2002 NAICS 5171 (Wired Telecommunications Carriers), 2002 NAICS 5175 (Cable and Other Program Distribution), and a portion of 2002 NAICS 518111 (Internet Service Providers).  Historical data, 2010 and prior, have been restated to reflect comparable data on the 2007 NAICS basis.",,,,,,,,,
62142,Outpatient Mental Health and Substance Abuse Centers ,"Contributions, gifts, and grants received ",All Establishments ,Employer Firms ,"1,097","1,229","1,174",13.3,8.9,9.1
51222,Integrated Record Production/Distribution ,Licensing revenue - Licensing of rights to use musical recordings ,All Establishments ,Employer Firms ,D,668,791,D,1,0.9
54161,Management Consulting Services10 ,"Human resources management consulting, and consulting combined with implementation ",All Establishments ,Employer Firms ,"13,692","13,469","12,938",5.4,4.7,4.5
8,Includes NAICS 52313 (Commodity Contracts Dealing) and NAICS 52314 (Commodity Contracts Brokerage). ,,,,,,,,,
51223,Music Publishers ,Administration of copyrights for others ,All Establishments ,Employer Firms ,293,272,235,3.2,3.2,3.3
6,"Includes 2002 NAICS 516 (Internet Publishing and Broadcasting) and 2002 NAICS 518112 (Web Search Portals).  Historical data, 2010 and prior, have been restated to reflect comparable data on the 2007 NAICS basis. ",,,,,,,,,
56151,Travel Agencies ,Commissions or fees from automobile clubs and road and travel service ,All Establishments ,Employer Firms ,573,609,573,10.3,10,10.3
54131,Architectural Services ,Single-family residential projects ,All Establishments ,Employer Firms ,"2,314","2,274","2,180",18.4,18.5,16.2
5121x ,Motion Picture and Video Production and Distribution1 ,Domestic licensing of rights to others to distribute audiovisual works ,All Establishments ,Employer Firms ,788,748,756,2.9,2.3,2.2
6232,"Residential Intellectual and Developmental Disability, Mental Health and Substance Abuse Facilities11 ",Patient out-of-pocket - Patients' assigned Social Security benefits ,All Establishments ,Employer Firms ,706,697,646,12.7,11.1,9.4
51911,News Syndicates ,All other operating revenue ,All Establishments ,Employer Firms ,590,S,346,18.7,S,13
621399,Offices of All Other Miscellaneous Health Practitioners ,"Private insurance (includes Health, Property, and Auto) ",All Establishments ,Employer Firms ,"1,736","1,656","1,521",5.4,5.4,4.8
5417,Scientific Research and Development Services ,Basic and applied research in engineering and technology ,Establishments exempt from federal income tax ,Employer Firms ,"8,399","8,735","8,152",3.9,3.3,3.3
54131,Architectural Services ,Interior design services ,All Establishments ,Employer Firms ,"2,314","2,021","1,968",14,14.6,13.9
54161,Management Consulting Services10 ,"Financial management consulting, and consulting combined with implementation ",All Establishments ,Employer Firms ,"7,818","7,647","7,835",9.8,7.4,7.3
486,Pipeline Transportation ,Total operating revenue ,All Establishments ,Employer Firms ,"36,396","35,948","33,665",Z,Z,Z
5112,Software Publishers ,System software publishing - Database management software ,All Establishments ,Employer Firms ,"10,492","10,267","9,913",4.1,7,7.8
5171,Wired Telecommunications Carriers2 ,Basic programming package ,All Establishments ,Employer Firms ,"60,290","56,480","54,901",0.9,0.7,0.6
6219,Other Ambulatory Health Care Services ,"Private insurance (includes Health, Property, and Auto) ",All Establishments ,Employer Firms ,"5,882","5,567","5,213",3.6,3.3,3.1
51222,Integrated Record Production/Distribution ,Licensing revenue - Licensing of rights to use musical compositions ,All Establishments ,Employer Firms ,"1,167","1,126","1,040",2.5,2.4,2.4
62131,Offices of Chiropractors ,"Government (includes Medicare, Medicaid, Other Government, and Workers Compensation) ",All Establishments ,Employer Firms ,"1,385","1,357","1,316",4.2,4.9,4.8
6212,Offices of Dentists ,"Private insurance (includes Health, Property, and Auto) ",All Establishments ,Employer Firms ,"45,875","44,673","43,798",2.4,1.9,1.9
54161,Management Consulting Services10 ,"Strategic management consulting, and consulting combined with implementation ",All Establishments ,Employer Firms ,"36,543","33,590","32,110",5.5,4.4,3.8
62141,Outpatient Care Centers ,"Contributions, gifts, and grants received ",All Establishments ,Employer Firms ,424,380,370,8.3,8.2,7.8
5171,Wired Telecommunications Carriers2 ,Telecommunications network installation services ,All Establishments ,Employer Firms ,464,451,549,12.9,11.7,4.1
517911,Telecommunications Resellers4 ,Fixed long-distance telephony ,All Establishments ,Employer Firms ,"1,086","1,090","1,227",6.4,7.2,6.4
511191,Greeting Card Publishers ,All other operating revenue ,All Establishments ,Employer Firms ,"1,143","1,225","1,247",2.2,1.6,2.5
56292,Material Recovery Facilities ,Sale or brokerage of nonhazardous recyclable material ,All Establishments ,Employer Firms ,"1,986","2,281","1,843",5.1,5.4,5.2
712,"Museums, Historical Sites, and Similar Institutions ",Program service ,Establishments exempt from federal income tax ,Employer Firms ,"3,670","3,497","3,323",3.8,2.7,3.1
  ,  ,,,,,,,,,
62133,"Offices of Mental Health Practitioners, (except Physicians) ",All other non-patient care revenue ,All Establishments ,Employer Firms ,251,225,206,12,17.3,20.9
622,Hospitals ,Other patient care revenue ,All Establishments ,Employer Firms ,"67,653","65,543","57,333",8.2,8.8,10.3
5171,Wired Telecommunications Carriers2 ,All other operating revenue ,All Establishments ,Employer Firms ,"13,609","14,141","18,753",4.8,3.7,2.6
5171,Wired Telecommunications Carriers2 ,Installation services for connections to program distribution networks ,All Establishments ,Employer Firms ,"1,323","1,115","1,104",20.1,21.4,21.2
6212,Offices of Dentists ,"Private insurance (includes Health, Property, and Auto) ",All Establishments ,Employer Firms ,"45,875","44,673","43,798",2.4,1.9,1.9
62141,Outpatient Care Centers ,All other non-patient care revenue ,All Establishments ,Employer Firms ,53,50,47,14.7,8.8,11.6
54161,Management Consulting Services10 ,"Operations and supply chain management consulting, and consulting combined with implementation ",All Establishments ,Employer Firms ,"7,961","8,133","8,035",6.2,8.2,7.2
54186,Direct Mail Advertising ,All other operating revenue ,All Establishments ,Employer Firms ,834,807,783,11.9,12.1,9.6
6232,"Residential Intellectual and Developmental Disability, Mental Health and Substance Abuse Facilities11 ",Investment and property income ,All Establishments ,Employer Firms ,184,192,229,15.1,14.5,17.5
5171,Wired Telecommunications Carriers2 ,Carrier services ,All Establishments ,Employer Firms ,"18,722","19,534","18,967",1.8,2.1,2.6
2213,"Water, Sewage and Other Systems ",Total operating revenue ,All Establishments ,Employer Firms ,"12,454","12,195","11,648",1.7,1.5,1.4
51223,Music Publishers ,Licensing revenue - Licensing of rights to use musical recordings ,All Establishments ,Employer Firms ,39,34,17,13.2,13.7,15.5
5,"Historical data, 2010 and prior, have been restated to reflect comparable data on the 2007 NAICS basis for more detailed levels within this aggregate. ",,,,,,,,,
6219,Other Ambulatory Health Care Services ,All other non-patient care revenue ,All Establishments ,Employer Firms ,"4,627","4,868","4,590",3.4,2.3,2.2
561599,All Other Travel Arrangement and Reservation Services ,Commissions or fees from cruises ,All Establishments ,Employer Firms ,169,S,155,29.3,S,29.5
624,Social Assistance ,All other non-operating revenue ,All Establishments ,Employer Firms ,"7,594","7,330","7,025",7.1,6.3,5.7
6215,Medical and Diagnostic Laboratories ,Patient out-of-pocket ,All Establishments ,Employer Firms ,"2,852","2,889","2,795",4.5,4.2,3.5
518,"Data Processing, Hosting, and Related Services5 ",Information and document transformation services ,All Establishments ,Employer Firms ,"2,376","2,174","2,085",12.5,8.5,8.2
5417,Scientific Research and Development Services ,Basic and applied research in the social sciences and humanities ,Establishments exempt from federal income tax ,Employer Firms ,"2,133","1,848","1,744",5.7,6.2,5.9
