NAICS,NAICS Description,Item,Tax Status,Employer Status,2012 Revenue,2011 Revenue,2010 Revenue,2012 Coefficient of Variation,2011 Coefficient of Variation,2010 Coefficient of Variation
6232,"Residential Intellectual and Developmental Disability, Mental Health and Substance Abuse Facilities11 ","Government (includes Medicare, Medicaid, Other Government, and Workers Compensation) ",All Establishments ,Employer Firms ,"25,211","24,603","24,106",2.1,1.8,1.6
5231Y ,Investment Banking and Securities Dealing and Brokerage7 ,Repurchase agreements - Net gains (losses) ,All Establishments ,Employer Firms ,"7,877","7,533","8,177",1.6,1.4,1.8
6232,"Residential Intellectual and Developmental Disability, Mental Health and Substance Abuse Facilities11 ","Contributions, gifts, and grants received ",All Establishments ,Employer Firms ,"1,040","1,009",984,13.5,11.9,10.7
54161,Management Consulting Services10 ,"Financial management consulting, and consulting combined with implementation ",All Establishments ,Employer Firms ,"7,818","7,647","7,835",9.8,7.4,7.3
51911,News Syndicates ,All other operating revenue ,All Establishments ,Employer Firms ,590,S,346,18.7,S,13
518,"Data Processing, Hosting, and Related Services5 ",Information technology (IT) design and development services ,All Establishments ,Employer Firms ,"2,996","2,587","2,277",13.6,12.6,11.5
51112,Periodical Publishers ,Periodicals - subscriptions & sales ,All Establishments ,Employer Firms ,"14,027","12,790","12,608",7.5,7.4,5.9
481,Air Transportation ,"International, scheduled passenger transportation by air ",All Establishments ,Employer Firms ,"51,001","48,467","39,763",7.5,8.2,7.3
62132,Offices of Optometrists ,Total operating revenue ,All Establishments ,Employer Firms ,"12,579","12,025","11,684",2.2,1.9,1.5
62142,Outpatient Mental Health and Substance Abuse Centers ,Other patient care revenue ,All Establishments ,Employer Firms ,"1,138","1,228","1,204",11.5,9.5,9.7
51112,Periodical Publishers ,Periodicals - subscriptions & sales ,All Establishments ,Employer Firms ,"14,027","12,790","12,608",7.5,7.4,5.9
6216,Home Health Care Services ,"Government (includes Medicare, Medicaid, Other Government, and Workers Compensation) ",All Establishments ,Employer Firms ,"47,159","44,248","42,310",4.8,3.7,4
621491,Other Outpatient Care Centers ,Other patient care revenue ,All Establishments ,Employer Firms ,547,500,450,1.3,1.3,1.3
5621,Waste Collection ,Total operating revenue ,All Establishments ,Employer Firms ,"42,370","42,567","41,373",3.7,3,3.2
54133,Engineering Services ,All other operating revenue ,All Establishments ,Employer Firms ,"34,356","40,408","40,694",12.4,11.2,11.7
56151,Travel Agencies ,Commissions or fees from other travel arrangement services revenue ,All Establishments ,Employer Firms ,373,483,407,7.4,7.7,9.3
481,Air Transportation ,All other operating revenue ,All Establishments ,Employer Firms ,"18,677","18,238","15,756",4,3.4,3.7
51112,Periodical Publishers ,Sale or licensing of rights to content ,All Establishments ,Employer Firms ,506,482,475,13.4,15.2,15.3
54181,Advertising Agencies ,Advertising creative services (including graphic design services) ,All Establishments ,Employer Firms ,"2,304","1,970","1,844",21.4,14.3,11.3
51913,Internet Publishing and Broadcasting and Web Search Portals6 ,Total operating revenue ,All Establishments ,Employer Firms ,"57,534","48,487","41,725",3,2.9,2.5
483,Water Transportation ,Total operating revenue ,All Establishments ,Employer Firms ,"37,630","36,560","34,836",0.7,0.6,0.5
56151,Travel Agencies ,Commissions or fees from trip planning ,All Establishments ,Employer Firms ,"4,119","4,101","3,821",7.6,8.7,8.9
51113,Book Publishers ,Books - children's books ,All Establishments ,Employer Firms ,"3,637","3,334","3,352",7.7,4,4.3
622,Hospitals ,"Contributions, gifts, and grants received ",All Establishments ,Employer Firms ,"16,949","16,254","15,418",16.2,15.5,15.9
621492,Kidney Dialysis Centers ,Total operating revenue ,All Establishments ,Employer Firms ,"18,900","17,270","16,447",3.1,2.8,2.3
6232,"Residential Intellectual and Developmental Disability, Mental Health and Substance Abuse Facilities11 ",Investment and property income ,All Establishments ,Employer Firms ,184,192,229,15.1,14.5,17.5
5621,Waste Collection ,Residential nonhazardous waste and recyclable material collection services ,All Establishments ,Employer Firms ,"16,639","16,626","15,805",5,5.1,5.1
6239,Other Residential Care Facilities ,All other non-patient care revenue ,All Establishments ,Employer Firms ,282,268,238,6.9,7.4,4.8
621492,Kidney Dialysis Centers ,"Government (includes Medicare, Medicaid, Other Government, and Workers Compensation) ",All Establishments ,Employer Firms ,"11,783","10,836","10,296",3.1,2.8,2.3
54186,Direct Mail Advertising ,Other direct mail advertising services ,All Establishments ,Employer Firms ,342,375,376,13.3,11.2,12.1
5172,Wireless Telecommunications Carriers (except Satellite)3 ,"Reselling services for telecommunications equipment, retail ",All Establishments ,Employer Firms ,"23,073","20,627","18,575",1.3,0.8,0.7
5412,"Accounting, Tax Preparation, Bookkeeping, and Payroll Services ",Payroll services ,All Establishments ,Employer Firms ,"31,843","27,755","25,975",5.5,5.5,5.8
54133,Engineering Services ,Hazardous waste and industrial waste engineering projects ,All Establishments ,Employer Firms ,"4,649","4,634","4,437",20.9,19.2,23.9
5412,"Accounting, Tax Preparation, Bookkeeping, and Payroll Services ",Taxation planning and consulting services ,All Establishments ,Employer Firms ,"6,698","6,765","6,478",8.9,7.7,6.1
6116,Other Schools and Instruction ,All other operating revenue ,All Establishments ,Employer Firms ,"6,804","5,871","5,503",5,4.5,4.4
522,Credit Intermediation and Related Activities ,Credit card income from consumers ,All Establishments ,Employer Firms ,"76,784","95,923","106,588",1,0.7,0.7
6212,Offices of Dentists ,"Government (includes Medicare, Medicaid, Other Government, and Workers Compensation) ",All Establishments ,Employer Firms ,"9,957","11,049","10,982",5.8,8.5,6.9
621399,Offices of All Other Miscellaneous Health Practitioners ,"Contributions, gifts, and grants received ",All Establishments ,Employer Firms ,S,S,94,S,S,26.6
5171,Wired Telecommunications Carriers2 ,Fixed services - Fixed local telephony ,All Establishments ,Employer Firms ,"39,272","41,973","45,650",0.9,0.8,0.7
515111,Radio Networks ,All other operating revenue ,All Establishments ,Employer Firms ,"3,909","3,553","3,374",1.5,1.4,1.4
62142,Outpatient Mental Health and Substance Abuse Centers ,Investment and property income ,All Establishments ,Employer Firms ,57,61,53,29.5,25.2,11.9
62132,Offices of Optometrists ,Total operating revenue ,All Establishments ,Employer Firms ,"12,579","12,025","11,684",2.2,1.9,1.5
517911,Telecommunications Resellers4 ,Carrier services ,All Establishments ,Employer Firms ,"2,653","2,525","2,499",5.9,5.9,5.6
6232,"Residential Intellectual and Developmental Disability, Mental Health and Substance Abuse Facilities11 ","Government (includes Medicare, Medicaid, Other Government, and Workers Compensation) ",All Establishments ,Employer Firms ,"25,211","24,603","24,106",2.1,1.8,1.6
56151,Travel Agencies ,Commissions or fees from event tickets ,All Establishments ,Employer Firms ,249,224,210,14.3,14.4,15.3
522,Credit Intermediation and Related Activities ,Loan income from consumers ,All Establishments ,Employer Firms ,"528,541","535,148","573,297",1.2,0.8,0.7
485,Transit and Ground Passenger Transportation ,All other operating revenue ,All Establishments ,Employer Firms ,"3,099","3,069","2,977",4.3,5.7,5.9
51223,Music Publishers ,Total operating revenue ,All Establishments ,Employer Firms ,"3,879","3,867","3,793",2.3,2.5,2.3
5415,Computer Systems Design and Related Services ,Network design and development ,All Establishments ,Employer Firms ,"7,298",S,"5,853",19.4,S,15.1
51512,Television Broadcasting ,National/regional/local air time ,All Establishments ,Employer Firms ,"31,691","27,758","27,960",1.3,1.8,1.3
54133,Engineering Services ,Surveying and mapping services ,All Establishments ,Employer Firms ,"1,560","1,676","2,116",20.6,22.8,23.9
511199,All Other Publishers ,All other operating revenue ,All Establishments ,Employer Firms ,"1,388","1,306","1,299",9.2,6.4,5.9
10,"A portion of NAICS 54161 (Management Consulting Services) moved to NAICS 56131 (Employment Placement Agencies and Executive Search Services) with the 2007 NAICS update. Historical data, 2010 and prior, have been restated to reflect comparable data on the 2007 NAICS basis. ",,,,,,,,,
5415,Computer Systems Design and Related Services ,Network design and development ,All Establishments ,Employer Firms ,"7,298",S,"5,853",19.4,S,15.1
56151,Travel Agencies ,Total operating revenue ,All Establishments ,Employer Firms ,"17,665","17,556","16,449",5.7,6,5.4
6219,Other Ambulatory Health Care Services ,Total operating revenue ,All Establishments ,Employer Firms ,"31,969","31,454","30,021",1.6,1.6,1.3
5622,Waste Treatment and Disposal ,Nonhazardous waste disposal services ,All Establishments ,Employer Firms ,"7,565","6,847","6,623",4.5,2.5,2.4
711219,Other Spectator Sports ,Admissions revenue (excluding admissions taxes) ,Establishments subject to federal income tax ,Employer Firms ,527,508,465,21.8,20.6,19.8
62142,Outpatient Mental Health and Substance Abuse Centers ,Patient out-of-pocket - Patients' assigned Social Security benefits ,All Establishments ,Employer Firms ,32,28,28,21.9,26,25.4
6232,"Residential Intellectual and Developmental Disability, Mental Health and Substance Abuse Facilities11 ",Patient out-of-pocket - Patients' assigned Social Security benefits ,All Establishments ,Employer Firms ,706,697,646,12.7,11.1,9.4
71311,Amusement and Theme Parks ,Admissions revenue (excluding admissions taxes) ,Establishments subject to federal income tax ,Employer Firms ,"8,419","8,018","7,198",1,1.2,0.8
511191,Greeting Card Publishers ,Total operating revenue ,All Establishments ,Employer Firms ,"3,720","3,822","3,852",0.6,0.5,0.4
6232,"Residential Intellectual and Developmental Disability, Mental Health and Substance Abuse Facilities11 ","Contributions, gifts, and grants received ",All Establishments ,Employer Firms ,"1,040","1,009",984,13.5,11.9,10.7
51222,Integrated Record Production/Distribution ,Licensing revenue - Licensing of rights to use musical compositions ,All Establishments ,Employer Firms ,"1,167","1,126","1,040",2.5,2.4,2.4
5412,"Accounting, Tax Preparation, Bookkeeping, and Payroll Services ",All other operating revenue ,All Establishments ,Employer Firms ,"10,756","10,347","9,923",11.6,11.2,11.8
6231,Nursing Care Facilities (Skilled Nursing Facilities)11 ,Patient out-of-pocket - Patients' assigned Social Security benefits ,All Establishments ,Employer Firms ,"1,474","1,295","1,262",5.2,6.3,6.3
5415,Computer Systems Design and Related Services ,Network design and development ,All Establishments ,Employer Firms ,"7,298",S,"5,853",19.4,S,15.1
5152,Cable and Other Subscription Programming ,Advertising and program revenue - Licensing of rights to broadcast specialty programming protected by copyright ,All Establishments ,Employer Firms ,"36,764","33,821","31,354",0.7,0.7,0.7
5417,Scientific Research and Development Services ,Production services for development ,Establishments subject to federal income tax ,Employer Firms ,"3,556","2,869","2,470",14.6,27.5,15.4
5622,Waste Treatment and Disposal ,Total operating revenue ,All Establishments ,Employer Firms ,"15,611","14,858","14,097",2.9,2.3,2.2
6115,Technical and Trade Schools ,All other operating revenue ,All Establishments ,Employer Firms ,"2,113","2,428","2,190",9.7,11,11.4
486,Pipeline Transportation ,Transportation of bulk crude oil by pipeline ,All Establishments ,Employer Firms ,"5,485","4,938","4,511",Z,Z,Z
6216,Home Health Care Services ,Investment and property income ,All Establishments ,Employer Firms ,156,121,132,8.4,7.1,6.9
62133,"Offices of Mental Health Practitioners, (except Physicians) ",Patient out-of-pocket - Payments from patients and their families ,All Establishments ,Employer Firms ,"1,357","1,227","1,129",9.5,7.2,6.8
522,Credit Intermediation and Related Activities ,All other operating revenue ,All Establishments ,Employer Firms ,"222,691","211,842","220,932",3.3,2.8,3
54181,Advertising Agencies ,Marketing research ,All Establishments ,Employer Firms ,951,736,565,12.3,5.3,5.2
5174,Satellite Telecommunications ,Total operating revenue ,All Establishments ,Employer Firms ,"5,525","5,395","5,296",3.6,3.7,3.1
54161,Management Consulting Services10 ,"Financial management consulting, and consulting combined with implementation ",All Establishments ,Employer Firms ,"7,818","7,647","7,835",9.8,7.4,7.3
D ,Estimate in table is withheld to avoid disclosing data of individual companies; data are included in higher level totals. ,,,,,,,,,
62133,"Offices of Mental Health Practitioners, (except Physicians) ",Patient out-of-pocket - Patients' assigned Social Security benefits ,All Establishments ,Employer Firms ,S,S,S,S,S,S
621493,Freestanding Ambulatory Surgical and Emergency Centers ,Investment and property income ,All Establishments ,Employer Firms ,137,S,S,26.2,S,S
5171,Wired Telecommunications Carriers2 ,Website hosting services ,All Establishments ,Employer Firms ,215,292,304,5.8,2.5,3
6232,"Residential Intellectual and Developmental Disability, Mental Health and Substance Abuse Facilities11 ",Other patient care revenue ,All Establishments ,Employer Firms ,"1,824","1,794","1,801",11.9,10.3,10.2
6215,Medical and Diagnostic Laboratories ,All other health care providers ,All Establishments ,Employer Firms ,836,756,701,19.3,20,18.6
5417,Scientific Research and Development Services ,"Basic and applied research in natural and exact sciences, except biological sciences ",Establishments subject to federal income tax ,Employer Firms ,"9,264","9,102","9,248",7.1,5.7,6.4
5112,Software Publishers ,Application software publishing - Cross-industry application software ,All Establishments ,Employer Firms ,"13,186","12,186","10,785",5,4.7,5.1
56299,All Other Waste Management Services ,Total operating revenue ,All Establishments ,Employer Firms ,"4,689","4,126","3,750",5,5.3,5
5112,Software Publishers ,Application software publishing - Cross-industry application software ,All Establishments ,Employer Firms ,"13,186","12,186","10,785",5,4.7,5.1
5172,Wireless Telecommunications Carriers (except Satellite)3 ,Telecommunication network installation services ,All Establishments ,Employer Firms ,160,S,S,7.9,S,S
6215,Medical and Diagnostic Laboratories ,All other health care providers ,All Establishments ,Employer Firms ,836,756,701,19.3,20,18.6
621493,Freestanding Ambulatory Surgical and Emergency Centers ,All other non-patient care revenue ,All Establishments ,Employer Firms ,664,S,S,10.5,S,S
54133,Engineering Services ,Total operating revenue ,All Establishments ,Employer Firms ,"175,434","177,708","172,403",10,9.1,10.2
621498,All Other Outpatient Care Centers ,Patient out-of-pocket - Payments from patients and their families ,All Establishments ,Employer Firms ,"1,546","1,465","1,400",4.6,4.1,3.6
62132,Offices of Optometrists ,Patient out-of-pocket - Payments from patients and their families ,All Establishments ,Employer Firms ,"5,285","5,021","4,923",3.1,3.4,2.9
622,Hospitals ,Total operating revenue ,All Establishments ,Employer Firms ,"918,707","864,422","822,590",1.1,0.9,0.6
62132,Offices of Optometrists ,"Private insurance (includes Health, Property, and Auto) ",All Establishments ,Employer Firms ,"4,447","4,310","4,161",3.2,2.3,1.8
621391,Offices of Podiatrists ,"Government (includes Medicare, Medicaid, Other Government, and Workers Compensation) ",All Establishments ,Employer Firms ,"1,624","1,474","1,395",6.4,3.8,3.3
813,"Religious, Grantmaking, Civic, Professional, and Similar Organizations12 ",Program service ,All Establishments ,Employer Firms ,"50,878","50,264","48,534",3,2.5,2.2
5172,Wireless Telecommunications Carriers (except Satellite)3 ,Internet access services ,All Establishments ,Employer Firms ,"56,084",S,S,3.6,S,S
6117,Educational Support Services ,All other operating revenue ,All Establishments ,Employer Firms ,"2,450","2,741","2,737",8.8,8.4,7.5
51919,All Other Information Services ,Total operating revenue ,All Establishments ,Employer Firms ,"2,841","2,594","2,624",6.4,5.9,5.4
5171,Wired Telecommunications Carriers2 ,Premium programming package ,All Establishments ,Employer Firms ,"23,592","23,392","21,246",0.9,0.5,0.5
5231X ,Commodity Contracts Dealing and Brokerage8 ,Trading foreign currency on own account - Net gains (losses) ,All Establishments ,Employer Firms ,328,271,274,7.6,6.6,6.6
481,Air Transportation ,All other operating revenue ,All Establishments ,Employer Firms ,"18,677","18,238","15,756",4,3.4,3.7
51112,Periodical Publishers ,Sale or licensing of rights to content ,All Establishments ,Employer Firms ,506,482,475,13.4,15.2,15.3
51911,News Syndicates ,Licensing of rights to use syndicated media content ,All Establishments ,Employer Firms ,"1,758","1,740","1,614",5.4,4.4,4.5
51911,News Syndicates ,All other operating revenue ,All Establishments ,Employer Firms ,590,S,346,18.7,S,13
481,Air Transportation ,"International, scheduled freight transportation by air ",All Establishments ,Employer Firms ,"8,095","7,347","6,402",11.7,7.7,6.8
51219,Postproduction Services and Other Motion Picture and Video Industries ,Motion picture film laboratory services ,All Establishments ,Employer Firms ,S,320,419,S,3.6,2.4
8,Includes NAICS 52313 (Commodity Contracts Dealing) and NAICS 52314 (Commodity Contracts Brokerage). ,,,,,,,,,
621491,Other Outpatient Care Centers ,"Contributions, gifts, and grants received ",All Establishments ,Employer Firms ,6,4,4,1.2,1.2,1.2
5412,"Accounting, Tax Preparation, Bookkeeping, and Payroll Services ",Assurance and related services ,All Establishments ,Employer Firms ,"29,076","27,602","27,116",3.7,3.2,3.5
54161,Management Consulting Services10 ,All other operating revenue ,All Establishments ,Employer Firms ,"18,549","19,103","18,316",5.9,4.9,4.1
7111,Performing Arts Companies ,All other operating revenue ,Establishments subject to federal income tax ,Employer Firms ,"2,753","2,651","2,433",5.4,6.1,5.4
5417,Scientific Research and Development Services ,"Basic and applied research in natural and exact sciences, except biological sciences ",Establishments exempt from federal income tax ,Employer Firms ,"1,861","1,740","1,623",3.7,3,3.2
6219,Other Ambulatory Health Care Services ,Patient out-of-pocket - Patients' assigned Social Security benefits ,All Establishments ,Employer Firms ,22,19,17,10,9.6,7.5
6114,Business Schools and Computer and Management Training ,Total operating revenue ,All Establishments ,Employer Firms ,"10,106","10,144","9,494",3.5,3.3,3.1
54181,Advertising Agencies ,Other advertising services ,All Establishments ,Employer Firms ,"4,401","3,974","3,769",7.4,6,10.1
517911,Telecommunications Resellers4 ,All other operating revenue ,All Establishments ,Employer Firms ,"2,546","2,669","2,720",8.2,7.4,5.1
2212,Natural Gas Distribution ,Sales of energy and resources - Electricity generation and distribution ,All Establishments ,Employer Firms ,"1,171","1,126","1,427",6.3,3.3,0.9
5415,Computer Systems Design and Related Services ,"Computer systems design, development, and integration ",All Establishments ,Employer Firms ,"39,149","36,178","34,659",5.7,4.9,5
6231,Nursing Care Facilities (Skilled Nursing Facilities)11 ,Patient out-of-pocket - Payments from patients and their families ,All Establishments ,Employer Firms ,"11,659","11,298","11,247",2.8,2.7,2.2
6216,Home Health Care Services ,Patient out-of-pocket - Patients' assigned Social Security benefits ,All Establishments ,Employer Firms ,31,24,27,16.4,2.7,2.5
2212,Natural Gas Distribution ,Sales of energy and resources - Water ,All Establishments ,Employer Firms ,D,ZZ,ZZ,D,NA,NA
5231X ,Commodity Contracts Dealing and Brokerage8 ,Total operating revenue ,All Establishments ,Employer Firms ,"13,432","13,626","14,145",3.6,3.4,3.8
621491,Other Outpatient Care Centers ,Total operating revenue ,All Establishments ,Employer Firms ,"7,272","6,867","6,200",1.3,1.3,1.3
5112,Software Publishers ,Application software publishing - Vertical market application software ,All Establishments ,Employer Firms ,"8,231","8,782","8,263",17.1,11.6,11
62134,"Offices of Physical, Occupational and Speech Therapists and Audiologists ",All other non-patient care revenue ,All Establishments ,Employer Firms ,503,571,503,12.2,11.9,12.8
621493,Freestanding Ambulatory Surgical and Emergency Centers ,All other non-patient care revenue ,All Establishments ,Employer Firms ,664,S,S,10.5,S,S
56132,Temporary Help Services ,Temporary staffing-to-permanent placement ,All Establishments ,Employer Firms ,"3,515","4,469","3,579",20.5,21.3,20.6
62142,Outpatient Mental Health and Substance Abuse Centers ,Investment and property income ,All Establishments ,Employer Firms ,57,61,53,29.5,25.2,11.9
62131,Offices of Chiropractors ,Other patient care revenue ,All Establishments ,Employer Firms ,579,561,534,8.7,9.3,9.9
621498,All Other Outpatient Care Centers ,"Contributions, gifts, and grants received ",All Establishments ,Employer Firms ,"4,387","4,238","3,948",2.7,3.3,4.4
5171,Wired Telecommunications Carriers2 ,Fixed services - Fixed long-distance telephony ,All Establishments ,Employer Firms ,"19,743","21,383","20,826",1,0.5,0.7
561599,All Other Travel Arrangement and Reservation Services ,"Commissions or fees from airline seats, international destinations ",All Establishments ,Employer Firms ,S,13,S,S,4.3,S
56151,Travel Agencies ,"Commissions or fees from airline seats, international destinations ",All Establishments ,Employer Firms ,"1,136","1,139","1,057",15.9,16.4,12.4
5172,Wireless Telecommunications Carriers (except Satellite)3 ,Rental of telecommunications equipment ,All Establishments ,Employer Firms ,345,362,336,14.3,15.8,16.1
621498,All Other Outpatient Care Centers ,"Contributions, gifts, and grants received ",All Establishments ,Employer Firms ,"4,387","4,238","3,948",2.7,3.3,4.4
51219,Postproduction Services and Other Motion Picture and Video Industries ,Audiovisual postproduction services ,All Establishments ,Employer Firms ,"3,456","3,478","3,167",3.9,4.4,4
5415,Computer Systems Design and Related Services ,IT technical support ,All Establishments ,Employer Firms ,"45,107","44,805","42,199",4.5,3.5,3.3
624,Social Assistance ,"Contributions, gifts, and grants received ",All Establishments ,Employer Firms ,"59,765","60,267","59,366",2,2.1,2.1
481,Air Transportation ,Total operating revenue ,All Establishments ,Employer Firms ,"193,769","184,768","157,342",3.1,2.8,2.5
5417,Scientific Research and Development Services ,Basic and applied research in the social sciences and humanities ,Establishments exempt from federal income tax ,Employer Firms ,"2,133","1,848","1,744",5.7,6.2,5.9
62131,Offices of Chiropractors ,Investment and property income ,All Establishments ,Employer Firms ,S,24,27,S,15.7,26.7
51112,Periodical Publishers ,Total operating revenue ,All Establishments ,Employer Firms ,"38,949","38,462","38,395",4.3,3.2,2.5
51913,Internet Publishing and Broadcasting and Web Search Portals6 ,Publishing and broadcasting of content on the Internet ,All Establishments ,Employer Firms ,"18,070","15,210","14,005",4.4,4.1,3.2
51222,Integrated Record Production/Distribution ,Licensing revenue - Licensing of rights to use musical compositions ,All Establishments ,Employer Firms ,"1,167","1,126","1,040",2.5,2.4,2.4
621391,Offices of Podiatrists ,Patient out-of-pocket - Payments from patients and their families ,All Establishments ,Employer Firms ,634,610,589,4.8,4.9,5.7
56299,All Other Waste Management Services ,Other waste management services ,All Establishments ,Employer Firms ,"3,235","2,651","2,418",5.6,5.2,5.1
5112,Software Publishers ,Total operating revenue ,All Establishments ,Employer Firms ,"161,744","156,806","145,425",1.9,1.7,1.6
51114,Directory and Mailing List Publishers ,"Directories, databases, and other collections of information - Subscriptions and sales ",All Establishments ,Employer Firms ,"2,295","2,313","2,337",3.7,3.3,3.3
62141,Outpatient Care Centers ,Other patient care revenue ,All Establishments ,Employer Firms ,39,43,34,11,9.9,17.2
6239,Other Residential Care Facilities ,"Government (includes Medicare, Medicaid, Other Government, and Workers Compensation) ",All Establishments ,Employer Firms ,"5,744","5,580","5,501",3.6,2.8,2.8
5121x ,Motion Picture and Video Production and Distribution1 ,All other operating revenue ,All Establishments ,Employer Firms ,"4,110","3,876","3,859",5,4.3,3.4
483,Water Transportation ,Transportation of freight and cargo by water ,All Establishments ,Employer Firms ,"18,764","18,638","17,369",1.3,1,1
522,Credit Intermediation and Related Activities ,Credit card income from businesses and governments ,All Establishments ,Employer Firms ,"23,104","21,678","22,354",6.7,6.2,5.4
5171,Wired Telecommunications Carriers2 ,Website hosting services ,All Establishments ,Employer Firms ,215,292,304,5.8,2.5,3
5417,Scientific Research and Development Services ,Basic and applied research in the biological and biomedical sciences ,Establishments subject to federal income tax ,Employer Firms ,"16,333","13,655","12,374",7.4,7,7.1
5172,Wireless Telecommunications Carriers (except Satellite)3 ,Internet access services ,All Establishments ,Employer Firms ,"56,084",S,S,3.6,S,S
54111,Offices of Lawyers ,All other non-operating revenue ,Establishments exempt from federal income tax ,Employer Firms ,105,74,69,22.5,13.9,15.7
6239,Other Residential Care Facilities ,"Government (includes Medicare, Medicaid, Other Government, and Workers Compensation) ",All Establishments ,Employer Firms ,"5,744","5,580","5,501",3.6,2.8,2.8
51911,News Syndicates ,Licensing of rights to use syndicated media content ,All Establishments ,Employer Firms ,"1,758","1,740","1,614",5.4,4.4,4.5
5231Y ,Investment Banking and Securities Dealing and Brokerage7 ,Total operating revenue ,All Establishments ,Employer Firms ,"261,822","253,964","270,412",1.3,1.5,1.5
51113,Book Publishers ,"Books - professional, technical, and scholarly books ",All Establishments ,Employer Firms ,"4,417","4,246","4,365",3.8,4.5,4.4
5171,Wired Telecommunications Carriers2 ,Subscriber line charges ,All Establishments ,Employer Firms ,"4,347","4,347","3,430",1,1.2,1.6
561599,All Other Travel Arrangement and Reservation Services ,Commissions or fees from trip planning ,All Establishments ,Employer Firms ,"1,586","1,633","1,538",24.9,21.5,20
621493,Freestanding Ambulatory Surgical and Emergency Centers ,All other non-patient care revenue ,All Establishments ,Employer Firms ,664,S,S,10.5,S,S
515112,Radio Stations ,Total operating revenue ,All Establishments ,Employer Firms ,"12,741","12,167","12,135",2.2,1.9,1.9
621498,All Other Outpatient Care Centers ,Patient out-of-pocket - Patients' assigned Social Security benefits ,All Establishments ,Employer Firms ,S,S,79,S,S,12.3
5171,Wired Telecommunications Carriers2 ,Carrier services ,All Establishments ,Employer Firms ,"18,722","19,534","18,967",1.8,2.1,2.6
51223,Music Publishers ,Sale of recordings ,All Establishments ,Employer Firms ,143,153,123,6.4,4.9,4.7
481,Air Transportation ,"Domestic, scheduled passenger transportation by air ",All Establishments ,Employer Firms ,"102,292","97,460","83,257",4.1,3,2.8
6215,Medical and Diagnostic Laboratories ,Non-patient care revenue ,All Establishments ,Employer Firms ,"3,037","2,984","2,685",9.9,9.4,9
622,Hospitals ,"Contributions, gifts, and grants received ",All Establishments ,Employer Firms ,"16,949","16,254","15,418",16.2,15.5,15.9
5231Y ,Investment Banking and Securities Dealing and Brokerage7 ,Total operating revenue ,All Establishments ,Employer Firms ,"261,822","253,964","270,412",1.3,1.5,1.5
518,"Data Processing, Hosting, and Related Services5 ",Software publishing ,All Establishments ,Employer Firms ,"2,821",S,"2,019",9.8,S,10.3
51224,Sound Recording Studios ,Sound recording studio rental and leasing ,All Establishments ,Employer Firms ,51,48,50,20.2,17.9,16.4
5412,"Accounting, Tax Preparation, Bookkeeping, and Payroll Services ",Management consulting services ,All Establishments ,Employer Firms ,"10,937","9,291","8,026",4.5,4,4.2
6239,Other Residential Care Facilities ,Total operating revenue ,All Establishments ,Employer Firms ,"8,534","8,308","8,196",2.6,2,2.3
5172,Wireless Telecommunications Carriers (except Satellite)3 ,Telecommunication network installation services ,All Establishments ,Employer Firms ,160,S,S,7.9,S,S
522,Credit Intermediation and Related Activities ,Credit card income from businesses and governments ,All Establishments ,Employer Firms ,"23,104","21,678","22,354",6.7,6.2,5.4
5121x ,Motion Picture and Video Production and Distribution1 ,Merchandise licensing ,All Establishments ,Employer Firms ,837,769,546,5.5,3.5,3.7
5171,Wired Telecommunications Carriers2 ,Air time (advertising and program content) ,All Establishments ,Employer Firms ,S,"5,146","5,051",S,0.6,0.5
54111,Offices of Lawyers ,Investment and property income ,Establishments exempt from federal income tax ,Employer Firms ,S,S,S,S,S,S
561599,All Other Travel Arrangement and Reservation Services ,Commissions or fees from other travel arrangement services revenue ,All Establishments ,Employer Firms ,154,199,192,8,4.9,5.3
486,Pipeline Transportation ,Total operating revenue ,All Establishments ,Employer Firms ,"36,396","35,948","33,665",Z,Z,Z
515111,Radio Networks ,All other operating revenue ,All Establishments ,Employer Firms ,"3,909","3,553","3,374",1.5,1.4,1.4
5412,"Accounting, Tax Preparation, Bookkeeping, and Payroll Services ",All other operating revenue ,All Establishments ,Employer Firms ,"10,756","10,347","9,923",11.6,11.2,11.8
522,Credit Intermediation and Related Activities ,Loan income from consumers ,All Establishments ,Employer Firms ,"528,541","535,148","573,297",1.2,0.8,0.7
54133,Engineering Services ,Total operating revenue ,All Establishments ,Employer Firms ,"175,434","177,708","172,403",10,9.1,10.2
621491,Other Outpatient Care Centers ,"Private insurance (includes Health, Property, and Auto) ",All Establishments ,Employer Firms ,"4,486","4,225","3,799",1.2,1.3,1.3
5231X ,Commodity Contracts Dealing and Brokerage8 ,Brokering and dealing products - Derivative contracts ,All Establishments ,Employer Firms ,"1,785","2,359","2,003",7.3,6,6.8
5621,Waste Collection ,Non-residential nonhazardous waste and recyclable material collection services ,All Establishments ,Employer Firms ,"20,919","20,327","20,262",4.1,3.7,4.3
51919,All Other Information Services ,All other operating revenue ,All Establishments ,Employer Firms ,443,396,381,14.8,12.9,10.2
7111,Performing Arts Companies ,All other operating revenue ,Establishments subject to federal income tax ,Employer Firms ,"2,753","2,651","2,433",5.4,6.1,5.4
483,Water Transportation ,Transportation of freight and cargo by water ,All Establishments ,Employer Firms ,"18,764","18,638","17,369",1.3,1,1
711211,Sports Teams and Clubs ,Admissions revenue (excluding admissions taxes) ,Establishments subject to federal income tax ,Employer Firms ,"8,458","8,494","7,846",6.4,7.7,6.6
621498,All Other Outpatient Care Centers ,All other non-patient care revenue ,All Establishments ,Employer Firms ,"2,010","2,494","2,375",4.5,3.7,4.1
5231Y ,Investment Banking and Securities Dealing and Brokerage7 ,Trading derivative contracts on own account - Net gains (losses) ,All Establishments ,Employer Firms ,"8,753","9,432","9,357",10.2,10.6,5.4
51224,Sound Recording Studios ,Sound recording studio rental and leasing ,All Establishments ,Employer Firms ,51,48,50,20.2,17.9,16.4
56299,All Other Waste Management Services ,Other waste management services ,All Establishments ,Employer Firms ,"3,235","2,651","2,418",5.6,5.2,5.1
6231,Nursing Care Facilities (Skilled Nursing Facilities)11 ,Total operating revenue ,All Establishments ,Employer Firms ,"112,506","110,305","105,297",2.2,2.1,2.1
62134,"Offices of Physical, Occupational and Speech Therapists and Audiologists ",Other patient care revenue ,All Establishments ,Employer Firms ,"4,621","4,260","4,109",7,5.4,4.8
2212,Natural Gas Distribution ,All other operating revenue ,All Establishments ,Employer Firms ,D,"3,276","3,235",D,3.6,5.4
51223,Music Publishers ,Sale of recordings ,All Establishments ,Employer Firms ,143,153,123,6.4,4.9,4.7
5231Y ,Investment Banking and Securities Dealing and Brokerage7 ,Trading equities on own account - Net gains (losses) ,All Establishments ,Employer Firms ,"3,954","3,757","1,818",5,5.1,6.2
712,"Museums, Historical Sites, and Similar Institutions ","Contributions, gifts and grants received ",Establishments exempt from federal income tax ,Employer Firms ,"5,217","4,887","4,893",4.5,5,4
6115,Technical and Trade Schools ,"Occupational, technical, and trade; professional development; and management training programs and courses ",All Establishments ,Employer Firms ,"13,365","13,394","12,801",4.4,4.9,3.7
5171,Wired Telecommunications Carriers2 ,Air time (advertising and program content) ,All Establishments ,Employer Firms ,S,"5,146","5,051",S,0.6,0.5
62133,"Offices of Mental Health Practitioners, (except Physicians) ",Patient out-of-pocket - Payments from patients and their families ,All Establishments ,Employer Firms ,"1,357","1,227","1,129",9.5,7.2,6.8
54133,Engineering Services ,Telecommunications and broadcasting engineering projects ,All Establishments ,Employer Firms ,"2,312","2,453","2,705",19.2,19.5,19.5
522,Credit Intermediation and Related Activities ,Loan income from consumers ,All Establishments ,Employer Firms ,"528,541","535,148","573,297",1.2,0.8,0.7
62132,Offices of Optometrists ,Patient out-of-pocket - Patients' assigned Social Security benefits ,All Establishments ,Employer Firms ,S,86,88,S,24.1,24
5231X ,Commodity Contracts Dealing and Brokerage8 ,Total operating revenue ,All Establishments ,Employer Firms ,"13,432","13,626","14,145",3.6,3.4,3.8
54133,Engineering Services ,Residential engineering projects ,All Establishments ,Employer Firms ,S,S,S,S,S,S
51919,All Other Information Services ,Information search and retrieval services ,All Establishments ,Employer Firms ,"2,048","1,917","1,971",4.9,4.8,4.8
54133,Engineering Services ,Engineering advisory and drafting services ,All Establishments ,Employer Firms ,"3,930","4,622","4,724",16.8,18.3,19.3
51223,Music Publishers ,Licensing revenue - Licensing of rights to use musical compositions ,All Establishments ,Employer Firms ,"2,979","2,931","2,948",2.3,2.5,2.4
51113,Book Publishers ,Books - textbooks ,All Establishments ,Employer Firms ,"8,598","9,021","8,968",2.7,1.9,1.7
484,Truck Transportation ,Motor carrier revenue ,All Establishments ,Employer Firms ,"212,446","198,945","178,938",1.5,1.5,1.5
5171,Wired Telecommunications Carriers2 ,Telecommunications network installation services ,All Establishments ,Employer Firms ,464,451,549,12.9,11.7,4.1
51219,Postproduction Services and Other Motion Picture and Video Industries ,Motion picture film laboratory services ,All Establishments ,Employer Firms ,S,320,419,S,3.6,2.4
5621,Waste Collection ,Total operating revenue ,All Establishments ,Employer Firms ,"42,370","42,567","41,373",3.7,3,3.2
71311,Amusement and Theme Parks ,Admissions revenue (excluding admissions taxes) ,Establishments subject to federal income tax ,Employer Firms ,"8,419","8,018","7,198",1,1.2,0.8
6211,Offices of Physicians ,"Private insurance (includes Health, Property, and Auto) ",All Establishments ,Employer Firms ,"181,944","175,545","168,738",1.9,1.5,1.6
621399,Offices of All Other Miscellaneous Health Practitioners ,"Government (includes Medicare, Medicaid, Other Government, and Workers Compensation) ",All Establishments ,Employer Firms ,"1,161","1,202","1,145",6.2,5,5.4
5417,Scientific Research and Development Services ,Basic and applied research in engineering and technology ,Establishments exempt from federal income tax ,Employer Firms ,"8,399","8,735","8,152",3.9,3.3,3.3
6239,Other Residential Care Facilities ,"Government (includes Medicare, Medicaid, Other Government, and Workers Compensation) ",All Establishments ,Employer Firms ,"5,744","5,580","5,501",3.6,2.8,2.8
5417,Scientific Research and Development Services ,Basic and applied research in engineering and technology ,Establishments subject to federal income tax ,Employer Firms ,"15,562","17,234","16,130",7.7,12,11
5417,Scientific Research and Development Services ,Basic and applied research in the social sciences and humanities ,Establishments subject to federal income tax ,Employer Firms ,"1,278","1,208","1,133",6.9,6.5,6.5
5121x ,Motion Picture and Video Production and Distribution1 ,International licensing of rights to motion picture films ,All Establishments ,Employer Firms ,"8,519","8,100","9,100",2,2,2
