PARSONS,PROPITIOUS,PASTED,PROFILES,POISONOUS,PROLONGS,PROMPTED,PREDEFINITION,PUREST,PSEUDOPARALLELISM
PARTIALLY,PITHY,PROHIBITED,PORTING,POISONER,PRONUNCIATIONS,PROTAGONIST,PENULTIMATE,POURER,PLACEMENTS
PLANTS,PITILESSLY,PRESUMPTIVE,PERU,PSYCHOBIOLOGY,PREDILECTION,PUT,PUMMEL,PATTERNING,PLASTERED
PROFUNDITY,PROSTHETIC,PINNACLE,PROPHECIES,PLOWMAN,POISE,PLACING,PONDER,PERIODIC,PUBS
PANELED,PIGGYBACKS,PERSEVERING,PORTRAY,PICA,PARTICIPANTS,PEROXIDE,PAUSE,PORTERS,PARTICIPANT
PLAYROOM,PIOUSLY,PAGODA,PAGINATES,PERRY,PONDERS,PANAMANIAN,PASTIME,POTOMAC,PROSECUTION
PLURALS,PREJUDGED,PLUGS,PURIFY,PET,PRACTICE,PROBATION,POSTCONDITION,PACES,PUTTERING
PHOSPHORIC,PERMUTES,PROWLING,PILLS,PREEMINENT,PERSONAL,PROCEDURES,PLAINNESS,PLIES,POSSESS
PARRY,PACED,PATTERINGS,PROPOSITIONS,PINEAPPLES,POURERS,PLAINNESS,PERTURBATIONS,POLIO,PREDEFINITION
PARAGUAYAN,POEMS,POUGHKEEPSIE,POSITIONED,PORK,PRODIGAL,PECKING,PARANOIAC,PREEMINENCE,PRESUMING
PLURALITY,PHIL,PISCES,PROMOTING,PURPLE,PRESCRIPTION,PLAYOFF,PONG,PISCATAWAY,PANICKED
PUBLIC,PHILISTINIZE,PENINSULAS,PACIFICATION,PARTRIDGE,PSYCHIATRY,PAUL,PACKERS,PRECIPITATELY,POUNCING
PAYABLE,PUSHING,PROUDLY,POSTPONE,PLUMBING,POPISH,PROPHECY,POLITENESS,POLARITY,PORTALS
PERSONALIZES,POLIO,PROUDER,PRIMER,POVERTY,PEASE,PROGRAMMERS,PRELUDES,PHOTOGRAPH,POSITING
PADDED,POUT,PLEXIGLAS,PARSLEY,PERFECTING,PERVADING,PROFESSES,PATIENTS,PURGE,PHILOSOPHIZES
PUSS,PERJURY,PIECEWISE,PRATE,PREDILECTION,PERSISTENTLY,PLIABLE,PERSUADERS,PSEUDOFILES,PARISIANIZE
PLANT,PARAMETERIZED,PROCLAMATION,PROMULGATING,PORTMANTEAU,PRUSSIAN,PILLORY,POPPY,PER,PROHIBITING
PLUNGER,PROSECUTED,PHOENICIA,PASSIVATE,PROWESS,PERFORMS,PARTHENON,POSTDOCTORAL,PATCHY,PLASTIC
PREOCCUPY,POULTRY,PRIZERS,PION,PHARMACIST,PAULINIZES,PAST,PEASANTS,PARASOL,PERFECTIONIST
PROTECTIVELY,POISON,PRECEDENTS,PROPAGATED,PLEASURES,POSTOPERATIVE,POTTAWATOMIE,PREEMPTIVE,PLAINNESS,PLAYTHINGS
PERRY,PERSONIFYING,PROMOTIONAL,PLAYERS,PROBLEMS,PEALED,PREPOSTEROUSLY,PEGBOARD,PROCYON,PARINGS
PARLIAMENTS,PARAMILITARY,PROWLER,PRANCED,PARK,POTTAWATOMIE,PERPETUATION,PROFIT,POISONS,PREALLOCATED
PREACHER,PRAGMATISM,POLICES,PHOTOGRAPHER,PINION,POISED,PERSUADING,PROTECT,PATIO,PENALIZING
PROVIDERS,PROVES,PHILOSOPHIZERS,PITCHED,PRESUMES,PRECONDITION,PAYCHECK,PACIFY,POPULARIZED,PANDORA
PREOCCUPIED,POPULARIZE,PARABOLIC,PRESIDENTS,PLANETESIMAL,PLAYWRIGHTS,POSSESSING,PORNOGRAPHIC,PERFUMING,PESTER
PAGERS,PITTSBURGH,PSYCHOSIS,PANS,PRICED,PROJECTORS,PUNCHER,PROSTITUTE,PREVAILING,PHYSICIANS
PALMYRA,PINTS,POPULARLY,PAYNIZES,PUNCHED,PAGANS,POUCH,PAROCHIAL,PATS,PROMOTER
POLYALPHABETIC,PRATE,PRECIPITATENESS,PERMUTING,PROLIFIC,PROCRASTINATES,PRESIDENT,PONTIFIC,PERSONAGE,PHOSPHORIC
PELVIS,PLANED,PATHS,PROCRASTINATING,PRINCIPLE,PERSECUTES,PATSIES,PARTS,PIQUE,PREPARATIVE
PERIPHERAL,PEPSI,PURPLEST,PREDETERMINE,PARAFFIN,PARSONS,PROCESSOR,PUTTERING,PERSIANIZES,PEUGEOT
PREFERRED,PEEP,PROJECTED,POLAROID,PLEBISCITE,PINION,PLAINEST,PLASTIC,PARAMILITARY,PERFUMED
PAPPAS,PERMUTES,POINTLESS,POSIT,PERSISTS,PITCHER,POWERFULLY,PENETRABLE,POTASSIUM,PERPETUATES
PLUG,PAGODA,PLAINEST,PORTICO,PERIOD,POLIO,PREFACING,PANACEAS,PRESSURIZE,PRETENDED
PARTY,POSTULATIONS,PANORAMIC,PRIMAL,PRECOCITY,PRECISENESS,PACKAGERS,POSTAGE,PLANELOAD,PRECEDENT
PITH,PHOTOSENSITIVE,PLODDING,PARITY,PORTENDED,PRESIDENT,PERSONIFYING,PEEKING,POSITIVE,PILLS
PHARMACIST,PENETRATINGLY,PASSOVER,PARABOLA,PREINITIALIZED,POWER,PATCHING,PROMPTS,PLUNGERS,POET
PROFILING,PRONOUNCEMENT,PLEASANT,PARASITES,PARSI,PSYCHOLOGY,PRESUPPOSE,PEAKED,PINEAPPLES,PEPPERY
PISA,PAID,POWELL,PANNED,PUCKER,PETULANT,PRECINCT,PRESENTED,PARKLAND,PENCIL
PARADIGMS,POTBELLY,PLASTIC,PATTY,PRIME,POSSIBILITY,PLATONISM,PIGEONHOLE,POSEIDON,PEDANTRY
PERISHING,PELTING,PASSE,POLITBURO,POSTS,PULLMAN,PERSONALITIES,PSYCHOSIS,PICAYUNE,PSYCHOANALYTIC
