VILE,VECTORS,VISITOR,VARIETIES,VEXES,VALVES,VIENTIANE,VESSELS,VIRGIN,VIALS
VERSATILITY,VINDICATED,VASTLY,VIVID,VULNERABILITIES,VIKINGS,VICTUALER,VOCATION,VOICERS,VACATIONERS
VIGILANTE,VISITED,VICIOUS,VOMITED,VALIDLY,VOMITED,VALIANT,VLADIVOSTOK,VARIES,VERIFY
VENTURING,VIE,VILLAGER,VERBALIZED,VARIANCES,VENOMOUSLY,VOLCANIC,VOWING,VEHICLES,VOMITED
VAPOR,VEER,VENTILATING,VIBRATIONS,VOTERS,VAMPIRE,VOLUNTARILY,VERBALLY,VEGETATIVE,VASTEST
VAGINA,VALPARAISO,VIRTUOSOS,VOLATILE,VEIN,VINDICATE,VICKERS,VARIANTLY,VENUS,VAINLY
VICTIM,VIOLINIST,VICTORS,VANISHING,VAPORS,VENETIAN,VOYAGING,VISIGOTH,VENTS,VIRTUALLY
VARIAN,VECTORIZATION,VERACITY,VOLSTEAD,VATICANIZATION,VOLTAIRE,VIRGINS,VISCOUNT,VEXATION,VOLTS
VERTICAL,VALIANTLY,VENUSIAN,VICKSBURG,VALIANTLY,VERSUS,VATICAN,VASTEST,VANDALIZED,VERSION
VILLAIN,VALUE,VINDICTIVE,VICTUALER,VIOLENTLY,VEHICLE,VICKSBURG,VERA,VARYINGS,VOLCANOS
VANCOUVER,VIRTUOUS,VENETO,VACANCY,VOLLEYBALL,VOIDED,VANDALIZE,VERTICALNESS,VENTURERS,VITAL
VIRGO,VALLETTA,VOCATION,VILIFICATION,VARIANTLY,VIGNETTES,VESUVIUS,VACATIONS,VIGOROUS,VIABLY
VEXES,VENOM,VOYAGING,VOLUNTARILY,VALUABLE,VAGRANT,VENERABLE,VANITIES,VEERING,VISHNU
VOCATIONAL,VIKRAM,VOICES,VAULTED,VENOMOUS,VIEWPOINT,VIBRATION,VARYINGS,VATICANIZE,VIEWED
VALLEYS,VANISHING,VANCOUVER,VILLAGERS,VIOLINS,VOLATILITIES,VENTED,VARIATIONS,VISHNU,VAPORS
VIRGIL,VACATIONS,VILLAGERS,VENOM,VICTUALS,VERIFIABLE,VIOLATE,VOICERS,VERMONT,VULTURE
VEGETARIANS,VULTURES,VINEYARD,VOUGHT,VERNA,VIRUS,VIDEOTAPE,VALIDLY,VOICE,VACATES
VARIETY,VECTORIZATION,VOCAL,VIRUSES,VANISHINGLY,VICTORIANIZES,VERMONT,VOLUNTARY,VEHEMENTLY,VADUZ
VENERABLE,VIOLINIST,VOGUE,VENERATION,VENUS,VACUUMED,VOWING,VOLCANOS,VERANDA,VENUSIANS
VOWING,VEGAS,VIVIDLY,VILIFY,VICINITY,VOCABULARIES,VIOLET,VITUS,VENTED,VIED
VALIDATION,VARIABLENESS,VENTILATES,VERTICES,VICE,VIENTIANE,VANDALIZED,VIRGINS,VAN,VENTURES
VASES,VEERS,VASE,VARIOUS,VOICES,VALUATIONS,VACUUMING,VARYING,VIRGO,VOICES
VINDICTIVE,VISITOR,VARIATION,VESTIGES,VILLAGE,VERIFIED,VINDICATION,VAUGHAN,VATICANIZE,VANCE
VIBRATE,VANDENBERG,VEGETATING,VERSATILE,VERDE,VESTIGIAL,VENTURERS,VALUE,VALPARAISO,VATS
VITO,VIEWED,VALUED,VIOLATORS,VOTIVE,VALKYRIE,VAST,VISITORS,VIGILANTLY,VIEWER
VALIDATING,VIOLINIST,VERIFICATIONS,VILLAGER,VISIBLY,VAGINAS,VISIBLE,VANDALIZES,VOTES,VOLLEYBALLS
VEILED,VACANT,VISTA,VARIABLY,VILLAGES,VACATIONER,VANQUISHED,VAGARIES,VISUALIZING,VERGIL
VENTILATION,VIOLATION,VAINLY,VIVIDLY,VELOCITIES,VIOLIN,VENTILATING,VALERIE,VALENCE,VALERIE
VISIGOTHS,VILLA,VISORS,VARNISH,VELVET,VERTICAL,VIBRATING,VACATIONED,VEGETARIAN,VOTE
VALIDATING,VOICER,VOCALS,VAUDOIS,VERTICES,VICTORIES,VILLAINOUSLY,VOWED,VASTER,VALE
VOIDING,VALPARAISO,VEXING,VIRTUOSOS,VEGETATED,VARIABLENESS,VISITORS,VETOES,VISITATIONS,VENERABLE
VERSING,VOYAGE,VETERAN,VOCAL,VACATED,VOLUNTARILY,VICKSBURG,VERBAL,VARIAN,VALVE
VOSS,VARNISH,VISIONS,VANITIES,VOICER,VIBRATIONS,VIBRATIONS,VIAL,VISTAS,VOCABULARIES
VACANCIES,VISTA,VANGUARD,VALIDATION,VINSON,VETERINARIANS,VIENNESE,VETERINARIANS,VIENTIANE,VOCALLY
VOTES,VICE,VACATING,VOUCHES,VACANCIES,VERTEX,VERBS,VACATION,VALIDATE,VISCOUS
VICES,VERIFIABILITY,VIRGINS,VISHNU,VOSS,VERSATILITY,VANITY,VALERIE,VOMITING,VIOLIN
VETERAN,VAMPIRE,VISUAL,VOYAGED,VOWING,VALLEYS,VAGUEST,VIDEOTAPE,VENETIAN,VIEWING
VERIFIABILITY,VERMIN,VIRGINIANS,VIC,VICIOUSLY,VICE,VALUABLES,VISORS,VIETNAMESE,VARIAN
VOYAGING,VERGER,VAPORING,VAUGHN,VINSON,VERACITY,VULTURES,VENUSIAN,VENGEANCE,VEGANISM
VALIDATE,VANE,VINEYARD,VICTIMIZES,VANDERPOEL,VERSAILLES,VIRGINITY,VERBALIZED,VALUERS,VASTNESS
VETOES,VOLITION,VERBALIZE,VIEWS,VEGAS,VEHICLE,VALLEY,VAULTER,VERBALIZING,VANQUISHED
VEGANISM,VALVES,VIRULENT,VINCE,VIDAL,VISIGOTH,VERBALIZED,VIEWERS,VOUCHING,VIVID
VEILING,VICTUAL,VILLAGERS,VIRTUOSOS,VIOLATES,VIGILANCE,VICTUALS,VEHEMENTLY,VENEZUELA,VOCATION
VENISON,VERNA,VIEWABLE,VENTURINGS,VENTILATE,VERBOSE,VOYAGES,VANISHER,VALIDATION,VALVES
VERMONT,VERTEX,VARIES,VOUCHING,VOUCH,VALES,VATICANIZATIONS,VALUATION,VOIDING,VEGAS
VELASQUEZ,VETERAN,VILIFICATIONS,VENTURINGS,VOCATIONS,VOCATIONS,VERANDA,VIDA,VISUALIZING,VACUOUS
VIGOROUSLY,VIOLATING,VISOR,VOYAGING,VACATED,VIES,VALUES,VAPORS,VISITS,VULTURE
VOLSTEAD,VOWED,VERIFIER,VALES,VEGETATION,VIE,VERNON,VELA,VENDORS,VESUVIUS
VOUCHING,VIGOR,VICISSITUDE,VIEWING,VIRGINIAN,VIRTUES,VERMIN,VEHICLES,VOICE,VERTICALLY
VATICANIZES,VALUING,VOLSTEAD,VENOMOUSLY,VIRTUOSOS,VALUABLY,VIOLINISTS,VIEWPOINT,VAINLY,VIDAL
VANISHED,VISIBLE,VOLITION,VIKRAM,VATS,VOLUMES,VERSES,VOID,VINCI,VIA
VANISHED,VANDENBERG,VARIANCES,VIOLENCE,VITO,VINE,VICTORIANIZE,VEAL,VOLVO,VERTICES
VOLITION,VAULTER,VOID,VISCOUS,VENTILATE,VENGEANCE,VOYAGE,VEXING,VEGETATE,VIRTUE
VIENNA,VELA,VOWS,VASTLY,VORTEX,VISIBILITY,VIRTUOSOS,VITALS,VELOCITIES,VINES
VOYAGE,VOYAGER,VISTAS,VALUATIONS,VIOLATES,VIRTUALLY,VALOIS,VIGILANT,VENGEANCE,VERDURE
VINDICTIVE,VINEGAR,VERBS,VOCALLY,VACATIONERS,VAULTING,VARIES,VIALS,VIRTUES,VALLEY
VOLUNTEERING,VERN,VAGABOND,VOUCHERS,VISIBLE,VEINS,VANES,VERN,VIABLY,VERBALIZE
VOUCHER,VIGOROUS,VOUCH,VACATE,VISIBLE,VIDEOTAPE,VIRULENT,VARNISH,VICE,VACUO
VERBOSE,VORTEX,VIEWED,VINDICTIVE,VALERY,VARIABLENESS,VAULTER,VICTROLA,VAX,VREELAND
VECTORIZATION,VISTAS,VALIANT,VAULTING,VICISSITUDE,VAIL,VANITIES,VIEWPOINT,VICES,VIEWPOINT
VEERS,VOLVO,VICTIMIZER,VITAE,VILIFIED,VARIAN,VACUUM,VALUE,VEERS,VOICING
VILLAGERS,VASTLY,VARIABLE,VICTIMS,VISA,VIEW,VANGUARD,VAT,VIVIDNESS,VISUALIZE
VISITING,VASES,VERSES,VELOCITIES,VARIABLENESS,VOMIT,VIER,VALUERS,VANQUISHED,VIOLATION
VOLCANOS,VOLUNTEER,VENTRICLES,VOIDING,VASTLY,VOUCHING,VERIFY,VOLTAGE,VAX,VERSIONS
VELVET,VARIABILITY,VICTOR,VERTEBRATES,VERGES,VASQUEZ,VIVIDLY,VISHNU,VIER,VACUO
VIKINGS,VAGARY,VANDALIZES,VETERANS,VALIDATING,VAUNT,VACUO,VERGE,VILIFICATIONS,VITA
VERBOSE,VALUES,VAPOR,VOLCANIC,VENTS,VOYAGES,VERACITY,VEINS,VANE,VICTORIOUSLY
VOIDS,VILE,VISUAL,VANQUISHING,VEINS,VALUABLE,VAUDOIS,VERSED,VIEWPOINTS,VERANDAS
VANITY,VOYAGES,VALUATION,VISITATION,VOGUE,VARYING,VEXING,VENGEANCE,VOIDS,VAGABONDS
VOUCHERS,VERACITY,VIDAL,VULNERABILITY,VERSA,VEINED,VAGUENESS,VIVIDLY,VALIDATING,VIGNETTES
VOYAGING,VALIDNESS,VEILS,VISUALIZE,VIEWERS,VICTUALS,VANESSA,VAUGHN,VEHICULAR,VERA
VETERINARIANS,VIOLET,VIAL,VOLUNTEER,VASTLY,VOTIVE,VOCABULARY,VIER,VERSED,VOMITED
VOW,VINTAGE,VISCOUNTS,VARIABLES,VOLSTEAD,VEGETATE,VILENESS,VERDI,VAGUELY,VICTUALS
VOLATILITY,VINCE,VOLTAGE,VALENTINES,VEHEMENCE,VICKY,VICTORIANS,VOMITS,VIVALDI,VECTORIZATION
VANQUISH,VIEWERS,VORTEX,VISCOUNT,VILLAINS,VISIBLE,VENTRICLES,VITAL,VARNISHES,VAIN
VOLLEY,VENTRICLES,VICTUALS,VOMITED,VOUCHES,VIET,VENDOR,VALUED,VERONICA,VENOMOUSLY
VICTIMIZING,VENTURES,VERIFIABLE,VERNON,VIED,VALERY,VASTEST,VAIN,VITUS,VISITS
VERTICES,VALENTINES,VACUUM,VEXED,VIOLATES,VILENESS,VIRGINITY,VIRGINS,VOTES,VIDEOTEX
VERN,VETOER,VERNA,VANQUISH,VALIDATE,VOIDER,VULGAR,VOLUNTEERING,VIOLATE,VALVE
