UNREAL,UNAWARES,UNCLEARED,UNDERMINING,UNDERSTANDABLE,UNIPROCESSOR,UNTIED,UNSATISFIABILITY,UNBROKEN,UNOFFICIAL
UNACCOUNTABLE,UNSIGNED,UNWELCOME,UPSET,UNPREDICTABLY,ULCERS,UNCERTAINTY,UPDATER,UNDERSTANDABLE,UTAH
UNCONVINCED,UNWINDING,UNINTENTIONALLY,UNWHOLESOME,UNAVAILABILITY,UNDRESSED,URN,UNDOING,UNCONSCIONABLE,UNREASONABLY
UNFOLDS,UNSUITABLE,UNTOWARD,UNPACK,UNATTRACTIVE,UNPROVEN,ULSTER,UTILIZATION,UNRAVELING,UNBRIDLED
UNCONTROLLED,UNTRANSLATED,UNDERWENT,UNLEASHED,USHERS,USERS,UNDERESTIMATE,UNWORTHY,UNLEASH,UNCOMMITTED
UNINTELLIGIBLE,URSULA,UNINTENDED,UNENLIGHTENING,UNSELECTED,UNCLEANNESS,UNDERGROUND,UNIMAGINABLE,UNCORRECTABLE,UNNERVE
UNCONSCIONABLE,UPSETS,UNSTRUCTURED,UNSELECTED,UNRECOGNIZED,UNIONIZED,UNDOUBTEDLY,UNDERSTOOD,UNPARALLELED,UNDERWRITE
UNNERVING,ULTIMATELY,UNWINDS,UNDERWAY,UPROOTS,UNFOUNDED,URN,UNTRANSLATED,UGLIER,UNMANNED
UPROOTING,UNTOUCHED,UNPOPULARITY,UTTERED,UNHAPPINESS,UNCOMPUTABLE,UNCONSCIOUS,USHERING,UNWRAPPED,UNRESPONSIVE
UNDERTAKES,UNPACKING,UNCONSCIOUS,UNCONCERNEDLY,UNILLUMINATING,UPHELD,UNDERSTANDINGS,UNAFFECTEDLY,UNSEEN,UNOPENED
UNDERSTANDABILITY,UNIVALVES,USHER,UNOPENED,UNLIKELY,UNDERSTANDABILITY,URBANA,UNROLL,USEFULNESS,UPRISING
UNSAFELY,UNFAMILIARITY,UNIDIRECTIONALLY,UPDATES,UNFAIR,UNCLEANNESS,UNDERLINE,UPSIDE,UNMOVED,UNPLUG
UNFAIRLY,UNQUALIFIED,URANUS,USEFULNESS,UNINTERRUPTEDLY,USENIX,UNDERSCORES,UNFOLDED,URDU,UNEXPLAINED
UNCONVINCING,UNDERESTIMATE,UNCOMFORTABLE,UNOFFICIALLY,UPHOLDER,UNNOTICED,ULTIMATELY,UNNECESSARY,UNABBREVIATED,UNRESTRAINED
UNGRATEFULNESS,UNWITTINGLY,UNIFICATIONS,UNKNOWN,UNPROVABLE,UNDERWRITER,UNASSIGNED,UNGRATEFUL,UNAESTHETICALLY,UNITY
UNSOLVABLE,UNIDIRECTIONALLY,URGINGS,UNCOVERED,UNDERTAKES,USABLY,UNINTERESTINGLY,UNEXPECTED,UNPACKING,UNSAFELY
UNEVENNESS,UNILLUMINATING,UNFRIENDLY,UNDERPLAYED,UNAVAILABILITY,UNSHAKEN,UTILITIES,UNRAVELS,UNEQUIVOCALLY,UNDERNEATH
UNSETTLING,USED,UNRAVELING,UNCONDITIONALLY,UNIFYING,UTTER,UNCLAIMED,UNIPROCESSOR,UNDERFLOWED,UPHELD
UNSEEN,USABLE,UNDERWENT,UNTRUTHFULNESS,UNDERESTIMATED,UNVARYING,UNLEASHED,UNRESTRAINED,UPGRADE,UNWRAP
UPTURNS,UPRIGHTLY,UNBIND,URI,UNCONVINCED,UNROLLING,ULCER,UNTYING,UNDERGOES,UNNECESSARILY
UNDERWRITERS,UNLOCKING,UTAH,UNREAL,UNFAITHFULLY,UNAVAILABLE,UNDECOMPOSABLE,UPRIGHT,UNRELATED,UNVARYING
UNCONSCIONABLE,UNDECIDABLE,UNARMED,ULCERS,UNHAPPY,ULTRIX,UNITING,UNIVERSALLY,UNNATURALNESS,UNITING
USING,UNDIVIDED,UGANDA,UNDERMINE,UNLAWFULLY,UNENLIGHTENING,UNPROVABILITY,UBIQUITOUSLY,UNEMPLOYED,UNFORGIVING
UNEXTENDED,UPHOLSTER,UNBELIEVABLE,UNBLOCK,UNAMBIGUOUS,UNDERBRUSH,UTTERLY,UNANALYZABLE,UNPRESERVED,UNENLIGHTENING
UNIDIRECTIONALLY,UNFAIRNESS,UNPARALLELED,UNMATCHED,UNEQUIVOCALLY,UNAVOIDABLE,UNDESIRABLE,UNWRITTEN,UNWORTHY,UNJUST
UNDIVIDED,UNFITNESS,UNPACK,UNHAPPY,UNABATED,UNREPRESENTABLE,UNLIKE,UNION,UNITY,UNATTRACTIVELY
UPWARD,UNLINKING,UNREAL,UPDATE,UNDETECTABLE,UNDISCIPLINED,UNCERTAINTIES,UTTERANCE,UNDERWRITING,UNDERGROUND
UNICORNS,UNIROYAL,UNTRIED,UNINTERESTINGLY,UNDERMINE,UNTOUCHED,UPHOLDS,UNDERESTIMATION,ULCERS,UNDERESTIMATING
URI,UNTAGGED,UNCORRECTABLE,URGED,UNIFICATION,UNPROTECTED,UNTERMINATED,UNDERTAKEN,UNSENT,UNBIASED
UPON,UNEQUALLY,UNDRESSED,UNVEILS,UNFORGIVING,UNIONIZATION,UNSIGNED,UNMOVED,UNDERSTOOD,URIS
UNWISER,UNDERSTATED,UPSET,UNNAMED,UNSUCCESSFULLY,UNCHANGEABLE,UNRESTRAINED,UPGRADE,UNIMPORTANT,UNEXPLAINED
UNABLE,UNICYCLE,UNKNOWN,UTILIZATION,UNLINKED,USENIX,UNSENT,UNACCEPTABLY,UNWISER,UNINITIALIZED
UNLEASHES,UNIX,USING,UNFLAGGING,UNTRUE,USURPER,UNDAUNTED,UNLINKING,UNIONIZERS,UNIX
UPBRAID,UNDERTAKERS,UNTRUTHFULNESS,UNCONVINCING,UNITY,UNAWARE,UNKNOWN,USELESSNESS,UNREPRESENTABLE,UNDERPLAYED
UPRIGHTLY,UNCERTAINTIES,ULYSSES,ULTRIX,UNDERSCORES,UPGRADES,UNSURE,UNCLAIMED,UNDRESSES,UPROOTED
UNJUST,UNDERTOOK,UNCLES,UNHEEDED,UNBELIEVABLE,ULYSSES,UNINSULATED,UNDERPLAYED,USHERED,UNBOUND
UNDERFOOT,UNVEILED,UNSIGNED,UPHOLDER,UNUSUAL,UPGRADES,UPHILL,UNACHIEVABLE,UNPLEASANTLY,UNCHANGEABLE
UNIONIZERS,URINE,UMPIRE,UNIBUS,UNDERSTANDS,UGLY,UNIFIED,UNWINDERS,UNINSULATED,UNANIMOUS
UTOPIA,UNKINDNESS,UNFAITHFULNESS,URSULA,UNIFIERS,UNDIRECTED,UNIFICATION,USER,UNDID,UNIMPLEMENTED
UNCAUGHT,UNDERDONE,URDU,UNHAPPIEST,URGENT,USERS,UNION,UNIVERSALS,UNEXPECTEDLY,UNDIVIDED
UNROLL,UTTERING,UNFOUNDED,UNDERLINED,UPHOLD,UNHEEDED,UNTREATED,UMPIRES,UNDOCUMENTED,UNACCEPTABLY
UNPRIMED,UNBROKEN,UNCERTAIN,UPTURNING,UNIONIZE,UNMERCIFUL,UNRESTRICTED,UMBRELLA,UNCOVER,UNWITTINGLY
UNROLLED,UNALTERED,UNSURPRISINGLY,UNDERFOOT,UNSTABLE,URINATES,URUGUAYANS,UNTIMELY,UNCONSCIOUS,UNBELIEVABLE
UNAESTHETICALLY,UNSATISFACTORY,UNANALYZABLE,UNIDENTIFIED,UNSPECIFIED,URGINGS,UPPER,UNAESTHETICALLY,UNARY,UNCOVERS
UNENDING,UNDERTAKEN,UNDERFLOWS,UNIFIED,UNSLOTTED,UNAIDED,UGLINESS,UNTYING,UNPARSED,UNESCO
URCHIN,UNAUTHORIZED,UPHOLSTERING,UNIDIRECTIONAL,UNTENABLE,UNFORMATTED,UNPLANNED,UNUSED,UNANALYZABLE,UTOPIANIZE
ULTRA,UNWISEST,UNACCOUNTABLE,UNEASY,UNIMPORTANT,UNCLAIMED,UNCAUGHT,UNVEILING,UTOPIANS,UNICYCLE
UNQUOTED,UNBOUND,UNACKNOWLEDGED,UNAWARE,UNCONDITIONALLY,ULTRA,UNDERPINNING,UNWRAPS,UNOFFICIALLY,UNTOLD
UNPLEASANTLY,UNFAMILIARITY,UNTESTED,UNOFFICIAL,UNVEILED,UMBRELLA,UNTENABLE,UNWITTING,UNDERBRUSH,URQUHART
UNITARIAN,UNRAVELED,UNNECESSARY,UNDERWENT,UPSET,UNWISER,UNDEFINABILITY,UNTRIED,USES,UNPRECEDENTED
UNBECOMING,UNDERWRITERS,UNASSAILABLE,UNAESTHETICALLY,UNFAIRNESS,UNFAIRNESS,UNDERFOOT,UNNERVE,UNBRIDLED,UNDESIRABILITY
UNPLEASANTNESS,UNCONVINCING,UNKNOWINGLY,UPHOLDERS,UNDISCOVERED,UPHOLD,UNDAUNTED,UNHARMED,UNRESOLVED,URGES
UNDERESTIMATION,UNRESOLVED,UNFRIENDLY,UTRECHT,UNDRESSED,UNDERTAKES,UNOBTAINABLE,UNDERESTIMATED,UNTAPPED,UNAWARE
UNTIED,USABLY,UNDERBRUSH,UNDERFLOWING,UNITED,ULTRIX,UNTRUE,UNBRIDLED,UNITE,UTMOST
UNSUPPORTED,URIS,UNWOUND,UBIQUITOUS,UNMASKED,UNLOADS,ULLMAN,UPROAR,UNLUCKY,UNIONIZE
UNDERGROUND,UNIVERSALS,URIS,UNIDIRECTIONALLY,UNJUSTIFIED,UNCONDITIONAL,UNGUARDED,UNDERSTATED,UNJUSTIFIABLE,UNLOCKING
UPHELD,UNSEEN,USABLY,UNTERMINATED,UNTO,UPHOLD,UNSLOTTED,URBAN,UNIFORMLY,UNDAMAGED
UNTAGGED,UPLANDS,UNIX,UNSETTLING,UNWIELDINESS,UNSATISFIABILITY,UNJUSTIFIABLE,USENET,UNPREDICTABLY,UTTERLY
UNIQUENESS,USABILITY,UNPROFITABLE,UNARMED,UPGRADES,UNWILLING,URINATE,UNCOORDINATED,UNLIMITED,UNBOUNDED
UNARMED,UNEQUIVOCALLY,UNOCCUPIED,UTOPIANS,UTILIZING,UNJUSTIFIED,UNFRIENDLINESS,UNEASILY,UZI,UNUSED
UNDAUNTEDLY,UNIVAC,UNDERGRADUATE,UTILIZING,UPDATES,UTOPIA,UNACKNOWLEDGED,UPHOLDS,UNRESTRICTIVE,UPHILL
UNCERTAINLY,ULYSSES,UNSTEADINESS,UNMODIFIED,UNWILLINGNESS,UPHELD,UPTURN,UNIVERSALITY,UPRISINGS,USER
UNHAPPY,UNDERLYING,UTILIZATION,UNDESIRABLE,UPCOMING,UNFAIRLY,UPDATES,UNWITTING,UNWINDERS,UNSHARED
UNSURPRISINGLY,UNCONTROLLABILITY,UNKNOWNS,UNIFORMS,UNKINDLY,UNBLOCK,UNBROKEN,UPHOLDER,UNFOLDS,UNCANCELLED
URGING,UNCLEAN,UNITING,UNMATCHED,UNSOLVED,UNCONVENTIONALLY,UNISOFT,UNITARIAN,UNSHAKEN,UNDESIRABILITY
UNHEARD,UNNECESSARILY,UNDERLINGS,URBANA,UPLINK,UPHELD,UNGRATEFULLY,UNCOVERS,UNWILLINGLY,UNLEASH
ULTRASONIC,UNICORN,USHERING,UNDERESTIMATION,UNESCO,UNLIKELY,UNHAPPIEST,UNLESS,USEFUL,UNBLOCKED
UNDERWEAR,URN,USURPED,UGLIEST,USUALLY,UNVEILING,UNDERFLOWING,UNKINDNESS,UNDERLINES,UNDULY
UNHARMED,UNIVAC,UNRAVELED,UNPROTECTED,UNAWARE,UNIFIER,UNRAVELING,UNACCOUNTABLE,UNIFORM,UNEQUALED
ULLMAN,UNSTABLE,UPON,UNATTENDED,UNSETTLING,UNRAVELS,UNQUESTIONABLY,UNWILLING,UNLEASHED,UNEQUAL
URGE,UNIFY,UNABATED,UNIQUE,UNDERPINNINGS,UPHOLSTER,URUGUAYANS,UNIFICATIONS,UNEXPECTED,UNRELIABLE
UNCLEARED,UNROLLING,UZI,UNEQUIVOCAL,UNACCUSTOMED,UPGRADING,UNSOPHISTICATED,UNAMBIGUOUS,UNTOUCHABLE,UNMARKED
UPTURNING,UPLIFT,UNCORRECTABLE,UNWIELDINESS,UNINTERPRETED,URGE,UNBRIDLED,UNDOUBTEDLY,UTAH,UNABBREVIATED
UNDERWATER,USED,UNTRUE,UNKNOWNS,UNFOLD,UGANDA,UNDO,UNDISTURBED,UNIVERSE,UNTOUCHABLE
UNMANAGEABLY,USHERS,UNDERESTIMATED,UNITS,UNCLEAN,UNIVALVES,UNAWARE,UNLOCKS,UNSETTLED,UPRISING
UNCONNECTED,UNISOFT,UNDERWENT,UNCERTAIN,UNIFORM,UNFAITHFULLY,UNIFY,USE,UNBELIEVABLE,UNIONIZES
UNDERESTIMATE,UNRELATED,UNKNOWINGLY,UNDERNEATH,UPLIFT,UNDERPLAYING,UNCLE,UNJUST,UNLIKE,UNEASILY
UNDISTURBED,UNIFORMS,UNENDING,UNOFFICIAL,UNHAPPIER,UTILITY,UNIDIRECTIONALLY,UTOPIAN,UNACCUSTOMED,URGING
UNLINKING,UNFAITHFULLY,UNHAPPINESS,UNDETECTABLE,UNDERESTIMATING,UNTIDINESS,UNPROVABILITY,UNMARKED,UNMISTAKABLE,UNRECOGNIZED
UGLIEST,UNCERTAIN,ULTIMATELY,UNWILLINGNESS,UNPLEASANTLY,UNWIELDINESS,UNORDERED,USHER,UNFAIR,ULAN
UNDERSTANDABILITY,UNDERPINNINGS,UMBRELLAS,UNBELIEVABLE,UNIMPLEMENTED,UNDERDONE,USEFULNESS,UNENDING,UNDERGRADUATES,UNDERPLAYS
UNSPEAKABLE,URNS,UPRIGHT,UNUSUALLY,UNPLUG,UTTERANCES,UNROLLING,UNPLEASANTLY,UNNECESSARY,UNPREDICTABLY
UNTHINKING,UNIDIRECTIONALLY,URCHIN,UNDRESSING,UNIVERSALS,UNFAITHFUL,UNAFFECTEDLY,USES,UNDISCIPLINED,URINATES
UNBROKEN,UNBECOMING,UNIFORM,ULYSSES,UNTRUE,UNLABELLED,UNDERLING,UNDENIABLY,URGE,USABLE
ULLMAN,URN,UNWILLINGLY,UNFOLDS,UTTERANCE,UGLY,UNCONTROLLABILITY,UNVEILED,UNCLE,UNDERWENT
UNDERFLOWS,UNHEARD,UNLIKE,UGLIEST,UNSETTLED,USEFUL,UNPRIMED,UNDERESTIMATE,UNSHAKEN,UNSENT
UNWHOLESOME,UNISOFT,UTTERS,UNBOUNDED,UNSURE,UNBUFFERED,UNGUARDED,UGLINESS,UNDERPINNING,URGES
UNDULY,UNLEASH,UPDATED,UNHAPPINESS,UNKNOWINGLY,UNWRAP,UPHOLSTER,UNDERLINING,UNCLES,UNEASY
UNIVERSITY,UNNECESSARY,UNDESIRABILITY,UNWHOLESOME,UTILIZING,UNIX,UNOBTAINABLE,UNBLOCKED,UNIVERSALS,UNAMBITIOUS
UNITING,UNCOMFORTABLY,UNABBREVIATED,UNDERESTIMATION,USAGE,UNMANAGEABLE,UNION,UNGRAMMATICAL,UNDERDONE,UPLINK
UNCORRECTABLE,UNDERGO,UNNERVING,UNWILLINGNESS,UNLABELLED,UNNERVING,UNDECIDED,UDALL,URBANA,UNTIL
UNDERTAKE,UNJUSTIFIABLE,USURP,UKRAINIANS,UNRESPONSIVE,UNDID,UNEQUIVOCALLY,UNION,UNCOMPROMISING,UNINTENTIONALLY
UNWIND,UNQUALIFIED,UNDETECTABLE,UNTRUTHFULNESS,UNTOUCHABLE,URINATE,UNDERTAKES,UNAUTHORIZED,UNWHOLESOME,UNPOPULAR
UNCOVERS,UNEXPECTEDLY,UNIMAGINABLE,UNSATISFIED,UNKINDLY,ULAN,UNRAVEL,UNRESTRICTEDLY,UNDERGOING,UNIFIERS
UNMARKED,ULYSSES,UNNERVING,UNLINKED,UNDERSTAND,UNCONTROLLABILITY,UNDERMINES,UTILITY,UNDERGO,UNCERTAINTIES
URUGUAY,UNFAMILIARLY,UNDERLING,UNAIDED,UKRAINE,ULTIMATELY,UNPACKED,UTOPIAN,UNDERWORLD,UNIQUE
