RUN,REFORM,RAVENING,ROSY,REREAD,REEVALUATION,REFILLABLE,RELINQUISHES,RESUMING,ROTTERDAM
REITERATION,RECOIL,REAPPRAISAL,RACKETEERING,RENTAL,REQUIRED,RECODES,RECIPE,RIOTS,ROAST
RATTLES,RATIONALIZATIONS,RIFLES,RIDDLED,RENAME,REACTIVATION,REELING,REPRODUCIBILITY,ROOSEVELTIAN,REINFORCING
RELOCATION,REDISPLAYS,RESEARCH,REITERATES,RALPH,RECONFIGURE,REENTERED,REVOCABLE,REFILLABLE,RASCAL
RUBIN,RIVALLED,RESPECTFUL,RIPPLES,RIGHTLY,REPARTEE,REALLOCATE,REFINES,RECYCLED,REWRITING
REACTORS,RENAULT,REASSIGNING,REFLECTIONS,RESYNCHRONIZING,RESTART,RECOILING,REDEEMER,REARRANGEMENT,REASONS
RENUNCIATE,ROCKEFELLER,REFLECTIVELY,RAFTS,RELOAD,RINSE,REPEAL,REDUCES,RINSING,REPLY
REHABILITATE,REYKJAVIK,RELIGIONS,RESTRAINER,REALIGN,RAISES,REAPPRAISALS,REPUDIATING,RADIOLOGY,RAISERS
REVISIONS,ROUSING,REGAIN,REPETITIVENESS,RIDICULOUSNESS,REENTER,RIGORS,RADIANCE,RECKON,RUSTING
REPEATERS,RADIOLOGY,ROSS,ROE,RULER,RIGHTMOST,RESPONDED,REFRESHED,RHYTHMIC,RESTATES
RAPED,RECTANGLE,RESPONSIBLY,REFERENDA,REBOOTS,RADIOLOGY,RUBLE,RESYNCHRONIZED,ROVED,REEDVILLE
REGIONALLY,RUDDY,REPRESENTABLY,REVERSED,REDDEST,ROOTING,RIGORS,REFEREES,RHENISH,RECLAIMS
REPRODUCIBLY,REJECTION,REASONABLE,REVILE,RETICULATES,RENDER,RUNNABLE,REPRODUCTION,RUNTIME,REDESIGNING
RECORDING,REFUGEES,RATIFY,RASCALLY,REPLETION,RECITALS,RECKONING,RWANDA,REPROACHES,RECALCULATE
RESULTS,RECOGNIZERS,ROAMS,ROASTS,RANKIN,RESEARCHES,RINEHART,REPRIEVE,RESURRECTIONS,RENDITIONS
ROTATES,RESERVES,REPLAYING,RUEFULLY,ROUTINGS,ROMELDALE,REPOSES,RELAPSE,REEF,REMONSTRATED
RADICALLY,RADIATION,RUGGEDLY,REPRESSION,REVISIONARY,REBELLIOUSLY,RIBOFLAVIN,RIVALLED,REPRESENTABLY,RESEMBLING
REGRESSES,REFORMED,RAMSEY,REPRODUCING,RAVING,RAFT,REMAINING,REVERIFY,RETORTED,RICHARDS
REEFER,REASSIGNING,REGENT,RELEGATED,REFORMATION,REPRODUCIBLE,RICO,REESTABLISH,ROBERTS,RIVETER
REPAYING,REPLIES,REFRESHER,REALIST,RELATIONSHIP,RECIPROCALLY,RETIRES,RECASTS,RELATING,ROMANIZATIONS
REINVENTING,RISINGS,ROSENBERG,REVERSION,REMARKING,RUDENESS,RECOMMEND,ROBBED,RESTRAIN,RETYPED
RWANDA,RESERVED,REJOINDER,RELIVING,RASHER,RETROSPECTIVE,RETREATS,REVERSED,RINEHART,REFERENCING
REMISS,RAFFERTY,RECONSIDERED,RECTIFY,RAKE,REGENTS,RAWER,RECOMMENDATION,RESTRAINERS,RECONCILED
REPAIRER,REROUTED,RILKE,REPAID,ROUNDLY,RESIDED,RAP,RAINIEST,RECRUITS,RUNNABLE
REVILER,ROLL,REGRETFUL,RESTRAINER,ROUT,REWARDING,RIVALRY,REVEALS,REACHES,RHEUMATISM
REVERSELY,RECREATED,REPLICAS,RECESSES,RECEIVABLE,RECOMMENDS,RHODESIA,RECOGNITION,RETRANSLATED,RIGOR
ROAMING,RING,REGRESS,REMOTELY,RETRACES,ROSABELLE,REPULSIONS,RANG,RECKON,ROMANCE
RECAPTURED,ROMULUS,RUNTIME,RECIPROCATED,REMOVALS,RUTHLESS,RATED,RACKED,REVISIONARY,REGINA
REPLACE,RAGED,REFRACTED,ROGUES,RADICALLY,RECONFIGURE,RAPACIOUS,RANDOMIZES,REDRESSED,RETYPING
