TIGHT,TIRES,THUNDER,TOWELS,TENDERLY,TRUANT,TECHNIQUE,TROPIC,TESTIMONIES,TRANSISTORIZE
TURF,TRAVERSING,TERRIFIES,TOTAL,TERMWISE,TAXES,TOLERANCES,THRIFT,TANANARIVE,TORIES
THATS,TRIVIALITIES,TAXICAB,TIMING,TERMED,TOKEN,TILLERS,TIMEOUTS,TABULATE,THRUSTER
THOUGH,TEMPLES,TALKERS,TAUTOLOGY,THIEVES,THROTTLES,THULE,TREASURER,TREATING,TYPES
TUMBLE,TRICKLES,TRICERATOPS,TREATED,TIMON,TRANSIENCY,TASTEFULLY,TERRORIZES,THRASH,TALLNESS
TURING,TRUTHFULNESS,TURNIPS,TYPING,TRACY,TIRESOMENESS,TURNING,TESTIMONIES,TERRITORY,TURNED
TOASTED,TOUCHABLE,TEMPERS,TOWELING,TRUISMS,TRANSPIRING,TERMS,TRADEMARK,TERRIERS,TIGHTENINGS
TELETYPES,TENEX,TINKLES,THESE,TURKEY,TOPPLE,TUCKER,TOOL,TEETH,TURBANS
TRANSPOSITION,TURBULENT,TITHER,TERRACED,TOWARDS,TEMPT,TIDING,THUNDERBOLTS,TABULATION,TATTER
THEIRS,TROPIC,TROOPS,TORUS,TALENTS,TYPICALLY,TREASURED,TERRIFY,TAME,TWIRLER
TRICHINELLA,TANTALIZING,TERM,TELEOLOGY,TAKERS,TRADEMARK,TAXES,TURTLES,TOY,THERETO
TERMINALS,TREASURING,TRUMPETER,TASTELESSLY,TEMPEST,TAUT,TRILLED,THEORIZE,TEACHING,TEMPLATE
TANK,TWITTER,TEKTRONIX,TORYIZES,TORTURING,THUNDERERS,TAILING,TWIGS,THRASHER,TOBAGO
THROTTLES,TURNED,TUTANKHAMUN,TRUER,TYPIFIED,TEETHE,TURRETS,TILED,TRANSFERRED,TERMINALS
TAKERS,TIGRIS,TUTANKHAMEN,TOKYO,TELEGRAPHED,TECHNICALITY,TRANSCENDED,THREESCORE,TRANSACT,TENS
TRANSLATED,TEXTRON,THIRST,TRUNCATES,TEARED,TRY,TAXPAYERS,TOLD,TEAMS,TOWELS
TRANSACTION,TILES,TOUGHEN,TERMINATES,TIMESHARE,TELLS,TOLERABLE,TREETOPS,TURBAN,TENEX
TORY,TELEVISED,TOBAGO,TERRITORIES,TROTSKY,TRANSMITTED,TOMMIE,TAIWANESE,TIMBER,TUFT
THEODOSIUS,THRIFT,TROJAN,TWENTIES,TRANSMITTER,TUCK,TUNICS,THINKABLY,TRANSISTOR,TAURUS
TRESSES,TIER,TOURISTS,TITLES,TITLES,TERMINATION,TAYLORIZES,TELETEXT,TRAVELING,TUNING
TELEGRAPHED,THUNDERBOLT,TIT,TARIFFS,TRANSPUTER,TEMPTED,TRAVESTIES,TOGETHERNESS,THOUGHTFUL,TRANSFORMATIONS
TRANSISTORIZED,TENORS,TWANG,TRANSPARENCY,TELETEXT,TAUNTED,TENS,TAILING,TALKER,TROPHIES
TATTER,TRAPPED,TIRELESS,TOLERABLY,TRANSFORMERS,TRAITS,THATS,TYRANNOSAURUS,TRACER,TRANSPIRES
TUMULTUOUS,TORUS,TARTLY,THREADED,TACKING,TINIEST,TERRIER,TAP,TRAVELS,TALKED
TRILATERAL,TELEGRAPHS,TRAGICALLY,TORCHES,TRIGGERS,TALKING,TELLER,TRACTARIANS,TORRANCE,TREACHEROUS
TAMENESS,THOUGHTFULNESS,TANNENBAUM,TRADERS,TENTACLES,TINGED,TANGENT,TRUDY,TRANSCRIPTIONS,TAKES
TENANTS,TRAVAIL,TONI,TENSING,TEASED,TASS,TREASURY,TOWERS,TWINS,TELLING
TUNIC,TREETOP,TROUTMAN,TRUDGED,TRASH,TAILORED,TREACHEROUS,TRANSITIVE,TOWEL,TEFLON
TACKING,TIDINESS,TOIL,TALLEYRAND,TABULATIONS,TRAIN,TESTING,TAYLORIZES,TRANSPIRES,TIGER
TAG,TABLESPOONFUL,TRACEABLE,TECHNICIAN,THUNDERERS,TERMINATIONS,TOLERATE,TRAMPED,TOILER,TEXASES
TIGHTENER,THRIVES,TUTORIALS,TRIANGLE,TEMPERATENESS,TITAN,TUSCALOOSA,TROLL,TERRITORIES,TWENTIES
TESTINGS,TOGGLES,TREATMENTS,TRICKLED,TOUCHIER,TIDALLY,TRANSFORMS,TAMELY,TWENTIES,TRIER
TCHAIKOVSKY,TALLCHIEF,THEOREMS,THERMOSTAT,TONED,THOR,TOTALLY,TENDERNESS,TRUSTWORTHINESS,TECHNICIANS
THROAT,TROPICS,THIRTIETH,TREACHEROUSLY,TALLEYRAND,TWINKLING,TRICKLED,TRANSFER,TURKEYS,TAPER
TELEVISION,THANKSGIVING,TIMBERS,THOMPSON,THROUGH,TRANSCENDING,TRUNCATIONS,TESTINGS,TRANSGRESSION,TRANSIENT
TONIGHT,TRANSIT,TAP,THIMBU,TUESDAYS,TWINKLES,TACKLES,THERMAL,TWINKLES,TALENT
TECHNOLOGICALLY,TABULATES,TRAFFICKED,TIMELESS,TIGHTENER,TUNIS,TRIGGER,TAIPEI,TREASON,TOUGHEST
TAOS,THEATERS,TWIGS,TAINTED,THEREABOUTS,THUNDERER,TESTABILITY,TRAPS,TAKING,TROUBLING
TORN,TRADITION,TECHNICAL,THOSE,TOSSED,TIJUANA,THOUGH,TECHNOLOGICALLY,TELEDYNE,TILLABLE
TURBULENTLY,TUTORIAL,TRUES,THRESHOLDS,TAIWANESE,THEN,TELEPHONING,THEREUPON,TUNER,TRANSMISSION
TRILLED,TREACHERY,TRANSITIVELY,TIMID,TREMBLE,TANNER,TALLAHOOSA,TRIGONOMETRIC,TINKER,TORUS
TORTURED,THRACIAN,TIMONIZES,TRACTABILITY,TRANSFERABLE,TEMPORARY,TOTALS,THUMPING,THERAPISTS,TAXONOMIC
TERRITORIES,TUTORING,TYRANT,TEASES,TOSSES,TRANSITIVENESS,TRANSFERRED,TECHNOLOGISTS,TRANSLATOR,TALMUDIZATION
TABLEAUS,TRANSPORTERS,TWINKLING,TICKED,TRUSTS,TREMENDOUS,TARRY,TOPOGRAPHY,TEMPORALLY,TRIMMER
TALMUDIZATION,TOTALLY,TAMED,TUDOR,TEMPLEMAN,TARTUFFE,TRACKED,TOLERANT,TROUT,TRIGRAMS
