NOTIFY,NORTHEASTERN,NOTABLY,NERVOUS,NEEDFUL,NASTIEST,NICKNAME,NUTRITION,NEWCASTLE,NAN
NANOPROGRAM,NOXIOUS,NAPKIN,NUTRITION,NONCONSERVATIVE,NEUTRINOS,NOVICE,NAKOMA,NEWBURYPORT,NEUTRALIZED
NOBLER,NUTRIENT,NATIONALLY,NORMAN,NEGATIVE,NEWCOMERS,NOEL,NUMBED,NATIVITY,NELSEN
NATIONALIZED,NONDETERMINISM,NOODLE,NUTS,NICER,NATCHEZ,NUCLIDE,NATIVES,NONZERO,NOTRE
NORTON,NOISES,NOTIONS,NAGS,NGUYEN,NUMISMATIC,NAVEL,NANOPROGRAMMING,NETTING,NATURALIST
NORMALIZE,NURSING,NOTARIZES,NECESSITATED,NONSENSICAL,NONINTERFERENCE,NOONS,NIGHTINGALES,NEAR,NOWHERE
NIELSEN,NUMERABLE,NONPERSISTENT,NOVELTIES,NICOTINE,NICHE,NESTLING,NIJINSKY,NUN,NUMBING
NICE,NONUNIFORM,NUN,NEGATING,NONDECREASING,NONTERMINATION,NESTED,NARBONNE,NICKED,NUANCE
NONPROCEDURAL,NEVA,NOISE,NAVIGABLE,NATURALS,NEXT,NATIONALIST,NEWARK,NABLA,NORRISTOWN
NICKNAME,NEGATORS,NATIONALITY,NOT,NODE,NONORTHOGONAL,NASTY,NOONTIME,NESTER,NUCLEOTIDES
NEGATIVES,NONPERISHABLE,NUMERAL,NURTURING,NEGOTIATE,NICOTINE,NABLAS,NEVA,NICODEMUS,NOSE
NOBLENESS,NANOINSTRUCTION,NYLON,NETS,NAILED,NOTRE,NORMA,NANKING,NULLIFIED,NATURED
NUTATE,NUTRITIOUS,NAGASAKI,NOISES,NOVEMBERS,NUMERICALLY,NEWLY,NEVADA,NOVEMBERS,NORTHERNLY
NANOSTORES,NIPPONIZE,NIGER,NARROWS,NONNEGATIVE,NONEMPTY,NULLS,NEUROSIS,NEITHER,NONPERSISTENT
NOUAKCHOTT,NATIONALIZED,NIGHT,NUCLEOTIDE,NORRISTOWN,NEUROTIC,NEW,NESTOR,NOONTIDE,NUBIA
NOMINATE,NEUTRALITY,NATAL,NIGHTMARE,NORMA,NICKNAMED,NEHRU,NUMEROUS,NUGENT,NAIROBI
NESTER,NINETEEN,NONTERMINATING,NONCOMMERCIAL,NEUROLOGISTS,NATIONALIZED,NOZZLE,NEWMANIZE,NICKLAUS,NECKING
NOBLER,NIKOLAI,NUMERIC,NOTEBOOK,NUMBNESS,NAUSEA,NEBULOUS,NASTIER,NUCLEUS,NIGHTS
NONINTERFERENCE,NARROW,NATIONALIZES,NIKKO,NATOS,NONCONSECUTIVELY,NEBUCHADNEZZAR,NEGLIGIBLE,NEARNESS,NESTLES
NONPROCEDURAL,NONNEGATIVE,NOUNS,NEGATION,NUCLIDE,NARCOTICS,NOTHINGNESS,NEURAL,NAMELESSLY,NAB
NAUR,NEARING,NATHAN,NONPROFIT,NEGOTIATE,NONCE,NORMALITY,NINTH,NUCLEI,NINETIETH
NONCONSECUTIVELY,NOTE,NECESSITATED,NAVIGATING,NONPROCEDURALLY,NONTERMINAL,NONEMPTY,NEEDED,NULLIFIES,NORWEGIAN
