ANAGRAMS,ASSIGNEE,ANGLICANS,ASTROPHYSICAL,ALIASED,ADOPTING,ALLEVIATES,AFFLICTING,ADDED,ASPERSION
ASSISTANT,ASSAILING,ALSO,ALDRICH,ACHING,ADDUCT,ANGELA,ADMIXES,ALLAYED,ALBA
ALGOL,ALLEYWAYS,ADVISORS,ACTIVIST,AMENDMENT,AFFECTINGLY,AUTOGRAPHED,AWARE,ACCESSES,ASCENDANCY
ALUMNI,AUDIOLOGY,AMOROUS,ANNUNCIATORS,ANTISERUM,ACCUMULATE,AUDUBON,AFRICANIZES,ASSENTS,AGEE
ANGULAR,APPROPRIATELY,APPRAISE,ADMINISTERED,AWFULLY,ANGEL,ABOLISHERS,ACTA,ADVERSARY,ABSENCES
AGENDA,ADHERERS,AGONIZED,ANNUNCIATORS,AFAR,ACHIEVED,AMARETTO,ACCUMULATING,ARBORS,AVENGES
ANNUALS,ALLOWS,ASSERTIONS,ADDER,AGGRIEVING,AUSPICE,ATAVISTIC,ALLEN,ACQUAINTANCE,ATROPHIES
ALTERNATED,ADORABLE,ADAMS,ALTRUISTIC,ABSORBING,ANIMATES,ADJUNCT,AGGRAVATED,ANGLO,ATTORNEYS
ALEE,AFRESH,AUTHENTICATE,ASIATICS,ALIENATION,ALLAH,AGREEABLE,ANAPHORIC,AWAKES,ATTRIBUTION
ALIMENT,ANSWERERS,AUTOGRAPH,ADDUCTION,ASSENTER,AROMAS,ACCENTUATE,ARISER,ANCESTORS,ANNOUNCE
ACKNOWLEDGER,AVER,ASSISTED,AUDIBLE,AMBULATORY,ARENA,ALUMNA,ALLAN,ASSIMILATING,ABUT
ATTEMPTED,ALLEGORIC,ALLEGORICAL,ALTER,ANNA,AFGHANISTAN,ANNULUS,AGGRAVATED,AERATORS,ANNIHILATES
ABHORRENT,APRON,ALICIA,APPLICATOR,ACACIA,AIM,AUTUMNS,ASSYRIOLOGY,ACE,ABORTIVELY
AUSTERITY,ACETATE,AXIAL,ALAS,ALSO,AUDIOLOGISTS,ANSWERING,ARCHIVERS,AGITATIONS,ATOLLS
AYES,ANTONOVICS,ASSASSINATING,AUTHORSHIP,ANYWAY,ALLIGATORS,ARMENIAN,ATTENTIONAL,AUGUST,ADMINISTRATION
ANNUALLY,ADAPTABLE,ANGUS,ACCOMPANIMENTS,ADDRESSERS,APOLOGIZE,AUTHORIZER,ABSOLUTION,ABIDE,AVERRED
AMAZINGLY,ANEMONE,ARCHFOOL,AGAPE,ACOUSTICIAN,ALLITERATION,ATTACHERS,AVOIDERS,ATONE,APOGEE
ABODES,ALVA,AVAILABLY,ABLATIVE,ANTIQUE,ASSUMING,APPLEBY,ANNOTATING,ADHERENT,ADJACENCY
ASCRIBE,AUDITIONED,APTITUDE,ANVIL,ABRIDGMENT,AMERICANIZERS,ACCELERATORS,APIECE,APPOINTMENTS,AURALLY
ANNOTATIONS,ANTICIPATE,ABSENCE,AUTONAVIGATORS,ANGLICANISM,ARMING,ASSASSINATE,ANOMIC,AUTOBIOGRAPHIES,ALIASED
ABSTRACTLY,ACORNS,ADIRONDACKS,ABDUCTORS,AFFIXES,ABETS,ADVISORY,ASCENDANT,ACTUALS,ANDREA
ARBITER,ALLEGEDLY,ANGLICANIZES,AWAKING,ACIDLY,ABLY,ANAHEIM,AMUSEDLY,ASSEMBLED,ALGONQUIN
ABJECTLY,AESTHETICS,AGGLOMERATED,ADVANTAGES,ACUMEN,ATTESTS,APPEND,AGREE,ABSOLUTENESS,ATTRACTIVELY
ANCIENTLY,ACCUSTOMED,ABODES,AXONS,ALAR,ANALYTIC,ADAGE,ATTRACTOR,AMASSES,ABSCESSES
ADDED,ABSTRACTLY,ACADEMICALLY,ANTAGONIZING,AMBER,ASININE,ARACHNIDS,ALICE,ABIDE,ASCETICS
ANALYZER,AUTHORITIES,ASTATINE,ADAPTABLE,ALTERATIONS,ARTEMIS,ANGLOPHOBIA,AWKWARD,ARCHBISHOP,AIRLINER
AMIGA,ABASEMENTS,ADHERENCE,ADEQUATELY,ALLOY,ALLOCATOR,AVALANCHING,AGGRESSION,AUDIOMETER,ALFONSO
AMERICANIZATION,ABOVE,ASCENSIONS,ANNULMENT,ACTION,ARPANET,ANOMIC,ASTONISH,ATTENDS,ANGERED
ABOLISHMENT,AUTOCOLLIMATOR,AEROSOLIZE,ALLEGRETTO,AIRMAIL,ABBOT,ABANDON,AMELIORATE,ATTRIBUTING,ABORTION
ABSINTHE,AMORIST,ANESTHETIZED,ARMCO,AUTOFLUORESCENCE,ADDRESSER,ASTEROID,ACCIDENTS,AMPHIBIOUS,ALARMIST
ASPERSION,ADJOURNING,ACTUATE,ACCLIMATIZATION,APPREHENSION,ASCENSIONS,ANNOUNCING,ALLOWS,ALCMENA,AQUINAS
ARRAY,ANDORRA,ACKNOWLEDGMENT,AUSTRALIANIZES,AUGHT,ALLOWABLY,ANASTOMOTIC,ABRIDGE,ANTICIPATION,ASCRIBABLE
ASSASSINATES,AMERICANIZATION,AUDIOLOGY,ASKANCE,APIECE,AQUEDUCTS,APATHY,ARACHNID,APOLLONIAN,ANGLICAN
ALLIANCES,ATTEMPTER,ABRAHAM,ALTOGETHER,ARCHEOLOGIST,AUTHENTICATIONS,AUCTION,ALONE,ASSESSED,AUTODECREMENTS
ASSASSINATE,ALTERNATIVELY,AMBIVALENTLY,APOSTLE,ALL,AMIGO,ATTRACTION,AUDITED,ASSUMES,ACCLAIMS
ANESTHETIC,AMPLIFIERS,ALTERNATELY,AUTOMATED,ADAMSON,ALGA,ABSOLUTES,AUTISM,ANTICOAGULATION,ADRENALINE
ABNORMALITIES,ASTATINE,ALOE,AFFRONTS,ADDUCES,ARCHLY,ANECDOTES,ADJUDICATE,AVOIDER,ASCETIC
ABSTRUSENESS,AUDACIOUSLY,ANAGRAMS,ALLAYING,AVENUE,AVOIDABLY,AUTOINCREMENTS,ACTON,ASTAIRE,AUTOBIOGRAPHICAL
ABSTRUSE,ATTAINMENTS,ANCESTOR,ADVISER,APOLOGIST,ALSOP,AFLOAT,AYE,ARGUERS,ANTENNA
APPROXIMATION,ATLANTIC,AUXILIARIES,AND,AVERAGE,ACCOMPANIED,ATROPHIED,ATTAINED,ANTONOVICS,ATHLETES
ADUMBRATE,ASTOUNDS,ARRIVING,ANNOYANCE,AROMATIC,ACKNOWLEDGEMENT,ATTESTS,ADOPTIONS,ARBOR,ARYANS
ACHIEVED,ADVERTISED,ACCEPTANCES,AMAZEMENT,ADJOURNMENT,ARIANISTS,AUTHORIZER,ANGLICANIZE,AXIOLOGICAL,ABETTED
ASKING,ABSENTMINDED,ACQUIRE,AIRILY,ARTICULATE,ALSATIANS,AMUSERS,AUTHENTICATES,AVARICIOUSLY,ALOE
AUXILIARY,ANTISEPTIC,ARTISTICALLY,ANTIHISTORICAL,ATTAINING,ARMED,AUTOMATICALLY,ANYTHING,ABETS,AERATOR
AIRFIELD,AWFUL,ALLEY,ASCETICS,ASSUMING,ASCENDS,AUDITING,ANAGRAMS,ANTIQUARIAN,ANALYZER
AVOIDING,ARABY,ACCELERATING,ALLEGE,ALYSSA,ADVERSARIES,ASCENDENCY,ALEXANDRINE,ADHERING,ANALYTICITY
ARRESTING,ASUNDER,ASCETICS,ABRIDGED,ABSORPTION,AUTOINCREMENT,AWARDED,ANGELS,ARTICULATORY,AUTONAVIGATOR
ADULTHOOD,AUTOMOTIVE,AYLESBURY,AGONIZE,ABLER,ARCHAICALLY,ACCENT,AGONIES,ANALYZERS,APOCRYPHAL
ASTONISHING,ARBITRARILY,ACCELEROMETERS,ANNOYANCE,ADVENTURER,AUTOCRATS,ADDITIONALLY,ADDER,ACCOMPANISTS,ANTIQUARIANS
APHASIA,AUTHORITARIAN,ABASHING,ARPA,AVERY,APPEARANCE,ACKERMAN,ANGLICAN,ADMISSION,ALGORITHMICALLY
ALLELES,AERODYNAMICS,ADMINISTRABLE,AIRMAIL,APPLIANCE,ARTERIES,ASYMPTOMATICALLY,ABROGATING,ADULTS,APOTHEOSES
ARMCHAIRS,ADJUNCT,ART,ARSINE,ADVISEDLY,ADHERING,ASBESTOS,ACCLIMATE,ACCUMULATORS,ATTACHING
ADVENTITIOUS,ALLOWS,ABERRATIONS,ANGERED,AWARD,AMELIORATING,APPLICABLE,AZIMUTH,ASYMPTOTE,ANGLERS
ALTERNATIVES,AIRFOILS,ALTARS,ARRANGES,ABNORMAL,APPEARED,ARTICULATIONS,ANGELICA,ANSWER,ANSWERING
ABBA,AENEID,APPLYING,ALEXANDRA,ABBY,ARROYOS,AMPHITHEATERS,APPRECIABLE,ALLERGY,ALLEGORICAL
ANTIBACTERIAL,AMHERST,ATOMIZING,AUSTRALIANIZES,ASSOCIATIVE,ACAPULCO,ARMENIA,ADVERBS,ACNE,AMPHIBIOUSLY
ARMAGNAC,APPRECIATIVE,AXIOMATIC,AVERS,ANIMATEDLY,ARRESTOR,ALLURING,ANTAGONISM,ABBREVIATES,ACCUSAL
