FURTHERMORE,FRISK,FALSIFIES,FLEW,FLOWING,FLAMERS,FLYABLE,FORTRESSES,FLARES,FOSTERED
FAINTEST,FORGETTABLE,FANS,FIRED,FANCIED,FATHERLY,FIBONACCI,FAWKES,FILLABLE,FROWN
FENCED,FISHER,FREER,FORMALIZATIONS,FORBES,FAULTLESSLY,FONDLED,FOSS,FAINT,FANGLED
FRAMEWORKS,FILMED,FLOCKS,FATTENING,FRITO,FRAILEST,FADES,FIASCO,FREENESS,FETTLE
FENCES,FRANKIE,FACTIONS,FLOPPILY,FASTNESS,FLICKER,FAULT,FEEDING,FRAMED,FOOD
FREDDY,FRENCHMEN,FORMIDABLE,FUMED,FRESNEL,FILES,FACED,FRESHER,FLIP,FRONTIERSMEN
FOURTEEN,FANCIED,FLAKING,FOUNDATIONS,FASHION,FROSTED,FAGS,FORCES,FLEECES,FRESHENING
FULLY,FELONIOUS,FLATTENING,FRINGE,FRIDAYS,FAULKNER,FREEST,FEARED,FARMS,FOLKS
FINANCIALLY,FETAL,FELDER,FRAMER,FELLOWSHIPS,FABLE,FITZGERALD,FOILING,FLEW,FUSING
FALLOUT,FULFILLMENT,FEMINIST,FACSIMILES,FORFEITED,FERGUSON,FENCER,FORETOLD,FORMICA,FOCUSES
FINDER,FEATHERBEDDING,FATS,FERTILITY,FREED,FAKING,FASCINATING,FURTHEST,FINGERED,FEARFULLY
FEASIBILITY,FLUSHING,FREEWAY,FORMALITY,FLEDERMAUS,FLO,FRAYNE,FOOLING,FIST,FLORIDIANS
FLAUNTING,FERRER,FORGET,FLUCTUATES,FIRER,FUSSING,FANOUT,FLAWLESSLY,FORMALLY,FARMYARDS
FIDDLE,FASCINATION,FINING,FORTHRIGHT,FEELERS,FOREHEAD,FURROW,FANTASY,FOOTAGE,FALLACIES
FUNNEL,FOREGOES,FABIAN,FANTASIZE,FIDDLESTICK,FEWER,FASCIST,FAITH,FASTENER,FLAMED
FREUDIANS,FEW,FALSEHOOD,FIRINGS,FORMATION,FORNICATION,FURNISHINGS,FLINCH,FRAMEWORK,FORKS
FORDHAM,FASTENER,FORGIVES,FAUSTUS,FORGIVABLE,FROTH,FAINTNESS,FLINCHES,FARE,FIRINGS
FEATHERING,FOUNDED,FUNDING,FORMATION,FRONTED,FOLLOWINGS,FAIRIES,FEET,FOCAL,FRIENDSHIP
FAIR,FABLE,FLYER,FREIGHTING,FLUCTUATE,FARAD,FRIGATE,FATTENS,FOODSTUFF,FURY
FRIENDSHIPS,FORMALIZATION,FARES,FACTOR,FRETFULNESS,FIORI,FLIGHT,FUNDAMENTALS,FERMENTATION,FOULING
FORETELLING,FATALLY,FLUIDS,FOLLOW,FUNCTIONALITIES,FINDS,FACTOR,FRIVOLOUSLY,FOOLPROOF,FORTE
FIFE,FLOWERPOT,FASHIONS,FLASHED,FOCUSING,FOAMY,FRET,FIORI,FAMED,FREEZE
FLESHING,FALLEN,FITCH,FLEMISH,FREEINGS,FLAMING,FRISIAN,FIDDLESTICK,FAINTS,FORECAST
FILLABLE,FACTIOUS,FAIRYLAND,FERMI,FREIGHTERS,FLAMERS,FORMATS,FLEMISHES,FASCICLE,FORESTALL
FLOCK,FRAYING,FIGARO,FORERUNNERS,FORNICATION,FROZE,FLATTER,FRAZZLE,FLOSSING,FLOORING
FLAK,FREQUENTING,FRAIL,FOURTH,FRIGHTFUL,FURLOUGH,FOUGHT,FIRER,FINNISH,FEATHERY
FLATTENED,FIZZLED,FERVORS,FILTH,FORLORNLY,FAIRCHILD,FALKLAND,FACILELY,FOLKS,FINNEGAN
FOLLOWING,FLYNN,FLIMSY,FLAWLESSLY,FUNNELING,FREAKS,FRIVOLOUSLY,FUNCTIONALITIES,FACTIONS,FILIPINOS
FINGERINGS,FUEL,FUNNINESS,FLETCHERIZES,FRETFULLY,FEEDS,FEASTS,FREEWHEEL,FOOTPATH,FORMAL
FLOORS,FORGE,FORMULATIONS,FURIOUSER,FLINGS,FOREGOES,FEEDBACK,FIELD,FITZGERALD,FLORA
FISCAL,FINDING,FEARLESSNESS,FRANCISCO,FONDLED,FARED,FOUGHT,FLUIDLY,FOREFINGER,FORMATIVELY
FLUIDITY,FOILING,FELONY,FATHERS,FURTHERMOST,FOOTSTEPS,FOURSCORE,FIRMWARE,FOOTBRIDGE,FIGURATIVELY
FEEDERS,FOUNDING,FIJIAN,FITFUL,FEATURED,FARKAS,FEASTED,FRESH,FAYETTE,FREEZING
FISSURED,FOB,FRAYING,FOULEST,FLEISCHMAN,FREEDMAN,FRANTICALLY,FORETELL,FRICTIONS,FLOURED
FIGURATIVELY,FORGETTING,FAIRNESS,FORETELL,FIREPOWER,FRENZY,FINDERS,FLUENCY,FUNNELED,FELLED
FOODSTUFFS,FARM,FEMINIST,FACILITIES,FRUIT,FLAGSTAFF,FITTER,FLUIDLY,FINDS,FAVORING
FAMILIARIZES,FELLOWS,FREQUENCIES,FIZZLE,FALSIFYING,FLEEING,FATTENER,FRANCIZE,FRANKLINIZATION,FORWARD
FOWL,FULLNESS,FERMENT,FURROWS,FOURSQUARE,FITFULLY,FASTED,FLINCHED,FURTHEST,FLAVORED
FAMISH,FACTORING,FUSSING,FIRSTS,FRISIAN,FIXES,FRONTIER,FEELERS,FIFTIES,FORESTERS
FAITHLESSLY,FASTENINGS,FOGGIER,FIERCENESS,FREQUENT,FLARING,FLEXIBILITIES,FACILITATING,FASTNESS,FISSURE
FOOTSTEP,FISHY,FRISIAN,FRESHENING,FRESHNESS,FREEZING,FATHERED,FUMING,FURROWS,FORBADE
FETAL,FEATURE,FANGLED,FLAG,FEBRUARY,FASCINATES,FUNNIER,FRESHNESS,FONTAINE,FULMINATE
FORSAKEN,FAIN,FISHMONGER,FOUNT,FACTORIAL,FITLY,FLUSH,FULLNESS,FORNICATION,FIRM
FADES,FLEXIBLY,FORESTS,FERVOR,FOUNDERED,FRUEHAUF,FEES,FLEMISH,FINISHERS,FUNCTORS
FELL,FIREBREAK,FALSIFICATION,FRICTIONS,FORTUITOUSLY,FOIBLE,FOAMING,FIXATION,FERMENTING,FASTEN
FRAUGHT,FEUDAL,FLAGLER,FARTHER,FLINGS,FLOPS,FIXATION,FEEDS,FUDGE,FLABBERGASTED
FRUITION,FORMED,FELICITY,FORMALIZATIONS,FAITHFULLY,FINALIZE,FLATTERER,FEARFULLY,FAULTLESSLY,FANATICS
FOXES,FACILITATED,FORUM,FANNIES,FACE,FANCIFULLY,FLABBERGAST,FORMATTED,FACT,FORMALIZATIONS
FOBBING,FORMULATED,FORD,FRANKLINIZATIONS,FURIOUSLY,FULCRUM,FORTRESS,FRIVOLITY,FATAL,FAULT
FEELERS,FASTER,FALKLAND,FLUENCY,FLUFFY,FAINT,FILMED,FOOTPATH,FIELDS,FALK
FRIGGA,FILENAMES,FLICKER,FALSTAFF,FORGETTING,FRIGIDAIRE,FRENCHIZES,FELL,FLINTY,FRAYS
FRICATIVES,FEATHERING,FONTAINEBLEAU,FREER,FAUCET,FIRST,FUNCTIONARY,FREEMASON,FIXES,FORGIVEN
FIGHTS,FISK,FRANCIE,FUNDERS,FLUTING,FAUNA,FLOSSING,FOSSIL,FATTENED,FILLABLE
FILLER,FEAST,FILTHINESS,FLORID,FAILING,FEMUR,FANCIES,FOUNDS,FLEETS,FEEL
FLUCTUATION,FOGY,FLOTATION,FLASHLIGHT,FIGHT,FABRICATION,FAVORITISM,FRAGRANTLY,FIREPROOF,FURNACE
FUNCTOR,FLATULENT,FORMANTS,FAMINES,FORGED,FOUNDING,FORMATION,FORMATS,FEMININE,FRYE
FLETCHERIZES,FOLLOWING,FOSTERS,FURLOUGH,FOAMS,FURNACE,FAMILIARITY,FIGURED,FREUDIANISM,FAUSTUS
FIBONACCI,FIRELIGHT,FEDERALLY,FALLACY,FOREWARNED,FLOWER,FONDNESS,FISTICUFF,FIX,FEATHERED
FUZZINESS,FOLLIES,FLOODLIT,FOLKSONG,FISCHBEIN,FURNACES,FOGGING,FERRIED,FLOWED,FUNCTIONING
FILLED,FACTORING,FORM,FULLEST,FAUSTUS,FLUENT,FEDERALIST,FUNNIER,FRIGATES,FAGS
FOOTE,FRIENDLESS,FUDGE,FACILE,FISSURE,FLYERS,FAIRIES,FORT,FOLSOM,FEN
FICTIONAL,FRATERNAL,FUNNEL,FIGURING,FERDINAND,FILING,FRANKFORT,FIRER,FOIBLE,FETTERS
FASHIONABLY,FORMED,FURNACE,FRACTIONALLY,FEATURES,FLUTING,FLICKERING,FLAMBOYANT,FLYERS,FIRING
FACILELY,FAUST,FREQUENTERS,FLIERS,FLOWCHARTING,FEARFULLY,FITTINGS,FILLED,FATES,FISHERY
FABRICATION,FURNACES,FLAUNTED,FIDDLESTICKS,FRATERNITY,FREDERICTON,FLAGGED,FARMER,FERMENTED,FAVORABLY
