GROVES,GLINT,GENTLEMAN,GRANDER,GLOWED,GLEAMED,GREENTREE,GROVERS,GLORY,GLOVER
GINGERLY,GREENEST,GANDHI,GLITTER,GAUGES,GARTH,GROUNDS,GHETTO,GASSINGS,GROVERS
GULLY,GROCERS,GABERONES,GREENS,GULP,GRISLY,GLAND,GASES,GIST,GROTESQUELY
GRIM,GERMINATED,GADGET,GAWK,GRANDSON,GERUND,GIRLS,GENOA,GIBRALTAR,GOLDING
GRANDMOTHERS,GULPS,GROWL,GLADDEN,GUT,GIVE,GLEAN,GRANDMOTHER,GAMELY,GODOT
GRADY,GIPSIES,GRATIFY,GRACEFULLY,GIBBS,GUITARS,GRIPES,GRIMES,GRADUALLY,GLIMMERING
GYPSIES,GRATUITIES,GUAM,GAB,GAP,GREAT,GRIND,GUHLEMAN,GRINNING,GRAVITY
GIMMICKS,GANDHIAN,GARFIELD,GEMMA,GUNPLAY,GUTTERS,GLUTTON,GENTLEMANLY,GRIEVER,GAELIC
GREENBERG,GLINT,GOURD,GLAMOUR,GRAVEST,GOAT,GENESIS,GALACTIC,GWYN,GETTER
GRANULATE,GENTLE,GIGAVOLT,GYROSCOPE,GIRLS,GUSHING,GARDEN,GELD,GAUNT,GENIUSES
GUSTS,GRANDEUR,GRAFTED,GRUBS,GALATIA,GAINERS,GENESCO,GARRY,GRASPED,GIRAFFE
GRIEVOUSLY,GABRIEL,GOVERN,GALLOWAY,GALLS,GUYERS,GAINFUL,GENERALIZE,GRANVILLE,GRINDINGS
GALWAY,GASH,GARGLES,GERMANS,GENEVIEVE,GRABBING,GNOMON,GRADIENTS,GRIDIRON,GOBLETS
GORILLAS,GRANTOR,GASP,GAVE,GROTESQUELY,GLEANER,GIGABIT,GLASWEGIAN,GALVESTON,GRANDSTAND
GENTLER,GRIDIRON,GRACED,GUMS,GOBBLER,GRIMALDI,GIBBONS,GLASWEGIAN,GROWS,GRANTER
GERUND,GLOVED,GHANA,GALLOPS,GOTHICIZE,GODDARD,GUNDERSON,GEMS,GARTERS,GESTURING
GELLED,GUESSES,GAMED,GUARANTEED,GOWNS,GRINDS,GUILTLESS,GHANIAN,GANGSTERS,GRAND
GOUDA,GREEDILY,GREATEST,GLADE,GRADUALLY,GENTRY,GUHLEMAN,GOLDA,GRIEVANCE,GNAWED
GYMNASTS,GRATE,GRAIL,GLIDES,GNAWING,GOLDWATER,GLORIFICATION,GELS,GLACIAL,GNOMON
GEMS,GRAFT,GAIETY,GRIEVE,GRABBINGS,GUBERNATORIAL,GENTLEST,GENIE,GRATIFICATION,GROUPED
GRAB,GILDS,GASPEE,GLOAT,GIDDY,GROUNDS,GENTLEWOMAN,GOTTFRIED,GEARY,GARRISON
GODSEND,GRIEVOUSLY,GRASSY,GRASPED,GLANDULAR,GRAVELY,GULCH,GETTYSBURG,GAELICIZE,GROUNDERS
GODDESSES,GALLUP,GARDEN,GRANTER,GREW,GUIDING,GAYER,GROSVENOR,GRANULATES,GIRTH
GOUGED,GUJARAT,GARTH,GUNPOWDER,GNOMON,GREENWICH,GRANGE,GUARD,GLAMOROUS,GROWNUPS
GALL,GALWAY,GENERATION,GLORIFICATION,GOD,GOLDENROD,GENERALITY,GARNETT,GAUGE,GLIDER
GURU,GESTURED,GULLIES,GREATEST,GROUNDERS,GRACIOUSNESS,GIN,GUILD,GENERATIVE,GRAVELLY
GOA,GLAZES,GUTS,GRAFTER,GHOSTED,GLOOM,GLOOMILY,GEISHA,GILT,GLUE
GULL,GATSBY,GODWIN,GAELICIZATIONS,GLITTER,GALLANT,GORGING,GENERATE,GUST,GRANULATE
GRAVEL,GUTTERS,GUNSHOT,GEMINI,GRINDS,GRENDEL,GRANDPA,GREEN,GREETINGS,GAUDY
GOSPEL,GROVEL,GRIST,GAPS,GABRIELLE,GROCERY,GALLANT,GLEANS,GAUL,GAPED
GERMAN,GAMENESS,GROVER,GROSSNESS,GOODWIN,GETS,GOUGE,GLOWINGLY,GOODWILL,GLIDE
GODZILLA,GRAVITATE,GRANDFATHER,GRADUALLY,GERMS,GRECIAN,GRAFTING,GLINTED,GOBLETS,GROCERIES
GASOLINE,GROOMS,GAS,GRAIN,GAIETIES,GERHARD,GALLED,GUNTHER,GUHLEMAN,GULPS
GARDENS,GRANULATES,GUISE,GLORIANA,GANGS,GENUINE,GAUNT,GENERALITIES,GRAFTS,GROSSING
GREATLY,GRIEVOUS,GRAFF,GOETHE,GARBAGE,GUMPTION,GUTS,GULCH,GAULS,GERTRUDE
GLOVED,GODLY,GUNPOWDER,GNATS,GOBBLED,GRATUITOUSNESS,GRABBED,GATHER,GAMBOL,GREAT
GIGABIT,GAIL,GRAZE,GRAMMARIAN,GOODE,GUERRILLAS,GLIDED,GRANDMOTHER,GASPED,GARBAGE
GRAFTING,GREENNESS,GHENT,GRAVITATE,GRABBINGS,GRAVEL,GURKHA,GAMBIT,GLADDEST,GAPE
GLOVED,GRILLS,GUTTURAL,GILLS,GULCHES,GASSED,GENERALIST,GORTON,GAINING,GROUSE
GINGHAM,GIOCONDA,GOBLET,GLANCING,GROTESQUELY,GLAZING,GLAZING,GRANDPARENT,GOWNS,GROVELED
GHOSTED,GRECIANIZES,GAUNTLEY,GULFS,GROSSLY,GRANDMOTHERS,GRIEVOUS,GEIGER,GAUZE,GARGLING
GARFUNKEL,GLIDES,GAUNTLEY,GOUCHER,GERSHWINS,GROANED,GRATINGS,GARNETT,GATLINBURG,GUBERNATORIAL
GOUGE,GOODE,GAMBLERS,GLAD,GALAPAGOS,GRANDMA,GAMES,GREGG,GLAZE,GLOAT
GUTSY,GREENE,GIGGLES,GNAWED,GODDESS,GYMNASTIC,GLORIFY,GROUPINGS,GRAM,GYPSY
GASSED,GLASS,GASTROINTESTINAL,GRIEVANCE,GLADDEN,GOTHIC,GATHERING,GLEANS,GOLDSTINE,GUBERNATORIAL
GLOSSARY,GRASPABLE,GRANGE,GYMNASIUMS,GAINED,GAINESVILLE,GORKY,GATEWAY,GEOFF,GARB
GAUGE,GLEAM,GYPSIES,GRATUITOUSLY,GYRO,GROTON,GILEAD,GAGGING,GRADED,GAUNTNESS
GAUGES,GRAPE,GIMMICKS,GLUING,GAELICIZATIONS,GASPED,GUITAR,GALILEE,GEOMETRIC,GROWERS
GUARDHOUSE,GENERAL,GANGES,GREETING,GAMBLER,GAZE,GOAD,GHOSTED,GRACIOUSNESS,GRISWOLD
GRADED,GADGETS,GRAINS,GUTSY,GORILLA,GYMNASTS,GRANDSTAND,GINGER,GONZALEZ,GALATIANS
GUILTY,GRAVESTONE,GALLON,GLAMOUR,GELATINOUS,GELATINOUS,GURKHA,GATOR,GARY,GHANA
GENIUSES,GREER,GENDER,GESTURE,GODMOTHERS,GAPING,GRUB,GRAFTON,GUILTINESS,GROUNDING
GRAMS,GRESHAM,GNU,GAYLY,GAINESVILLE,GERMAN,GREATNESS,GATING,GARCIA,GALAPAGOS
GONE,GUARDHOUSE,GAGGED,GRUDGES,GOODY,GUNMEN,GRIPE,GIMMICKS,GIORGIO,GINSBURG
GERUND,GNAWING,GREENERY,GLANCED,GRABBERS,GENUS,GAINFUL,GROAN,GANGRENE,GODDESS
GRANTING,GRIM,GALLERY,GRANARIES,GRADING,GERHARDT,GREG,GEESE,GOT,GUATEMALAN
GOTO,GWYN,GUNS,GILD,GROUNDERS,GUILE,GARNETT,GABRIEL,GUMPTION,GOSSIPS
GIDDY,GRADUATIONS,GUIDED,GIBRALTAR,GREG,GLIDE,GAINES,GUNPOWDER,GATHERER,GROUPINGS
GOVERNOR,GIRAFFE,GENUINENESS,GRETA,GEOFFREY,GAY,GAYNOR,GULCH,GROOM,GAUDINESS
GIGGLING,GOODE,GREASED,GREENERY,GROANING,GONDOLA,GREENHOUSE,GAUGUIN,GLASGOW,GROSSNESS
GELATIN,GREYHOUND,GRANDCHILD,GRADUATED,GANGSTERS,GYRO,GIN,GRIEVINGLY,GOINGS,GAGGED
GROVE,GURU,GALLING,GILES,GUHLEMAN,GUESSED,GROWERS,GLIDER,GARIBALDI,GENERATING
GRUFFLY,GONZALEZ,GODSEND,GIORGIO,GROVES,GLADDER,GUIDES,GUILDERS,GRAINED,GLOWINGLY
GRATINGS,GRINNING,GROSSMAN,GADFLY,GAITERS,GALILEE,GIMMICKS,GROANING,GYPSIES,GELS
GENIUSES,GRENVILLE,GRANULARITY,GENERATIONS,GROWLING,GUTHRIE,GRITTY,GIORGIO,GATHERS,GALATEAN
GRIMED,GALLANT,GEORGE,GENIAL,GORGE,GARDENERS,GUNNAR,GIVER,GARDNER,GRINS
GLEAMING,GUJARATI,GOGGLES,GABERONES,GRAIN,GIFTS,GLADYS,GRATIFYING,GRAFTS,GAUZE
GUELPH,GONER,GIL,GAZED,GOURMET,GLACIER,GRASSY,GADGETS,GUSTAVUS,GRASSERS
GHASTLY,GLAMOR,GUJARAT,GOLDA,GUARANTY,GREENVILLE,GROPE,GOLDSTEIN,GLOSSED,GILLESPIE
GLOVER,GRINDER,GARRISONED,GRINS,GALAHAD,GOVERNMENTS,GUM,GROCERS,GNAT,GENERALIZER
GREET,GIBRALTAR,GUILE,GRENDEL,GRUNTS,GRASSES,GAINES,GUYED,GUNNERS,GEOGRAPHIC
GREEKIZES,GIGAWATT,GAZETTE,GRASSY,GARBLED,GROANED,GAINERS,GIUSEPPE,GRAVER,GENIAL
GARLAND,GRACE,GIBRALTAR,GOLFING,GUYING,GRACEFUL,GIBBONS,GIRAFFES,GAB,GRINS
GROOT,GREENEST,GUSTAVE,GERBER,GNAT,GRAVENESS,GAYETY,GENERALISTS,GIBSON,GUESTS
GOA,GOOFS,GOLDENLY,GERMINATION,GASPED,GRADATION,GILEAD,GALWAY,GLOSS,GAINED
GLANCING,GRAVEST,GAUNTLEY,GERMANIC,GROWNUPS,GENERIC,GAITHERSBURG,GLIMMERS,GILL,GRUMBLES
GRACEFUL,GOTHICIZING,GRATER,GONDOLA,GARAGE,GENEROUS,GABBING,GROVEL,GARAGED,GREENGROCER
GREEKIZE,GRATEFULNESS,GALLAGHER,GREGARIOUS,GIVE,GHOST,GRINDSTONE,GIVES,GIRLS,GROUP
GOTO,GERMINAL,GIST,GOVERNMENTAL,GLISTENING,GEARED,GRADUALLY,GLANDULAR,GUTSY,GOBLETS
GEOMETRIES,GRABBINGS,GOSSIPING,GRIPPED,GARY,GREENVILLE,GOWN,GRANOLA,GALATIA,GUARANTY
GREETS,GLOWINGLY,GAIT,GUTENBERG,GLAZING,GOLDSMITH,GLASSED,GEOSYNCHRONOUS,GRAMMATIC,GRACIOUS
GRAPPLING,GIDDINGS,GLASSES,GHOSTS,GLADSTONE,GAD,GLADE,GRAPPLING,GRIM,GOLDBERG
GROWS,GILT,GUIDED,GRADIENTS,GIRAFFE,GRINDS,GUMPTION,GROWNUP,GYROCOMPASS,GEORGIANS
GRAVITATE,GRIMALDI,GRAZED,GLAMOUR,GRUMBLED,GODHEAD,GEOGRAPHICALLY,GARLIC,GREENVILLE,GOLD
GLEASON,GANGPLANK,GAILY,GENERATE,GOUGED,GOTHAM,GENETICALLY,GRATUITOUSLY,GWEN,GULPS
GIORGIO,GATEWAYS,GLADLY,GEMINID,GRAPHICALLY,GRAVEN,GLAZE,GRIDDLE,GRUDGINGLY,GLEANING
GASEOUS,GREGARIOUS,GRANDNEPHEW,GOLDMAN,GLUED,GROWL,GRADIENTS,GOSPELS,GARBAGE,GLUT
GRITTY,GULLY,GAMBOL,GALAHAD,GORILLAS,GEYSER,GNAW,GATSBY,GENDER,GERIATRIC
GRIEVANCES,GRACES,GAITHERSBURG,GREGARIOUS,GRESHAM,GOTHICIZED,GIBSON,GROSSES,GRUNTS,GRANITE
GUSTY,GENTLEMEN,GLASGOW,GRINNING,GULLED,GYMNASIUMS,GRINDER,GLOWER,GROCERIES,GUIDES
GRANGE,GOWNS,GERALDINE,GLADE,GAMBLERS,GALLONS,GUARDIANSHIP,GRASS,GUYER,GOTHICIZED
GRANDEUR,GENIAL,GLAUCOMA,GRANDCHILD,GENTLENESS,GENUINELY,GAINFUL,GAUGE,GANDHIAN,GRADUALLY
