ZONING,ZEROS,ZAN,ZONE,ZEALAND,ZAN,ZEROS,ZENNIST,ZINC,ZOROASTER
ZANZIBAR,ZILLIONS,ZEROTH,ZAN,ZONES,ZULU,ZEALAND,ZEALOUSNESS,ZELLERBACH,ZANZIBAR
ZINC,ZURICH,ZIEGFELDS,ZIGZAG,ZIEGFELD,ZANZIBAR,ZEALOUSNESS,ZEST,ZOMBA,ZURICH
ZILLIONS,ZEBRAS,ZILLIONS,ZEROES,ZEALOUSNESS,ZIONISTS,ZEISS,ZONED,ZULU,ZOROASTER
ZOOS,ZULU,ZOE,ZOE,ZEISS,ZEALOUSNESS,ZEALOUSNESS,ZIONISM,ZONAL,ZEALOUSLY
ZEBRA,ZOOLOGICALLY,ZIGGY,ZOOLOGICALLY,ZEROTH,ZIGZAG,ZOOLOGICALLY,ZAGREB,ZONAL,ZIEGLER
ZIONIST,ZODIAC,ZEROTH,ZIEGFELDS,ZONAL,ZONED,ZOROASTRIAN,ZAMBIA,ZIGGY,ZOOMS
ZION,ZULU,ZEISS,ZEALOUSLY,ZODIAC,ZION,ZIONISTS,ZACHARY,ZELLERBACH,ZEBRAS
ZEROES,ZOO,ZIMMERMAN,ZEROES,ZULUS,ZULU,ZION,ZERO,ZIGZAG,ZULUS
ZIEGLER,ZOOS,ZIMMERMAN,ZEUS,ZEALAND,ZEUS,ZEISS,ZOMBA,ZODIAC,ZEUS
ZOROASTER,ZOOM,ZOOM,ZIONIST,ZIONIST,ZEALOUSLY,ZEROS,ZOOM,ZORN,ZEBRA
ZIGGY,ZERO,ZEROTH,ZEROTH,ZOE,ZOOLOGICAL,ZORN,ZIEGLER,ZAIRE,ZIONISM
ZIONISTS,ZEALOUSLY,ZEROED,ZURICH,ZEBRA,ZEROTH,ZOOM,ZOOM,ZEST,ZONE
ZOROASTRIAN,ZOOLOGICALLY,ZEBRA,ZOOM,ZODIAC,ZOROASTER,ZIGGY,ZOOLOGICAL,ZOROASTER,ZEROING
ZOROASTRIAN,ZEAL,ZONED,ZEBRA,ZEUS,ZIONS,ZENITH,ZONAL,ZORN,ZONE
ZEALOUSLY,ZIONS,ZEISS,ZEROING,ZEROED,ZEFFIRELLI,ZEALOUSLY,ZENITH,ZORN,ZEROES
ZEST,ZONE,ZONAL,ZILLIONS,ZEROING,ZEUS,ZULUS,ZEALAND,ZEROING,ZEROES
ZOOLOGICAL,ZENNIST,ZEROES,ZEROING,ZOOMS,ZIONISTS,ZOOLOGICAL,ZENNIST,ZONAL,ZONALLY
ZIGZAG,ZONED,ZIEGFELD,ZIEGFELD,ZACHARY,ZIONISTS,ZONAL,ZULUS,ZEBRAS,ZEUS
ZEAL,ZIONIST,ZERO,ZOOS,ZORN,ZEISS,ZOOLOGICAL,ZILLIONS,ZION,ZOROASTER
ZOO,ZEALOUSNESS,ZIGZAG,ZOROASTRIAN,ZOMBA,ZAMBIA,ZIGGY,ZEROS,ZOROASTRIAN,ZEST
ZEUS,ZEN,ZONALLY,ZOROASTER,ZAIRE,ZOOS,ZILLIONS,ZONED,ZEALOUS,ZEBRA
ZOROASTRIAN,ZORN,ZANZIBAR,ZIGGY,ZIONISTS,ZONING,ZEST,ZEALOUS,ZILLIONS,ZEROS
ZEBRA,ZAIRE,ZOROASTRIAN,ZEROTH,ZAGREB,ZAIRE,ZOROASTER,ZANZIBAR,ZEROED,ZEBRA
ZOOMS,ZEROING,ZOOLOGICALLY,ZONALLY,ZULU,ZEROING,ZAMBIA,ZONALLY,ZONAL,ZOOLOGICALLY
ZULU,ZONALLY,ZERO,ZIGGY,ZIEGLER,ZION,ZERO,ZINC,ZIGGY,ZENNIST
ZEBRAS,ZOMBA,ZONE,ZONE,ZOMBA,ZAN,ZURICH,ZEUS,ZOE,ZURICH
ZEROING,ZANZIBAR,ZEUS,ZONE,ZACHARY,ZULUS,ZEISS,ZENNIST,ZEROED,ZONING
ZIEGFELDS,ZEST,ZOOS,ZEUS,ZIONS,ZIONS,ZULUS,ZOOM,ZACHARY,ZEROTH
ZELLERBACH,ZEROED,ZOMBA,ZONES,ZULU,ZAIRE,ZIONIST,ZONAL,ZAMBIA,ZODIAC
ZOROASTER,ZENITH,ZENNIST,ZEROED,ZIONIST,ZOOLOGICAL,ZEISS,ZOOS,ZILLIONS,ZILLIONS
ZEROTH,ZANZIBAR,ZELLERBACH,ZELLERBACH,ZACHARY,ZIEGFELDS,ZEALOUSNESS,ZINC,ZOMBA,ZEUS
ZURICH,ZEAL,ZELLERBACH,ZEROING,ZOROASTRIAN,ZELLERBACH,ZOOLOGICAL,ZOE,ZEBRAS,ZOE
ZOOMS,ZEROTH,ZILLIONS,ZONALLY,ZENITH,ZOROASTER,ZIEGFELD,ZOROASTER,ZAMBIA,ZONAL
ZAGREB,ZANZIBAR,ZORN,ZACHARY,ZOOM,ZOOM,ZELLERBACH,ZOROASTRIAN,ZEFFIRELLI,ZEALAND
ZODIAC,ZEALOUSLY,ZEST,ZEN,ZOROASTER,ZEST,ZEUS,ZACHARY,ZAMBIA,ZEROES
ZIONISM,ZAN,ZEALOUSNESS,ZELLERBACH,ZEALOUS,ZOOLOGICAL,ZEST,ZEROTH,ZIEGLER,ZEALOUS
ZONE,ZIMMERMAN,ZIGGY,ZEROED,ZAGREB,ZONALLY,ZACHARY,ZURICH,ZEBRAS,ZANZIBAR
ZIEGLER,ZIEGFELD,ZEROES,ZOOM,ZACHARY,ZOO,ZONED,ZOOLOGICALLY,ZIONISM,ZOOS
ZEALAND,ZANZIBAR,ZIEGFELDS,ZAGREB,ZORN,ZONE,ZACHARY,ZOO,ZEROED,ZOROASTRIAN
ZOO,ZOE,ZOOM,ZOOLOGICAL,ZIGGY,ZOOS,ZORN,ZAN,ZEROTH,ZEFFIRELLI
ZIGGY,ZONES,ZEROTH,ZONAL,ZAN,ZOMBA,ZOO,ZOOM,ZEALOUSNESS,ZONALLY
ZOMBA,ZION,ZEALAND,ZILLIONS,ZEALOUSLY,ZOOMS,ZAMBIA,ZIONS,ZIONIST,ZAN
ZOOMS,ZIEGFELDS,ZULU,ZEISS,ZOROASTRIAN,ZEALOUS,ZEROED,ZOOMS,ZOO,ZIMMERMAN
ZEN,ZOOM,ZOROASTER,ZEROTH,ZAGREB,ZEALOUS,ZIGZAG,ZONING,ZEALAND,ZOROASTER
ZEALOUSLY,ZOMBA,ZIEGFELDS,ZEAL,ZIGGY,ZAMBIA,ZANZIBAR,ZIEGLER,ZIGGY,ZOMBA
ZEALOUS,ZONE,ZOOLOGICAL,ZAIRE,ZOOS,ZONES,ZAN,ZAMBIA,ZELLERBACH,ZIONS
ZOOMS,ZEALOUS,ZIGZAG,ZEFFIRELLI,ZONED,ZORN,ZEISS,ZEALOUSNESS,ZOOMS,ZAMBIA
ZAIRE,ZOOMS,ZIONS,ZEISS,ZULU,ZEALAND,ZOOLOGICAL,ZOOM,ZOROASTRIAN,ZIEGFELD
ZODIAC,ZULUS,ZURICH,ZEISS,ZONAL,ZEST,ZOOLOGICAL,ZURICH,ZOMBA,ZAMBIA
ZEROES,ZONING,ZOOLOGICAL,ZIGZAG,ZIEGFELD,ZEROING,ZAN,ZACHARY,ZOOMS,ZIEGFELDS
ZOOLOGICAL,ZEAL,ZIONIST,ZOOM,ZONING,ZEROING,ZIONISTS,ZOOLOGICALLY,ZEISS,ZINC
ZAMBIA,ZIEGFELD,ZIONS,ZEBRAS,ZEALAND,ZEROING,ZEUS,ZERO,ZONAL,ZONAL
ZENNIST,ZAIRE,ZEN,ZEROS,ZOOLOGICALLY,ZIONIST,ZONES,ZULU,ZEALOUSNESS,ZOROASTRIAN
