ECLIPSE,ENSNARING,ELICITING,ENDING,EXPORTED,ELOPE,EFFICACY,EXPELLED,ENDEARS,ENTRANCED
EMPLOYING,EASTMAN,ENDEARS,ELABORATE,EUGENE,EDISON,EXACTED,EMPLOYMENTS,EXHAUSTED,EXHAUSTS
ERLENMEYERS,EXPLICITLY,ENGLISHIZES,ENGAGED,EXTINGUISHER,ELECTRONICALLY,EMULATION,ECOLE,EXPRESSES,EASEMENTS
ELEVATES,ENGAGEMENT,EMPTY,ENNUI,ELIMINATE,ENERGETIC,EPISTEMOLOGY,ERASABLE,ETHAN,ELECTRODES
EARDRUM,EVEREST,ELECTROENCEPHALOGRAPHY,EQUIVOCALLY,ENGAGE,EXACERBATIONS,ENCOURAGEMENTS,EYELID,EXPENSE,ESPOUSES
EGYPTIANIZATIONS,EXTRACT,EXCHANGE,ENCASED,EROSION,EXPOSING,EXHAUSTIVELY,EXPECTED,EXERTION,ELABORATORS
EXERCISED,EXISTENTIALISM,ELECTRODES,EXPLORER,ESOTERIC,EQUILIBRIA,EXEMPLAR,EXTROVERT,ELECTIVES,EXILE
EXHIBITING,ENSIGNS,EATINGS,EXCUSABLE,ELECTROENCEPHALOGRAPH,EUNICE,ENDLESSLY,EXAGGERATES,ENJOYMENT,ECHOING
EITHER,EXITED,ELECTROPHORUS,EXPANDS,EVIL,ENCIPHERING,ENCYCLOPEDIAS,ELI,ELEGANTLY,EXILING
ELOPE,EXEMPTING,EXCEED,EXCLAIMERS,EXTRAVAGANCE,EXISTING,EXECUTIONER,EXPLOITABLE,EXTREMES,EYEING
ENCUMBER,EVENTUAL,EXTREMAL,ELIZABETH,EIRE,EXCRETE,ELITE,EMPIRICAL,EMBEDDING,EKES
ENVELOPED,EJECTED,EXEMPTED,EXTORT,ERRAND,ELECTROCUTES,EQUALIZED,ELECTRICALNESS,EXASPERATES,EXPIRED
EYESIGHT,EMPTINESS,EDMONDS,ELITIST,ELECTRICITY,ELABORATIONS,EASTHAMPTON,EMPIRE,EXCEPTS,ENFORCED
EXECUTIVE,ELEVENTH,EMBRACED,EDUARDO,ECLIPSES,EXEMPTS,EMANCIPATE,EMBELLISHING,ELUCIDATED,EFFECTORS
EMOTIONAL,EXTEMPORANEOUS,EXTRACTOR,ENCOURAGED,EGYPTIANIZATION,ELINOR,ESSAY,ENERGIES,ESSAYED,EVOKING
ENGELS,ELISHA,ENCAPSULATES,EXACTING,EARED,EXAGGERATING,EXCEED,EMBARK,EDGAR,EXTENUATED
EXTENT,EXODUS,EXASPERATE,ELIMINATOR,EKSTROM,EMERGING,ENTRANCED,EPISCOPALIANIZES,EXTRA,EXPLOITING
ENUMERABLE,EVICTIONS,ECCENTRICITY,ENABLER,EXACERBATES,ELEVATOR,EVENTUALLY,EARTHLY,ELICITED,ERASES
EXPIRATIONS,ENCUMBERS,ENCUMBER,EXTRINSIC,EMMANUEL,EDUCATING,EXETER,EXCLUSIONS,EARSPLITTING,ERRATA
ELLIPSES,EUPHORIC,EXISTENTIALLY,EXPERTS,ERECT,EXTRAPOLATE,EXCHANGEABLE,ENHANCES,ENCIPHERING,EQUIPPED
ESTIMATE,ENGROSS,EXPLAINER,ENGAGED,ENMITY,ESCALATE,EXPEDIENCY,ENCRUST,EMITTER,EPSILON
EXTERMINATING,ELDEST,ENTERPRISES,ELICITING,EQUIVOCALLY,ENVELOPE,EIGHTIES,EFFICIENCY,EVIDENTLY,EFFICIENT
EXCAVATES,ERASE,EQUIVOCAL,ENTERTAININGLY,ENTIRE,EXAMINING,EUROPEANIZED,EXODUS,EUROPEAN,EILEEN
ERIKSON,EARMARK,EELGRASS,ENJOYING,ENLARGE,EXCOMMUNICATING,ELECTRICAL,EPITOMIZED,ENCHANTMENT,EMERGENCE
EXPERIMENTED,EXPONENTIALS,EMACIATE,EXECUTIONER,EDITORIALLY,ENFORCERS,EQUALED,ELEVATION,ELECTION,EQUALING
EXTREMAL,EATS,ESTIMATIONS,EDITH,EJACULATES,ENJOINING,EERILY,EXPRESSIVELY,EFFECTING,EMIGRATING
ELIGIBLE,EURASIAN,EMANCIPATE,EXPLOSIONS,EMBRACING,ELEMENT,EXCRETES,ERADICATE,ENDOW,ELTON
ELIOT,EXPERT,EVENSEN,EQUIDISTANT,EXTREMITY,EMBELLISHMENTS,EXPONENTIAL,EXAMINES,EURASIA,EQUALED
EXIT,ENSURE,EXAMPLES,ELEPHANT,EXERCISED,ENCHANTS,ENFORCED,ENSEMBLES,EMMA,EXACERBATIONS
EPISCOPALIANIZE,ERMINES,EXCITINGLY,EXETER,EXPELLING,EPISODES,EGOCENTRIC,EXPLAINED,EXPERIMENT,EMBASSY
ELIMINATE,ENEMAS,EMBARGOES,ENNUI,ELECTRIFYING,EQUILATERAL,EVALUATIVE,EDISON,ENVIED,EDDY
EQUALIZES,ELEMENTS,ERUPTION,EVENINGS,EIGENVALUES,ELUCIDATE,EXPOSITION,ESCAPE,ENCIPHER,EXACERBATES
EXAMINES,EXEMPLIFY,EUTERPE,ERNST,EFFORTS,EMPLOYED,EMIGRATE,ELECTROMECHANICAL,ENSURERS,ELYSEES
EJACULATIONS,EVALUATED,EFFIGY,EXPEDITION,ENDURABLY,ERRONEOUSLY,EROTIC,EXEMPLARY,ESCORTED,EJECTED
EYEGLASS,EXEMPTED,ERECTING,EVENINGS,ECONOMIZING,EMPIRICAL,ERMINE,EXECUTES,EDWARDS,EVANSVILLE
EURASIA,ERASES,ELLIOTT,EAST,EXECUTED,ECCLESIASTICAL,EGO,EXCUSES,ELIJAH,EXASPERATING
EMERSON,EVENTUALITIES,ENTRUST,ENGENDER,EXPLORERS,EXPOUNDED,ELIZABETHANIZES,EXPIRATION,EIGHTFOLD,ENOUGH
EMPLOYING,EMERGENCY,ESPOUSES,ELECTROCARDIOGRAPH,ELEMENTARY,EFFECTED,EUPHRATES,ELSIE,EATINGS,ENGAGEMENT
ELASTICALLY,EXCHANGING,EXCAVATED,EXUBERANCE,ENSURER,EXECUTIONS,ERRATIC,EXULTATION,EXPLANATIONS,EKED
EURIPIDES,EVIDENTLY,EARMARKINGS,EUROPEANIZATION,EUPHORIA,ESPOUSED,ENSURING,ELEPHANT,EXTENUATED,ENGRAVED
EDGAR,EMERALDS,EXCISE,EXCRETE,ENTHUSIASM,ERWIN,EYEGLASSES,EPICS,EXACTED,EILEEN
EELGRASS,EMPTIEST,EUTHANASIA,ESPRIT,EJACULATION,ENJOYABLY,EDWARDINE,EMBODIMENTS,EXPECTEDLY,ESCALATION
EXPRESSIVELY,EXCEED,EMPLOYED,ENCOMPASSES,ERRONEOUSNESS,EMBRACE,EMPOWERED,ENGAGE,EQUIDISTANT,ENDORSED
EXTENUATION,EMANATING,ELIGIBILITY,ENDOWMENTS,ENTRANCED,ENTAILS,EVAPORATION,ELLIPTICALLY,EMPHASIZE,EVENTFUL
ELITIST,ENVIRONS,ELLIPTICAL,EFFORTLESSNESS,ERASED,EXAMINES,EXTINCT,EXPOUNDING,ERNIE,ELEPHANTS
EXACTION,EXQUISITELY,ENCRYPTIONS,ERECTION,EMBARRASSED,EXACTIONS,EDGES,ENCOMPASSES,EXPENDITURES,EQUALIZES
EMERSON,EBBS,EXPRESSED,ENUMERABLE,EARNEST,EASTER,EXCUSES,ENGROSSED,ESQUIRE,EXALTS
EXACERBATES,ESTHER,ELEVATES,EMOTIONALLY,ENTIRETY,ENCLOSES,ENTERPRISES,EXECUTORS,ESTIMATION,END
ESSENCE,ENDEAVORS,EVALUATIONS,EXTREMAL,ENGAGEMENTS,EXPERIMENTALLY,EXTENSIBLE,EAGERNESS,EFFORT,ECHO
EXPRESSIBILITY,ELIZABETHANS,EISENHOWER,EXPLAINER,ENTITLES,EXTINGUISH,EHRLICH,EXHILARATE,ENVOYS,EMBRACES
ENGAGE,EXAMINE,EMPHASIS,EXACTLY,EVERGREEN,ELLIOT,EXQUISITE,EJACULATIONS,EXCELLENTLY,ENVOY
ELDER,ELECTRO,ECHO,ECONOMIC,ETERNAL,ESCHEWS,ELAPSING,EXCURSIONS,EXTORTION,ENCIRCLED
ENVELOPED,EMERGENCE,EUCLID,EXAMINER,ENCRYPTS,ENACTED,ESSEX,ENLIVENS,ENLISTED,EXPOSITION
EMOTIONALLY,EFFECTUATE,EQUILIBRIUMS,EQUATED,EXPOSERS,ELECTRODES,ELECTRON,ELECTROMAGNETIC,EMBEDDING,EXPECTINGLY
EMANATE,ENUNCIATION,EVICT,ENDLESSNESS,ERMINE,EMERGING,EXTINGUISHER,EXCELLENCE,EARMARKS,EXORBITANT
EARMARKED,ELECTRICAL,ELUDED,EXAGGERATION,ENCUMBER,EXTREMIST,EXPLOITING,EQUIPOISE,EQUATORS,ERASER
EARTHLING,ELSINORE,ECLECTIC,ENDOW,EAVESDROPPING,EXACTINGLY,EXTENSIONS,ELECTOR,EMPTY,EMPLOYMENTS
EYELIDS,EXCERPT,EXACTIONS,EXCLAIMED,EPITOMIZED,EXPOSES,EGYPTIANIZATION,EYEPIECES,EXTINGUISHER,ENGENDERING
EXCURSION,ENTIRELY,ENGEL,EXPECTANT,EXPORTING,EERILY,ENOUGH,EXPANSION,EXTRACTED,EDMONDS
ENCODES,EUGENIA,ETERNAL,ELECTING,EFFORT,ENCODERS,ETHERS,EXISTENTIAL,EAGLES,ENCIPHER
ENVIRON,EXECUTOR,EXEMPLIFICATION,EDGEWATER,EXCRETES,EXTENSIVE,ENABLED,ENDEAVOR,ENOS,EXPOSING
