MARCELLO,MARINO,MEMORIALS,MANAGERIAL,MOANS,MAE,MEMOIRS,MALAGASY,MAYORS,MIEN
MARTS,MILKERS,MYERS,METHUEN,MORAVIANIZED,MANDATORY,MARGINS,MONOGRAMS,MALADIES,MILLENNIUM
MITTEN,MOTIVATED,MOMENTARILY,MOTIONS,MATRONLY,MARBLES,MOLUCCAS,MODULATORS,MARCEAU,MODELINGS
MOSLEMS,MOUTON,MIMICKING,MOROCCO,MONTGOMERY,MEANINGFULNESS,MORATORIUM,MARTIAL,MIRAGE,MISSES
MANICURED,META,MANKIND,MEANINGFULNESS,MANIAC,MICROWORD,MATRIX,MEDICINAL,MASSACRE,MICROPORT
MANLEY,MOGADISHU,MASSIVE,MUTATING,MEET,MANDARIN,MONTY,MARIO,MILKING,MICROPORT
MEDITERRANEANIZE,MUFF,METHODIST,MULTICAST,MIDNIGHTS,MILLIPEDES,MEALTIME,MODULARIZE,MARGINALLY,MATHEWSON
MATCHINGS,MELBOURNE,MARCEL,MAURINE,MOVIES,MANTLES,MAHOGANY,MOMENTOUS,MAGUIRES,MARINA
MARKING,MINESWEEPER,MUSKRATS,MELON,MANAGEMENT,MANIPULATORY,MERGES,MEXICANS,MISHAP,MOONS
MOOSE,MARATHON,MAILABLE,MUTE,MAGAZINE,MINCES,MACEDON,MENDACIOUS,MORPHISMS,MONOTONICALLY
MODERN,MORGAN,MICROCOSM,MERCHANDISING,MIOCENE,MEALS,MOLLIE,MULES,MENDOZA,MOW
METROPOLIS,MISSPELLINGS,MANIC,MORTARED,MARKEDLY,MARCY,MINIATURE,MEANER,MENUS,MALAY
MODALITY,MAXWELLIAN,MONOLOGUE,MORALITIES,MUCH,MISS,MICROWAVE,MINISTRY,MUSICALS,MACED
MUNDT,MOUNTABLE,MONITORING,MCKINLEY,MEANINGLESSLY,MATHEMATICAL,MEIER,MUMBLERS,METABOLISM,MANUFACTURING
MINGLED,MASTERMIND,MEAD,MINISTRIES,MAYO,MORALITY,MARTYR,MACKENZIE,MOURNING,MICROPROGRAMMER
MALEFACTORS,MONROE,MYRTLE,MCMULLEN,MUNG,MINDING,MISTRUSTED,MIDSHIPMAN,MONICA,MUSIC
MOUND,MUTILATES,MACAULAYAN,MENOMINEE,METROPOLITAN,METAPHYSICALLY,MUTINIES,MUHAMMAD,MILTONIZES,MARTEN
MULTILAYER,MELPOMENE,MULTI,MAJORED,MORGAN,MEDALS,MUSK,MORTALITY,MCELROY,MATRONLY
MUTATION,MOOD,MASTODON,MUCUS,MINDS,MISGUIDED,MEMORABLENESS,MATCHINGS,METALS,MASSES
MANEUVER,MAGNESIUM,MARVELS,MULTIPLEXED,MONTENEGRIN,MINIATURIZED,MOUND,MACROECONOMICS,MORALE,MOVING
MARXISMS,MINUTER,MILEAGE,METHODISTS,MONOGRAPHES,MENIALS,MOLECULES,MITTEN,MORPHOLOGICAL,MARES
MELODIOUSLY,MASQUERADES,MAGNIFICATION,MARMALADE,MULTIPROCESS,MOVIES,MANEUVERING,MISDEMEANORS,METHODOLOGICALLY,MONGOLIAN
MONDAY,MORES,MALRAUX,MEMORIZING,MODIFIABILITY,MALAMUD,MONTANA,MUSKETS,MANAGING,MARCEAU
MULTILAYERED,MEASURED,MUTTERING,MINERAL,MARGINAL,MINOTAUR,MAYO,MONICA,MCDONALD,MASTERED
MAZDA,MEDALLION,MICRO,MARSH,MAGNIFICENTLY,MENDELIAN,MODERNIZE,MISSION,MORTICIAN,MARMALADE
MONOPROGRAMMING,MILDNESS,MINGLES,MAGNOLIA,MATURITIES,MARYLANDERS,MELAMPUS,MILLIKAN,MUNITIONS,MORTIFIED
MONTRACHET,MCKESSON,MILWAUKEE,MITIGATION,MICROWORDS,MEMORIAL,MEDIUM,MATCHED,MANEUVERED,MICE
MIEN,MINIMIZER,MICHELANGELO,MCADAM,MURDERS,MERCEDES,MELLOW,MAIDENS,MIKOYAN,MAGICIAN
MATED,MULTIPROCESSOR,MOUSETRAP,METRICS,MERRILY,MOTHERERS,MINIATURIZES,MUTINIES,MAC,MEXICANIZE
MORTARING,MEEKLY,MOVING,MET,MINIMA,METALLURGY,MISSOURI,MODULATOR,MIGHTILY,MUTINY
MOGADISHU,MAINTENANCE,MANCHURIA,MILQUETOASTS,MONKS,MAMMA,MAHONEY,MAST,MIDDLEBURY,MONETARISM
MISHAP,MAHARASHTRA,MICKY,MOVES,MEMORYLESS,MARKOVITZ,MEEKNESS,MINNEAPOLIS,MONT,MOORE
MOTIFS,MCGOVERN,MUTUALLY,MARGIN,MODELINGS,MATE,MONSTROSITY,MOISTLY,MORNINGS,MORAL
MUSTER,MARIONETTE,MEASURING,MAUSOLEUM,MISSHAPEN,MERITED,MORBIDLY,MINDFULNESS,MISSPELLING,MILAN
MEDFORD,MULTIPLICATIVE,MUSTER,MATTRESS,MATRICULATION,MISLEADS,MULTIMEDIA,MANIFESTS,MICROPHONES,METEORITE
MATCHERS,MORAVIAN,MEMBERSHIPS,MOTORING,MUCKER,MOTIF,MICROCODES,MICROSCOPE,MACH,MOTHBALL
MEMOS,MOTORCARS,MATTERS,MILTONIAN,MISNOMER,MCNULTY,MARJORIE,MODESTY,MOHAMMEDANISM,MERCILESSLY
MELINDA,MODULATED,MONOGAMY,MICROFILM,MOTIVATING,MANORS,MOONLIT,MONOGAMOUS,MALI,MELODRAMA
MICROARCHITECTURES,MURDERS,MAILMEN,MASSACHUSETTS,MARGINAL,MUSEUMS,MUSE,MINUTEMAN,MCGREGOR,MARRY
MENS,MAELSTROM,MEANDERED,METICULOUSLY,MARCHING,MEDIATION,MELINDA,MODALLY,MILTONIAN,MONITORED
