WANDERED,WAKEFIELD,WILLIS,WRESTLINGS,WICKER,WITHDRAWN,WHIZZING,WESTMINSTER,WAIVERABLE,WEISSMAN
WHISTLED,WILLED,WIN,WINDMILL,WYLIE,WINING,WAKEUP,WILDLY,WITHHELD,WILHELMINA
WIRES,WRAPPINGS,WEEP,WESTERNERS,WARRIOR,WERE,WHOLEHEARTED,WILMA,WAUNONA,WEISSMULLER
WESTHAMPTON,WONDER,WARNER,WEAPON,WILLIS,WEAVER,WIPE,WOOL,WADER,WART
WHOEVER,WIELDER,WEISENHEIMER,WANDERINGS,WHITENING,WARSHIP,WORKED,WORKSPACE,WOVEN,WORKING
WAND,WILMETTE,WATERPROOFING,WHITES,WATERY,WOOS,WIRY,WAITING,WASTE,WARY
WRIGLEY,WARFIELD,WERE,WOODWARDS,WAFT,WEATHERING,WEATHERED,WITHOUT,WARDROBES,WHALER
WESTPORT,WHALEN,WIDOWER,WAHL,WILMETTE,WIDTH,WALFORD,WARDER,WEDDED,WINNIPEG
WALLET,WHOOPING,WOONSOCKET,WORCESTER,WESTWARD,WINDSOR,WHITMANIZES,WEARILY,WATCH,WRETCHES
WEINBERG,WOODBURY,WORTHS,WRIGLEY,WINNIE,WARBLES,WHITMANIZE,WORKSHOPS,WORMING,WARRIORS
WHIPPER,WEALTHIEST,WOLVES,WHITELY,WILES,WHIMPER,WHAT,WORKBOOKS,WORKER,WERE
WORLDLINESS,WOODCHUCKS,WRINKLES,WEAN,WINDMILLS,WALDENSIAN,WARSHIPS,WALTER,WAIVED,WHEATLAND
WORKBENCHES,WINOGRAD,WAUSAU,WHISPERS,WARES,WHIRLING,WHITE,WARDS,WALLER,WESTFIELD
WOOS,WAKEN,WETTED,WINDSOR,WAGERS,WRECKED,WATERS,WILLCOX,WHITENS,WAIVER
WING,WAFFLE,WANTING,WINNER,WREATH,WHIMPERED,WOVE,WRIT,WINCES,WISDOMS
WALBRIDGE,WAYNESBORO,WHITTAKER,WHITCOMB,WEAR,WRATH,WAVELAND,WHEELINGS,WINNETKA,WESLEYAN
WEAKNESS,WAGNERIZES,WHITTAKER,WHIZ,WILLIES,WISPS,WARMING,WHIRR,WIDENED,WOODENNESS
WOMAN,WALTZING,WINES,WREAK,WISDOM,WEARER,WHEELS,WINDOWS,WALDENSIAN,WAIT
WRESTLINGS,WARRIORS,WHEELINGS,WRENCHES,WOODBURY,WILHELM,WORKSPACE,WHAT,WRECKED,WREAKS
WEDLOCK,WELLESLEY,WALKED,WAXES,WISH,WONDER,WRETCHEDNESS,WATCHER,WIDENER,WHITESPACE
WRIGGLER,WIDTH,WHEELER,WEDS,WARNOCK,WRONGLY,WHITAKER,WORKHORSES,WATERWAYS,WOODLAWN
WHOOPS,WETTING,WHITTIER,WOODCOCKS,WEPT,WINKED,WEEKS,WASHINGS,WINTHROP,WELMERS
WOMAN,WARNS,WRIGGLES,WAITRESS,WHITEHALL,WALTER,WORLDLINESS,WARS,WINNING,WISER
WRAPPING,WILLIAMSON,WORTHLESSNESS,WARDENS,WHIPPLE,WATERMAN,WAXER,WORE,WHIMPERS,WELFARE
WARBLE,WEALTHIEST,WHIZZING,WRINKLES,WILDEST,WASHINGS,WHALES,WAVELENGTHS,WHOLLY,WHACKS
WAXES,WHATLEY,WILHELM,WORSHIPS,WIELAND,WARDER,WEDGED,WONDROUS,WETTER,WAN
WHITEHALL,WEIGH,WRANGLED,WHACK,WEARYING,WINDER,WHITLOCK,WEATHERCOCKS,WORDY,WEISSMAN
WOOING,WEAKENED,WENT,WALLOWS,WRANGLE,WHOLLY,WATCHING,WEEKEND,WOMB,WEIRD
WATERING,WRETCHES,WISED,WRANGLED,WAILING,WATERED,WASTEFULLY,WORKABLY,WORRYING,WHOLESOMENESS
WAFT,WANDERINGS,WARMERS,WHISPERINGS,WHIPPLE,WARRANTIES,WASHER,WINDOWS,WARS,WHOOPED
WAKEUP,WRESTLINGS,WHATLEY,WATERGATE,WREN,WIELDER,WILE,WHISPERED,WOODED,WIRES
WORRIER,WILEY,WILLIAMSON,WHOLLY,WINTER,WISER,WAKE,WHENCE,WILFRED,WETNESS
WOODCOCK,WINDED,WRECKS,WAGNERIZES,WARDENS,WHISKER,WALGREEN,WHORES,WHIRLED,WAIVED
WEARISOME,WIRETAPPERS,WARPED,WILLCOX,WHIRL,WHIPPLE,WILFRED,WEARY,WINKED,WILDEST
WHERE,WEED,WASTING,WELLINGTON,WINNERS,WAGONER,WRITERS,WORKS,WEAVES,WINNIE
WITHERSPOON,WETTER,WHOLESOMENESS,WEDNESDAYS,WASH,WAITING,WARSHIP,WISENHEIMER,WIRELESS,WAGNER
WORRIER,WAGNERIZE,WYOMING,WELMERS,WILDLY,WHOLENESS,WHITER,WHIMSY,WITHDRAWN,WORKBOOKS
WOODPECKER,WELLED,WINES,WEEPING,WORK,WOMB,WHITELEY,WONDERMENT,WADES,WRONGS
WADER,WIND,WARRIOR,WOULD,WIPER,WANSLEY,WEARING,WATERS,WOOSTER,WRUNG
WAIVE,WATCHED,WALSH,WATCHWORDS,WALSH,WHIRLPOOL,WATERFALL,WROUGHT,WRINKLES,WEATHERFORD
WESTERNERS,WATERHOUSE,WINTRY,WHATSOEVER,WEEPER,WOOF,WAALS,WATKINS,WARPING,WYANDOTTE
WHIMSICAL,WETLY,WANT,WHITEHORSE,WRESTLE,WIRETAPPERS,WEIGHTS,WARSHIP,WAGONER,WAGES
WHACK,WASTE,WHOLENESS,WILES,WATTERSON,WITNESSING,WALES,WHELAN,WOOF,WIDGET
WILLAMETTE,WHALES,WOTAN,WHITER,WORRIED,WITTY,WOODCOCK,WREAKS,WARNING,WHITCOMB
WEINBERG,WREATH,WEAK,WHITEWASHED,WEEDS,WIDOWER,WIDOWED,WHORES,WINDOW,WISHING
WANES,WATER,WILDNESS,WEDGES,WOODARD,WIDOWER,WIRES,WREAKS,WIRING,WARE
WILD,WITHDRAWS,WRING,WEARY,WHITTLING,WHITCOMB,WIRINESS,WILEY,WAXEN,WITHDREW
WORTHLESSNESS,WILTING,WILHELM,WATSON,WATSON,WRITES,WINTRY,WALTZING,WESTPORT,WINDOWS
WACO,WAITE,WITHHOLDINGS,WHISPERED,WONDERING,WEDDING,WELCOMING,WHIZZED,WESTHAMPTON,WHITENING
WATERING,WAIT,WOOD,WHISPERS,WORKMEN,WHISK,WINEHEAD,WRUNG,WOMANHOOD,WAKES
WHEATON,WOVEN,WATCHWORD,WINGS,WITHER,WHISPERED,WRISTWATCHES,WASHED,WATER,WISDOM
WHISKED,WHIZZING,WILMETTE,WHISPER,WARRED,WATCHES,WINNETKA,WIGHTMAN,WARN,WRETCHEDNESS
WHISPERS,WEIBULL,WEARY,WETNESS,WILMINGTON,WRONG,WEIGHTY,WAVEFORM,WOODWORK,WITHAL
WARNINGLY,WHISPERED,WHITING,WILLOW,WORKED,WITHHOLDING,WHILE,WEHR,WYMAN,WALKS
WHIRL,WIRETAPPERS,WIDESPREAD,WAIVES,WARLIKE,WHINE,WREATHES,WAPATO,WATERHOUSE,WELLSVILLE
WHENCE,WEBSTER,WITHHOLDERS,WHIPPER,WITHIN,WINDY,WORKHORSES,WAIVING,WORKED,WATSON
WICKS,WARDEN,WORDED,WIER,WRITE,WESTBROOK,WEARYING,WARPING,WEEKENDS,WINING
WHITTLED,WINNETKA,WHOLENESS,WRANGLED,WRESTLE,WARN,WORDED,WILLY,WHIMSIES,WAFFLES
WANTS,WAXED,WORKABLY,WORSHIPER,WEARIED,WIELDED,WAPATO,WOMANHOOD,WILLCOX,WAREHOUSES
WRITERS,WEAR,WISE,WHOLENESS,WINTER,WAGING,WARDS,WARMTH,WONDER,WRIGGLE
WHARTON,WATCHER,WOODCOCK,WHIPPING,WARDEN,WHICHEVER,WHIPPANY,WEAVES,WHEELER,WHIMS
WALWORTH,WESTMINSTER,WINDY,WICHITA,WATTENBERG,WHITENESS,WRISTS,WATCHING,WOOLLY,WILLIE
WINTERING,WICHITA,WITHDRAWS,WESLEY,WHISPERED,WORDILY,WRAPAROUND,WAIT,WASHOE,WIDE
WRONGING,WILKES,WHITEN,WEALTH,WOODPECKER,WEB,WESTHAMPTON,WHITENESS,WEARING,WETTEST
WOLVERTON,WANDERS,WYATT,WAGED,WITHHOLDINGS,WAKEUP,WORTHWHILENESS,WEARY,WERTHER,WINDOW
WINDSOR,WOODCHUCK,WEAK,WALLET,WHORLS,WIELDER,WILLIAMSON,WORRIES,WISER,WAYNESBORO
WROTE,WANG,WARRIORS,WORKLOAD,WARING,WHIRLWIND,WATCHFULLY,WISHED,WAVEFRONT,WAGERS
WATANABE,WOOLS,WORMS,WARRANTIES,WINSTON,WHOM,WORKSTATION,WOODED,WRISTWATCH,WANDERED
WIELDING,WRIT,WAFERS,WALCOTT,WIRING,WATCHFULNESS,WREN,WRENCHES,WENCHES,WAVED
