IMPERIALIST,IRREPRODUCIBILITY,INDELIBLE,INCOMING,INITIATIONS,IMPENETRABILITY,IMPLORE,INTERVENES,INSTABILITIES,INTENDING
INTENDED,IRRITATES,ILLICIT,INFINITUM,INFUSING,IMMATURE,INVOCATION,INTERPROCESS,INDUCTION,IDIOCY
IMMENSE,INADEQUATELY,INEXPENSIVELY,INTENSIFYING,INDIGENOUSLY,INTIMATIONS,IDENTIFIERS,INSTRUMENTALISTS,INESCAPABLY,INTRACTABLE
IMPROVES,INFIDELITY,IRANIANS,INCLOSE,INSTITUTIONALIZED,ISABEL,IRE,IMPERTINENT,INSULATOR,INVOICES
INCAPABLE,INSTRUCTOR,IMP,INSTANTIATION,INTERRELATES,IMPROVES,IMMOVABILITY,INVALIDATIONS,INTEREST,INCLUSION
INDUSTRIALIZED,ILONA,IRREPRODUCIBLE,INDIANS,INVENTIVELY,IFNI,INVERTED,INSPIRATION,INSIGNIFICANT,INDEPENDENTLY
INTERIORS,INTRACTABLY,INVERNESS,INTERPOLATED,INCLUDED,IMPROPER,INTELLIGIBLE,IMPERMANENCE,INDIGENOUSLY,ISRAEL
INCUBATING,IMBECILE,INCLUDE,INTENTIONALLY,INSTANTS,INTIMATE,INFERTILE,INDELIBLE,INDOCTRINATES,INTENSIFY
INQUIRY,INEXPENSIVELY,ISLAMIZATIONS,INTRASTATE,IMPEDE,INDULGED,INDIGENOUSNESS,IRRESPONSIBLY,IMPLICIT,INTERFERING
INQUIRER,INFLUENTIALLY,IRRITANT,ICOSAHEDRON,ISAAC,INCONCEIVABLE,INFESTED,INQUISITIVE,INCURSION,ISSUE
IMPLICATING,INTRANSIGENT,INTANGIBLES,INSINUATE,INFERIOR,INFECTIOUS,INDULGING,IMPRESSIONIST,INTERPOSING,IRRESPECTIVE
INTERSPERSED,INKERS,IMPERIALIST,ISRAELITIZE,INADEQUATE,INCIPIENT,INTERRUPTION,INDISPENSABLE,ILLUMINATES,ILLINOIS
INEXPLICABLE,INVITATIONS,IMPROVES,INSECT,INCONGRUOUS,ITALIANIZATIONS,INDUCE,INSOLVABLE,IMPROVISERS,INDENTATION
INTERFEROMETER,INTERFACER,INEFFICIENCIES,INSTRUCTING,INWARDS,IMAGING,INSINUATE,INSIST,INDIFFERENT,INTERFEROMETRIC
INHABITANT,INDESCRIBABLE,INTESTATE,INFORMED,IMPUDENTLY,INDUCTION,IMPERSONATIONS,ITCH,INVITES,INFRARED
IMPETUOUS,INNINGS,INFIRM,INCREMENT,IMPRESSIONISTIC,IMPRISONED,IONICIZATION,INSPIRE,IMPERMEABLE,INKERS
ISLET,INBOARD,INTERPRETERS,INTERLACE,INTERACTION,IDEOLOGICALLY,INTERRELATE,INSTALLATIONS,IMPRESSED,INTERPLAY
IMMEDIACY,INVESTING,INSPIRES,INVISIBLY,IDEALISTIC,INVALIDATE,INVESTED,INESTIMABLE,ILLUSORY,INDOORS
INSTINCTIVE,INQUEST,INCLUSIVE,INHIBITIONS,INVOKES,IRATENESS,INVOKES,INTERRUPTS,IMPRISONMENT,IMPEACHMENT
ISLANDS,INCUBATED,INFUSES,INCLUSIVE,INTUBATES,IMPRESSING,INDUCTORS,INTELLECT,INHIBITION,INDUCTORS
INITIALIZER,INSTITUTIONALIZED,INHERITRIX,INVARIANT,INEVITABILITIES,INQUISITION,INCREDIBLY,IDIOM,INCOMPETENTS,INFORMS
INDUCE,IMAGINARY,ITSELF,IMPATIENCE,INVESTS,INADVERTENTLY,ITEMIZATION,INDUSTRIALS,IMPLICITNESS,IOTA
INQUEST,INTERDEPENDENT,INFRINGING,INFUSES,ISLANDERS,INCLUDED,INGENUITY,INSTRUMENTATION,INQUISITIVELY,INTERVIEWER
INHERITOR,INTERIM,INDIVIDUAL,IMPRISONMENTS,IRVING,INTERPOL,IMPAIRS,IMBALANCES,IRRIGATING,INDEFINITENESS
INTERSECT,INDIVIDUAL,ILLUMINATED,INNINGS,ITALICIZE,IMPLANTING,INTERLEAVE,INSPECTION,ILLUSTRIOUS,ITALICS
INSTANTER,IDIOSYNCRATIC,INEXACT,IMPERFECTIONS,INHERITS,INCREMENTS,IMPERFECTION,INDUCTORS,IRRIGATES,INGENUITY
INEQUALITIES,INDUCTING,INTEGRATING,INFLEXIBILITY,INDENTURE,IMPRESS,INTERIORS,IRRIGATION,INTERACTIVITY,INTERDATA
INDEFINITENESS,INVESTS,INJECT,INJECTS,INDICATED,INTERMINGLES,IMPARTIALLY,IMPOSSIBILITY,INTUITIONS,IRRADIATE
IMPLANTS,INCONSIDERATE,IMPUTE,INSPECT,INVOICED,INDUCTED,IGNORANCE,INSUPERABLE,IMPOSITION,INAPPROACHABLE
IMPLICATES,IBERIAN,INFANTRY,INTERFERED,INDEFATIGABLE,INDICATED,INCENSE,IMPLORE,INASMUCH,IMAGINABLE
INEFFECTIVELY,IMPOSSIBILITY,INTERLACING,INNOCUOUS,INDIANAPOLIS,INVADE,IGNORANTLY,INSECURE,IMMACULATE,INFILTRATE
ICEBERG,IMPETUS,INTROSPECTIONS,IRISHMEN,INTERRELATE,INFERENCES,INFRINGEMENTS,ITHACAN,INCEPTION,INSIGNIFICANT
IMPOSES,IMPART,ITHACAN,INTERCHANGED,IRKSOME,INSPIRED,IDEMPOTENT,INFORMALITY,IRREPLACEABLE,INVOLUNTARY
INCOMPATIBILITIES,INVITES,INSTITUTIONS,IMPURE,INTRUSION,INEFFICIENCIES,INHOMOGENEITY,IMPOSITIONS,INDUCTANCES,IMPLICATING
IMPOSSIBILITIES,INTROSPECT,INDULGED,ITEMIZE,IGNORANCE,INDISTINCT,INSTALLERS,INDISTINCT,INFRINGES,IRREGULARS
INTERMISSION,INDULGENCE,INTOXICATION,IMMOVABLE,IMITATED,INTELLIGENT,ISLET,ITEMIZE,INMATES,INDIES
INTELLIGIBILITY,IMPRISONING,INSTALLING,INTENSIFIERS,INDIGO,INCORRECTNESS,INTELLIGENT,ISSUER,INHABITS,INDOOR
INTERROGATIONS,INFATUATE,INSIGNIFICANT,IMPROVING,INFRINGED,INDISCRIMINATELY,IMPETUOUSLY,IRWIN,INCENSE,ISTHMUS
INDICT,ISIS,IMPOSSIBILITY,INTERNATIONALITY,INSURERS,IDEOLOGY,INDUBITABLE,INFORMATION,INCENDIARIES,INSIGNIFICANT
INTRACTABLY,INQUISITIONS,INTRODUCTORY,INTERPOL,INVARIABLY,INDEMNITY,IRRESPECTIVELY,INDUCING,INFESTS,IMPROVISE
IMPORTANCE,INDICATING,INFAMY,INCURSION,IRANIZES,INTRAVENOUS,ILLUSTRATOR,INOPERABLE,IMPARTIAL,INVOICES
INVESTING,INDEBTEDNESS,INDUSTRIALLY,INACCURACY,IMPOLITE,INGESTION,IMPRESSER,INFAMOUS,INCEST,INTERSPERSED
INCANTATION,INLAID,INHUMAN,INFRARED,IRREFLEXIVE,INADEQUACY,INSPIRING,INOPERABLE,INTERNED,INNING
INDISTINGUISHABLE,IGNOMINIOUS,INTENDING,INTERPRETABLE,INDICATED,INSTANTIATIONS,INHERITRIX,INFERNAL,INTOLERABLY,INSULTING
IRRESPECTIVELY,INSTRUCTS,INHIBITED,INVEST,ISAAC,IONICIZATION,IRKING,IMPRACTICABLE,ITEMIZE,INSTALLATION
IMPAIRS,ISRAELITIZES,INSTRUMENTALS,INVECTIVE,INERTNESS,ISING,INADEQUATELY,IRKSOME,INTERMISSION,IMPRECISELY
IMPOLITE,IMPENETRABILITY,INANNA,INTERPOLATING,ILLUSTRATIVELY,IRRIGATED,INSTEAD,INCOMPREHENSION,INOCULATE,INCREDIBLE
INDIVIDUAL,INTERPOLATION,INROADS,INSTIGATING,INFUSE,INDETERMINACIES,INTERIOR,IRK,INTESTINES,INDOORS
IMPLANT,INCENTIVES,ILLNESSES,INACTIVE,INDEXES,INSTALLATION,INCENSE,IDLEST,IMPRESSING,IDENTIFIABLE
INTUITION,INFUSED,IGNORE,INSULIN,INTERCONNECTING,INCLUDING,INSTANTS,INTRANSITIVE,INSANELY,INSIDER
INDUSTRIALISTS,INVOLUNTARY,INTERPOSE,INTERESTED,INTERLEAVED,IMBECILE,INDIA,IMPASSIVE,INDOCTRINATING,INVISIBLY
INTERCHANGE,INEFFECTIVELY,INCOMPATIBILITY,INVASIONS,INTERNATIONAL,INTERRUPT,INEVITABILITY,INFAMOUS,INDUCER,INVESTIGATED
INFESTS,INTERCHANGEABLY,IMAGINES,INSECURELY,INGENUOUS,ILONA,IRRECOVERABLE,INTERESTING,INFREQUENT,INHERENT
INFLOW,INTERPRET,IRRESISTIBLE,INLAND,INCENDIARY,INDIVIDUALITY,INFECTING,INSECURELY,INDEXING,INSPECTOR
INSCRIBES,INHERITRIX,INTERPOLATIONS,IMPERFECTLY,INLAID,INVENTIVELY,INFLAMMATION,IMPRESSIONIST,INCONSIDERATENESS,INSTRUCTIONAL
INTROSPECTIONS,INTERDEPENDENCE,ICING,INIMITABLE,INTUITION,INDUSTRIALS,IMPRESSIONISTIC,ISOLATIONS,INTERCEPT,IMPERATIVE
INCONTROVERTIBLY,INSTITUTIONALIZES,ITALIANS,INVOKER,INTERCHANGED,INCLUDE,INVERTERS,INFRINGES,INJUSTICES,IBID
INTIMIDATING,IGNITE,INVESTORS,INDISCRETION,INFIDEL,INDICTMENTS,INTERNSHIP,INACCURACY,IONOSPHERE,INSPECTIONS
INSPIRED,IBEX,ISSUANCE,INSTANTANEOUSLY,INFANTRYMEN,INDIVISIBLE,INFLATES,INTERCONNECTS,IRRECONCILABLE,INDISCRIMINATELY
ITCHING,IMPLANTING,IDENTICALLY,IDLING,INSTITUTE,INSTABILITY,INTRUST,INDUCE,INVOLVING,INDECISION
INVOLVE,INGEST,IMPLEMENTORS,INLETS,INEXPENSIVELY,INTELLIGENTLY,INCORRECTNESS,INDUSTRIALLY,INKLING,INDIRECTIONS
INGENUOUS,IMITATIONS,INTERCONNECTED,INSTALLS,INTERDEPENDENCY,INEXORABLE,INVALIDATED,INITIATIVE,INVADERS,INVOKING
INHALER,INFRINGES,INTER,INTERESTED,INCLINES,ISAAC,INTROVERTED,IDEALIZATIONS,INJECTION,IMAGINATIVE
INGENUOUS,IMPRACTICALLY,ISOTOPE,IDENTITY,INDUSTRIAL,INROADS,INSUFFERABLE,IMMOVABLE,INSCRIBED,INVOICED
INTERSPERSED,IMPLEMENTORS,IRAQI,IMPLIES,INTERFERES,INVESTMENT,INTENSIFYING,IMMINENTLY,IMPLIED,INKS
INADVISABLE,IONICIZATION,INTERVIEWER,INCONSIDERATENESS,INFLUENCING,INEVITABILITIES,INTERMINABLE,INVOICED,IONIAN,INCONGRUOUS
ITEMIZED,INCREDULITY,INFRINGING,INSUPPORTABLE,IRONS,IRREPRODUCIBILITY,IMPERIAL,INWARDS,INTERRUPTIONS,IMAGINATIVELY
IMPOSSIBLE,INTERPRETERS,INTERPOSE,INJURIES,INFLICT,INMATES,ICES,INGENUOUS,INTERSPERSES,ISOMORPHISMS
INDUCTEE,IRONY,IMPOLITE,INTELLIGENTLY,INFECTS,INSTRUMENTAL,INITIATING,INVINCIBLE,IMPERCEPTIBLE,ILLUSTRATIVE
INESSENTIAL,INDECIPHERABLE,INSTIGATES,INTEND,INTELLECTUAL,INFARCT,INTERDEPENDENCIES,IMPLACABLE,INFIX,INSET
IMPOSSIBILITY,ILLUSTRATE,ILLS,ISRAELITIZE,INNS,INCISIVE,ICONOCLAST,INFREQUENT,INVERTEBRATES,INITIATORS
INSURERS,INSUBORDINATE,INSERTED,INSULAR,INVERTER,ILYUSHIN,INVESTIGATED,IMPLEMENTATION,INSOLVABLE,INSTRUCTIVE
INFERIORS,INTELLIGENT,IMITATION,INTERPOLATING,INTEGRATING,INCAPACITATE,IBN,IMPOTENCE,INTELLIGENTSIA,INJURES
INCREMENTER,INCANDESCENT,IGLOO,INSENSITIVELY,INTENSITIES,IMPOTENCE,INTUBATES,INGERSOLL,INSTANTIATION,INQUIRIES
INTENSIFIERS,INSPIRING,IMPERFECT,IMPERMANENT,INSOLENTLY,INDIVIDUALS,IRELAND,IRAQIS,IMPREGNATE,INSOLENTLY
INFERIOR,INTERCOMMUNICATING,ITEMIZED,IMPOSTOR,INKERS,INGENUITY,INVOCABLE,INDETERMINACY,INWARD,INTRICACY
INSTRUCTIONS,INDY,IDENTIFIABLY,IMITATES,IDEAL,INVOLVEMENT,INITIATOR,ISRAELITIZES,IDEAL,INEFFICIENTLY
INTEGRATED,INEQUITABLE,INDEMNITY,INTRAMUSCULAR,IMAGINARY,INSCRUTABLE,INFANTRYMEN,ISIS,IMPASSE,IMPARTIALLY
