DEPUTIES,DIRTY,DOMESTICALLY,DEFAULTS,DRAGONS,DEFIANCE,DYNAMO,DEDUCTIBLE,DAMPENS,DIAGNOSABLE
DELVING,DAZZLE,DESEGREGATE,DOUBLED,DISHES,DELIBERATORS,DISTRIBUTORS,DEBT,DESPERATE,DIMLY
DIAGNOSIS,DEMONSTRATIONS,DOCTRINAL,DUNG,DATAGRAMS,DUMPS,DEPORT,DRAWING,DRUNKEN,DIRECTIONAL
DETERMINISM,DISBANDS,DESYNCHRONIZE,DISPLEASED,DOLLIES,DISRUPT,DIAGNOSIS,DANVILLE,DISCONNECT,DATUM
DISSENT,DURRELL,DESPOTIC,DWELT,DES,DISPLEASE,DEBRIEF,DESIGNATORS,DANGEROUSLY,DULLING
DEBAUCH,DRESSMAKERS,DEAF,DOWNFALL,DEPENDENTS,DISTORTION,DECLARED,DESIRE,DECATHLON,DISPROVE
DRIFTERS,DELIGHTS,DISRUPT,DEVIATING,DISENGAGES,DIARY,DOWNPLAYED,DOORKEEPER,DILLON,DEPOSITIONS
DUMBNESS,DISKETTE,DESOLATELY,DELIGHTFULLY,DEVICE,DOCUMENTERS,DELEGATE,DIVINE,DISPERSIONS,DORTMUND
DEATHLY,DRAPES,DEDUCE,DIAGNOSTIC,DISOBEY,DISMOUNTED,DESERTING,DISCHARGING,DROPLET,DETERMINANT
DEBORAH,DECLINERS,DETERMINABLE,DISCONTINUED,DOGGING,DRUDGERY,DEPRECIATES,DMITRI,DAZZLE,DAKOTA
DEEDS,DAUNTLESS,DRILLED,DANA,DREAMY,DROUGHT,DEMORALIZE,DROOPING,DEDUCED,DEFICIENT
DEVASTATION,DRINK,DOWEL,DESTROYS,DELIMIT,DELETIONS,DELPHINUS,DISCREPANCIES,DIAGRAMS,DURERS
DISMEMBERMENT,DRAWNNESS,DISHONOR,DARLENE,DECRYPT,DRAMATIC,DUDLEY,DEPOSITS,DECOUPLED,DEPENDING
DONKEYS,DISPLAY,DESPISING,DROWNINGS,DELIVERING,DESIGNATORS,DIALOGUES,DISPEL,DISTRACTS,DEEPEN
DIABETIC,DECAL,DISSOCIATING,DESTUFF,DEBASE,DISENTANGLE,DIAGRAMMING,DIETER,DONNYBROOK,DEFENESTRATING
DEMULTIPLEXED,DURKIN,DEKALB,DILOGARITHM,DAME,DIVERSIFYING,DIVISOR,DIALECTIC,DADAISTIC,DOUGLASS
DISPLAYING,DISPARITIES,DRAMATISTS,DEFLECT,DISABLERS,DYNAMICS,DEPLETION,DOMESTICALLY,DISHONORING,DISREGARDED
DANZIG,DISENGAGED,DURABILITIES,DIAL,DAMPING,DEEPENS,DESPERATE,DICTATED,DECOMPOSITION,DRUGGIST
DOCUMENTERS,DREAMING,DEMOUNTABLE,DIFFERERS,DRENCHING,DESPERATION,DISQUALIFYING,DAMPEN,DROP,DISPLEASED
DEPENDENCE,DUSTIN,DESTRUCTION,DRAGOONS,DIALED,DEVASTATE,DECREMENTS,DICTION,DILEMMA,DISFIGURES
DECRYPT,DISLOCATION,DILATING,DUMBNESS,DAINTINESS,DEMORGAN,DEC,DOZED,DETECTED,DELHI
DARKEST,DREADS,DELIBERATOR,DECOMPOSITIONS,DEAREST,DEBASE,DRUNKENNESS,DISTRIBUTION,DOWNLINK,DISBANDS
DREARY,DIALS,DOGHOUSE,DIVERSE,DIVESTED,DECEITFUL,DISGRUNTLE,DIVERSIFIES,DREADED,DECORATE
DISCLOSES,DISSOLUTIONS,DELEGATE,DISCUSSIONS,DIVIDE,DISTORTED,DEVOTE,DEVOTEDLY,DEVOTE,DESTROYERS
DAYDREAM,DIMENSIONAL,DETERMINATE,DENTED,DOTE,DOOR,DIVE,DAUGHTERS,DIVINITIES,DISARMING
DIFFUSIONS,DISAPPEARED,DEPENDABLE,DOMINEER,DRAWN,DEDUCTED,DISFIGURES,DERAILED,DEPRESSED,DECENTRALIZATION
DIAMONDS,DICTIONARY,DISAPPEARING,DOMESTICATING,DEMANDED,DEGRADATIONS,DRILLING,DISCONNECTING,DRIVE,DISINGENUOUS
DICTION,DIVIDE,DISFIGURING,DYSTROPHY,DONECK,DISHONORABLE,DIAPERS,DELETING,DICTATIONS,DISTORT
DRAPES,DAKOTA,DESK,DARWINIZES,DIVANS,DISCORDANT,DAINTY,DELICIOUSLY,DICTIONARIES,DEDUCT
