YARDS,YARMOUTH,YOUNGEST,YARNS,YANKS,YOUTHES,YEARNINGS,YEAS,YOURSELF,YOUTHFULNESS
YOKOHAMA,YOUNGER,YARMOUTH,YUGOSLAVIA,YORICK,YOKES,YOUNGER,YOU,YEARS,YONKERS
YEARNED,YELLOWEST,YIELDING,YARMOUTH,YAUNDE,YANK,YARDS,YELLOWED,YEAST,YELLOWING
YELLOWEST,YEARLY,YANKS,YOKES,YESTERDAY,YEARNING,YATES,YARDSTICK,YOKES,YOUTHFULNESS
YUGOSLAVIA,YANK,YAWN,YODER,YATES,YOUTHES,YOKOHAMA,YELPS,YANKING,YONDER
YOUTHFUL,YONDER,YELLER,YIELDING,YORKTOWN,YELLOWKNIFE,YIELD,YOUTHES,YOURSELVES,YEARS
YARDSTICKS,YARN,YAOUNDE,YAOUNDE,YOUTHFULLY,YOST,YIELDING,YEATS,YOKOHAMA,YELLOWKNIFE
YOUNGSTERS,YALTA,YAOUNDE,YONKERS,YORK,YORKERS,YAUNDE,YEOMEN,YOKUTS,YEAR
YELLOWNESS,YALE,YEATS,YOUTHFULNESS,YANK,YORKERS,YARD,YOURSELVES,YELLOWEST,YELLOWKNIFE
YEAST,YANKS,YORKER,YOUNGSTOWN,YARDS,YELLOWED,YANKED,YOUNGLY,YARMOUTH,YORK
YELLOWEST,YOUNGSTER,YALIES,YARNS,YEARN,YAGI,YAUNDE,YARDS,YONKERS,YUH
YOURSELVES,YUBA,YEATS,YUCATAN,YARNS,YEAGER,YANKTON,YALTA,YET,YELLOWS
YUGOSLAV,YEAR,YEARNING,YELLOWS,YORKER,YELLING,YENTL,YUGOSLAVIAN,YPSILANTI,YEAGER
YOUNGLY,YEATS,YORKSHIRE,YAUNDE,YAOUNDE,YPSILANTI,YVES,YARNS,YEAST,YOUNG
YORKERS,YEARN,YAQUI,YAGI,YORKTOWN,YEOMAN,YOUTHFULNESS,YES,YEAGER,YELLOWING
YEARLY,YOKES,YELLOWS,YELLING,YOKUTS,YANKED,YIELDED,YIELDED,YIDDISH,YIDDISH
YEOMEN,YELLOWNESS,YES,YARDSTICK,YOKNAPATAWPHA,YATES,YUH,YOKNAPATAWPHA,YVES,YARDSTICKS
YARDSTICK,YARD,YORKER,YORICK,YELLOW,YOURSELVES,YUGOSLAVIANS,YESTERDAY,YEA,YELPS
YESTERDAY,YOSEMITE,YELL,YEARNED,YUKI,YUBA,YUKON,YELPS,YELLOWISH,YELLOWER
YAOUNDE,YEARLY,YUGOSLAV,YEOMAN,YUGOSLAVIAN,YAWNING,YEARN,YEAST,YANKING,YEMEN
YOKNAPATAWPHA,YELLOWED,YORKSHIRE,YEARN,YUGOSLAVIANS,YURI,YUBA,YEASTS,YANKED,YAWNER
YALIES,YELLOWS,YUGOSLAV,YANKED,YVES,YELL,YATES,YANK,YOURSELF,YANKS
YAWNER,YAWN,YARNS,YOST,YET,YVES,YELLOWKNIFE,YELLED,YEATS,YUGOSLAVIAN
YURI,YOKNAPATAWPHA,YIELD,YENTL,YORICK,YAWNING,YALE,YELLOWISH,YELLED,YOURSELF
YOU,YARDS,YON,YVETTE,YANKS,YUBA,YOKES,YONKERS,YAOUNDE,YEATS
YUGOSLAVIA,YORK,YOUTH,YOUTHES,YON,YELLOWNESS,YAQUI,YIELDED,YOUR,YOUTH
YANKED,YAUNDE,YOUR,YARDSTICK,YORICK,YIDDISH,YOKUTS,YIDDISH,YIELD,YELL
YELPS,YELPED,YARMOUTH,YELL,YELLOWS,YELLOWS,YANKING,YOUNGER,YOKES,YEARNED
YIELDS,YARD,YANKEE,YESTERDAYS,YAGI,YEAS,YELL,YARMOUTH,YATES,YAQUI
YUGOSLAVIAN,YORKER,YAWNER,YAWN,YANKTON,YATES,YOUNGER,YALTA,YIDDISH,YOUTHFULNESS
YEASTS,YPSILANTI,YOUNGSTER,YANKING,YOUNGER,YELLOWSTONE,YELP,YALE,YEA,YOSEMITE
YEARN,YVETTE,YANKEE,YAMAHA,YEATS,YOST,YORK,YELL,YIELD,YANKEE
YIELDS,YORKSHIRE,YUGOSLAVIA,YORKERS,YIELDED,YOST,YARN,YUGOSLAVIAN,YOURSELVES,YIELDING
YEARN,YUKI,YESTERDAYS,YPSILANTI,YENTL,YAWNING,YANKS,YEAST,YERKES,YUKI
YORKERS,YANKEES,YORKSHIRE,YUH,YEAGER,YUKI,YELLED,YOUTHFULLY,YELLER,YUGOSLAVIA
YAWNER,YEATS,YOUNGER,YEA,YERKES,YELLOWS,YIELDED,YORKER,YUH,YUCATAN
YUH,YALTA,YOKUTS,YEA,YUGOSLAVIAN,YEARNED,YOURS,YELLING,YARN,YELL
YOKNAPATAWPHA,YELLED,YEATS,YUGOSLAVIA,YEAR,YOKNAPATAWPHA,YALIES,YONDER,YOUTHFUL,YONKERS
YEARN,YANKS,YAWNING,YELLOWNESS,YUKI,YAWNER,YEA,YUKI,YON,YOUNG
