JAVELINS,JON,JESTER,JOANNA,JOHANNA,JIMMIE,JUSTINIAN,JUDAISM,JOLT,JUNIOR
JENNIE,JEANNIE,JENNIFER,JACOBSEN,JAMESON,JOLIET,JUBAL,JUKES,JOINING,JACKET
JOSEPHINE,JUNIORS,JOAQUIN,JOYFUL,JANUARY,JOURNALIZES,JUNCTURES,JOHNS,JEW,JANSENIST
JUST,JAYCEE,JUG,JUNO,JASON,JOINING,JONATHANIZATIONS,JENNIE,JAILING,JENNY
JOURNALIZES,JAUNTS,JAY,JUDGMENTS,JACOBIAN,JOULE,JOHANNA,JAZZ,JENNINGS,JUDY
JEWELRY,JUNKERS,JACOB,JAUNT,JACKKNIFE,JUNIORS,JUMP,JERK,JOIN,JEANNE
JOBS,JUPITER,JELLY,JOLTING,JOVANOVICH,JAZZY,JOCKEY,JOURNAL,JOYCE,JEWS
JACOBS,JAKE,JONATHANIZATION,JOKES,JUSTLY,JESUITIZES,JACOBINIZE,JERSEY,JACKY,JAUNDICE
JOLTING,JAVELIN,JEWELS,JARRED,JOYFUL,JEREMIAH,JEEP,JEWELRIES,JIGS,JITTERBUG
JIGSAW,JUDGMENTS,JINNY,JUTTING,JUDEA,JUNGIAN,JOKED,JADE,JUSTINE,JUPITER
JEWETT,JUNGIAN,JITTERBUG,JEOPARDIZE,JERSEYS,JAMMED,JAWS,JEW,JUDDERED,JEWELER
JABBED,JOSEPHINE,JERKY,JABBED,JARRINGLY,JACKETS,JACKET,JEW,JAILERS,JARRED
JACKPOT,JAILS,JEANNE,JOYS,JOINT,JUDD,JOURNALS,JEREMIAH,JESSY,JET
JESUITIZED,JUSTICE,JERES,JEOPARDY,JOURNALISTS,JED,JOURNALIZES,JANSEN,JUSTINE,JABLONSKY
JESTS,JAMESTOWN,JAUNTS,JOHANSON,JUBAL,JACOBITE,JAILED,JUMBLE,JUNE,JUDO
JONATHAN,JUMPERS,JAPANIZATION,JUDGED,JURISDICTIONS,JOKING,JURISDICTION,JUSTIFIERS,JUSTINIAN,JEWETT
JAWBONE,JURISDICTIONS,JUXTAPOSES,JUSTIFIABLE,JUSTIFIABLE,JARRINGLY,JOURNALIST,JORDAN,JAUNTY,JULIA
JUGOSLAVIA,JAYCEES,JIFFY,JOUSTS,JUGGLERS,JUSTIFIER,JOINED,JORGENSEN,JOURNALISTS,JOHANNA
JINGLING,JAPANESE,JONQUIL,JOLLA,JEFF,JONAS,JESTER,JERKING,JUGS,JIMMIE
JURE,JEWELS,JACKPOT,JORGE,JACKETS,JOVIAN,JAUNTS,JOIN,JUICE,JONESES
JAVELIN,JOAN,JOVIAL,JOINER,JUDD,JABBED,JOSEPHINE,JUNGLE,JUDEA,JESSE
JABBED,JUMBLE,JAUNTY,JEW,JACOBITE,JESTED,JOLTS,JOSEF,JULIO,JERKS
JIFFY,JELLO,JACOBITE,JEERS,JUGOSLAVIA,JEANNE,JAPAN,JEWISHNESS,JUMBO,JERRY
JUSTICES,JESSIE,JESSICA,JUSTIFIERS,JARRED,JONQUIL,JAPANESE,JUDGING,JIM,JOYOUSNESS
JOANNE,JANOS,JUMBO,JORGE,JOHNSTOWN,JUVENILE,JUSTIFYING,JANUS,JAILERS,JOYFULLY
JUSTIFIER,JOHANN,JANITOR,JOHNSTOWN,JOHANNES,JUDO,JACKPOT,JINGLING,JUSTICES,JARS
JORDAN,JEWISH,JANEIRO,JUDGED,JAILS,JUGOSLAVIA,JURAS,JESUIT,JURY,JUMBO
JEFFREY,JOAN,JUGGLERS,JUNCTIONS,JAPANIZATION,JESSE,JAMMING,JOURNEYED,JEFFERSONIANS,JODY
JESTED,JEAN,JOHANSEN,JUICIEST,JANITOR,JEWS,JAPAN,JEANNIE,JUDGED,JACOBSEN
JANUARY,JESUITIZES,JUDDERING,JUGOSLAVIA,JOURNALISTS,JESTER,JUSTIFIED,JUDEA,JAVELIN,JUNKY
JANSEN,JESTING,JOSEPHUS,JEWELRY,JANICE,JUSTNESS,JUNCTURE,JUSTIFYING,JANOS,JABBING
JASON,JOINTS,JESTED,JULIES,JESUITIZING,JUDEA,JAY,JACKMAN,JEEPS,JOLTS
JARS,JUDICIOUSLY,JERKED,JACOBY,JOUSTS,JARRING,JUSTIFICATIONS,JERKING,JANUS,JIMENEZ
JERKINESS,JAKE,JETS,JAILING,JEWELLED,JOYS,JORDANIAN,JUNIPER,JUICY,JACOBI
JUICES,JAMES,JOVE,JUT,JETTING,JEWELRIES,JEWS,JURY,JABS,JOSTLES
JOUST,JUSTLY,JOANNA,JUNKS,JEOPARDIZING,JUSTIFIER,JEWELL,JARRINGLY,JULES,JADED
JAKE,JEOPARDIZING,JESSE,JUDGED,JOHNSTOWN,JEFFERSONIANS,JESSICA,JANSEN,JORDAN,JAPANIZATIONS
JUBILEE,JUANITA,JUSTIFIABLE,JANSENIST,JERES,JEFFERSON,JELLYFISH,JUMPED,JUDICIARY,JUDDERED
JUGGLES,JAILER,JUDAS,JANUARIES,JENNY,JILL,JOURNEYMEN,JAZZ,JARRING,JORGENSEN
JOSEF,JEOPARDIZE,JETTED,JEREMY,JEWELL,JUSTICES,JOHN,JERRY,JUSTICE,JEANNE
JOURNALIZES,JAUNT,JUNKY,JOUSTS,JINGLED,JOEL,JED,JARVIN,JOURNALIZES,JOLTS
JEWETT,JEWISH,JOGGING,JAILERS,JUDGE,JASON,JUDEA,JUXTAPOSING,JUSTINIAN,JOURNALIZING
JUSTICE,JUSTIFIABLY,JESTED,JAW,JACKING,JINNY,JOSIAH,JERSEYS,JUANITA,JUDGES
JERRY,JOAQUIN,JOURNALIZES,JUNEAU,JUKES,JAMESON,JANSEN,JOSHUA,JULIAN,JAWBONE
JOTTING,JUNCTION,JIG,JAYCEE,JARVIN,JOURNALIST,JORGENSEN,JOKE,JUVENILES,JOKERS
JUSTICE,JOHNSTOWN,JUDGING,JOSEPH,JOG,JEWELL,JINGLED,JAUNTS,JUDAISM,JAVELINS
JOULE,JACQUES,JUMP,JOULE,JASON,JAMS,JEANNE,JACOBINIZE,JERKS,JAVELINS
JOKES,JOINS,JUSTIFIERS,JERSEY,JORGENSEN,JUSTIFIER,JOKING,JOHANSEN,JEST,JANUS
JAYCEE,JEFFERSON,JAVANESE,JEOPARDIZING,JUNG,JAR,JOSTLED,JASTROW,JACOBUS,JUNGLES
JULIUS,JUMBLES,JUDGING,JAKARTA,JAB,JEALOUS,JOCKSTRAP,JITTER,JUMBLES,JET
JUGGLERS,JAPANIZE,JEWISH,JOINT,JOUSTING,JERKING,JINNY,JOGS,JON,JOURNALISM
