QUICKEST,QUANTIFYING,QUADRILATERAL,QUARRY,QUARTS,QUEENS,QUAFF,QUASI,QUARRIES,QUEENLY
QUIVERS,QUARTERED,QUOTH,QUALIFICATIONS,QUANTUM,QUANTIZES,QUAIL,QUASI,QUESTION,QUADRENNIAL
QUOTED,QUOTATION,QUANTIFY,QUESTIONERS,QUELL,QUARTILE,QUENCH,QUICKENING,QUIP,QUA
QUAKERIZE,QUANTIFIERS,QUACKED,QUERY,QUICKENED,QUARTER,QUILTS,QUIZ,QUALIFIES,QUONSET
QUICKNESS,QUAKED,QUESTIONNAIRE,QUASI,QUICK,QUADRANTS,QUEZON,QUANTITATIVELY,QUEENSLAND,QUANTIFICATION
QUOTIENT,QUOTE,QUIVERS,QUASI,QUACKS,QUALITIES,QUASAR,QUADRATICS,QUARANTINING,QUANTIFIED
QUENCHING,QUADRATICAL,QUIETED,QUILTED,QUARK,QUARTERING,QUAHOG,QUANTITATIVE,QUAKERESS,QUARTZ
QUANTIFY,QUIZZICAL,QUILL,QUARANTINE,QUENCHES,QUINT,QUARTERS,QUARRELED,QUAINTLY,QUICKSAND
QUINCE,QUESTS,QUARTERBACK,QUONSET,QUAHOG,QUAVERS,QUANTIZE,QUESTS,QUART,QUALIFIED
QUIETS,QUITO,QUAKERIZE,QUICKIE,QUAKERIZATIONS,QUIETS,QUEUEING,QUADRILLION,QUART,QUANTIZED
QATAR,QUEUES,QUARREL,QUESTIONED,QUESTED,QUINN,QUOTA,QUIBBLE,QUANTITY,QUIET
QUARANTINING,QUARTERMASTER,QUANTILE,QUALIFYING,QUADRATICALLY,QUIXOTISM,QUENCHES,QUALIFY,QUENCHED,QUADRATIC
QUELLING,QUARTERLY,QUEERER,QUINTET,QUARTILE,QUARTERING,QUAKE,QUAINTLY,QUEBEC,QUIETUDE
QUAGMIRES,QUENCHES,QUIVERING,QUALITATIVE,QUALIFY,QUEEREST,QUICHUA,QUASHED,QUAD,QUADRENNIAL
QUICKENING,QUADRATURES,QUELLING,QUADRILATERAL,QUARTET,QUITTER,QUALIFIED,QUACKERY,QUADRATICAL,QUAVERED
QUADRATICAL,QUINT,QUESTED,QUANTITATIVELY,QUANTITATIVELY,QUESTIONING,QUADRANGULAR,QUARTERING,QUENCH,QUAKERIZE
QUANTITY,QUADRUPLES,QUEZON,QUIBBLE,QUANDARIES,QUIVER,QUADRILLION,QUIXOTE,QUELL,QUADRILATERAL
QUARRIES,QUORUM,QUAVER,QUASHING,QUARTERLY,QUIZZICAL,QUESTIONER,QUEUING,QUIET,QUORUM
QUOTATION,QUOTATION,QUIZZICAL,QUIVERS,QUICKLY,QUILT,QUOTAS,QUARTET,QUESTIONERS,QUAVERS
QUASAR,QUAKE,QUIETING,QUALM,QUICKLY,QUIVERING,QUITE,QUIETING,QUANTIZES,QUOTED
QUIETNESS,QUARRELING,QUADRUPLED,QUIXOTISM,QUIETED,QUORUM,QUANTILE,QUALIFIES,QUANTIFICATION,QUINTET
