OVERVIEW,ORDINARINESS,OJIBWA,OCEANIA,ORIGINATE,ORB,ORNERY,OBSERVATIONS,ORNAMENTATION,OBSERVANT
ORIENTALIZED,OCCASIONS,OVERLY,OCCUPANCY,OUCH,OVERHEAR,OUT,OTHERWORLDLY,OBVIATES,OPPRESSORS
OSCILLATED,OUTGREW,OBSTRUCTIONS,OPERAS,OBSTRUCTING,OUTLET,OVERSIGHTS,OLDNESS,OCCUPANTS,OPTIMIZER
OBSERVATORY,OPPOSABLE,OSMOTIC,OUTCRY,OBLIGINGLY,OUTLIVING,OMINOUS,OVERRIDDEN,OFF,OVERDRAFT
OILER,ONLOOKER,OATEN,OPTIMISTIC,OBSTRUCTED,OUTLOOK,OBSCURELY,OUTERMOST,OBSERVED,OFFICERS
OVERTHREW,OFFICE,ORCHIDS,OBTAIN,OMEN,OBSERVERS,ORNAMENTS,OFFENSIVENESS,OLDER,OCCURRENCE
OVERHEAR,OPTIMIZING,OVERTONE,OVERWRITING,OBSERVANCE,ONES,OPPOSITELY,OVERZEALOUS,OPPRESSES,OPERAS
ONTO,OAK,OFFENSIVELY,OBLIVIOUSLY,OLEANDER,OVERWHELMINGLY,OATS,ORGANIZATION,ONE,OUTLANDISH
OVERCOAT,OVERESTIMATING,OCCLUSION,ORTHODONTIST,OVERSTOCKS,OWLS,OFFENDER,OBJECTION,OWNS,OSMOTIC
OBOE,OVERTAKE,OUTWEIGHED,OBJECTS,OVERTAKER,ORIENTALS,OPPRESSORS,ORNAMENTAL,ORIGINATOR,OUTPERFORMS
ORGIES,OVERSHADOWING,OUTWEIGHING,ODE,OCCASIONINGS,OSBERT,OBLIGINGLY,OPTIONS,OPERA,ORIFICES
OPTING,OUTGROWN,OVERSHADOWING,ONIONS,OPTIMIZER,OLDUVAI,ORPHAN,OSCILLATE,OBVIOUSLY,OEDIPALLY
OUCH,ONSET,OVERLAYS,OMITS,ORWELL,OPENNESS,OPERATED,OVERTAKES,ORNAMENTAL,OFFENDER
ORLANDO,OVERVIEWS,OUTWITS,OBLIGINGLY,ONES,ORDAINING,OVERTAKES,ORIGINATES,ODIOUSLY,OATMEAL
OFFICERS,ORDINATES,OUTWITTING,ORTHOGONALITY,ORGANIZE,ORBIT,OBSCURED,OVERHAULING,OUTER,ORGANISMS
OUTPUTTING,OAK,ONLOOKER,ORIFICE,ORIENTALS,ORKNEY,OPAQUENESS,OUTSTANDINGLY,OCCUPATION,OVEREMPHASIS
ORIGINATES,ONGOING,OBSTRUCTION,ORATION,ORIGIN,OFFSHORE,OCCLUSION,OSCILLATED,OZARK,OBESE
OVERWRITES,ONLINE,OBSTINACY,OYSTERS,OFFSET,OARS,OFFSET,OBLIQUELY,OCCUPIES,ORIGINATE
OURS,OFFICIOUSNESS,OVERTHROW,ORDERS,ORCHESTRAS,OVERNIGHTERS,OPPRESSING,OBSOLETING,OAKLAND,OUTPUTTING
OFFENDED,ODERBERG,ORGASM,OPTIMUM,OBSERVATORY,OBSCURES,OCEANOGRAPHY,OBSESSION,OWES,OVERESTIMATION
OXIDIZE,OVERWRITES,OSCILLATING,OUTNUMBERED,ORGANIZED,OTTOMAN,OVEREMPHASIS,OOZE,ORIENTALIZATIONS,OPERATOR
OTTERS,OPPOSITES,OWING,ORESTEIA,OSGOOD,OUTBREAKS,ORATORY,OVEN,ORDERINGS,OREGON
OBSERVED,ORANGES,OPACITY,OMAHA,OVERWORK,ORCHIDS,OBVIATING,OPPENHEIMER,OLDENBURG,ORTHOGONALITY
OSMOSIS,OPPONENT,OUTCRY,ONEROUS,OUTSTANDINGLY,ORDERINGS,OLYMPIANIZES,OUTSKIRTS,ORBITALLY,OUTLIVED
OUTLINING,ORCHESTRA,OWNERSHIP,ORATORIES,OFFICIAL,ORLEANS,ODDEST,ORGANS,ODYSSEY,OFFICIOUS
OCCIPITAL,OPPOSED,OBJECTIVE,OWNERS,OPTIMIZING,OUTBURSTS,OTHERWISE,OCCIDENTALS,OVERHANGS,OUTLINING
OPPOSITELY,OPPOSES,ORDINARY,ORATORIES,OBSOLESCENT,OVERFLOWS,ORCHESTRAL,OBSOLETING,OBSCURING,OCEANS
ORIGINATED,ONGOING,OFFENSIVELY,OPPOSES,OXFORD,ORDINANCES,OVERPRINTED,OUTS,OUTGROWING,ODDEST
OCCURRED,OVERFLOWS,ONE,OUTSTANDING,OUTCOME,OBVIOUSLY,OBSERVED,ORNAMENTED,OCCURRED,OCONOMOWOC
OMAN,OUGHT,OUTLINING,ORNAMENTED,ORATION,OCCURS,OSIRIS,OUTWITTED,OAKS,OPERATING
ORIENT,OXIDIZE,ONESELF,OVERHEAR,OVERLOOKING,OCCASIONALLY,ORDINAL,OFFERING,ORIENTS,OUTLAST
OVERTIME,OVERTOOK,OCCASIONED,OVERSUBSCRIBED,OMINOUS,OVERSHADOW,OUTLAWING,OVERT,OSCILLATIONS,OVAL
OFFICERS,OBVIATING,OIL,OVERCOATS,OKAMOTO,OUTLOOK,ORB,OVERDRAFTS,ODOROUSLY,OPTIC
