LOIS,LOCATION,LEASING,LEARNER,LIEN,LEMMING,LIGGETT,LOOSES,LIKEN,LIMBS
LOWNESS,LACQUER,LAMBERT,LAUNDERINGS,LEGERS,LADYLIKE,LEWELLYN,LEGISLATING,LEATHER,LABORS
LAMENTATIONS,LIVER,LOCK,LINDY,LOCATE,LITERATURE,LACKS,LITERAL,LUSTINESS,LACERATED
LEARNED,LOUNGES,LUTHERANIZE,LUCIA,LENDER,LEFTOVER,LUFTWAFFE,LURE,LETTERHEAD,LARSON
LUCKS,LANGUISHING,LYNCHBURG,LOMBARDY,LIGHTED,LINDEN,LOCKOUT,LEGENDARY,LINCOLN,LEND
LINGER,LOPSIDED,LITTER,LAWFORD,LUCY,LUCKED,LATRINE,LOGISTIC,LASSES,LIBYA
LATROBE,LEANED,LITTLENESS,LOCUS,LIFELONG,LASTED,LOWELL,LLOYD,LEGENDS,LOCUST
LAMPS,LOFTS,LEW,LEFT,LAMENTS,LIVABLY,LUSCIOUSLY,LONDONIZES,LAISSEZ,LOTHARIO
LOVERS,LAMP,LIGHTING,LYRIC,LAVISHED,LUTHERANIZERS,LOINCLOTH,LAVISHLY,LAYOFFS,LIQUORS
LEAKING,LINED,LYRICS,LUXEMBURG,LABELLERS,LAWSUITS,LABELED,LANDSCAPING,LAUGHABLE,LOCOMOTIVE
LOATHED,LIVINGSTON,LICKING,LOOSENED,LEAKING,LAWGIVER,LOOTS,LINDHOLM,LEONE,LARGENESS
LIKENESSES,LOBE,LOOSES,LAUNCH,LITTERS,LIBRARY,LAMBDAS,LEFTWARD,LANCASTER,LINDBERG
LYNCHBURG,LEPROSY,LOGINS,LUSCIOUSLY,LAYERED,LICKING,LUCILLE,LINEARIZABLE,LOTTERY,LANCASHIRE
LEADINGS,LABRADOR,LANDINGS,LEASE,LOGISTIC,LUCID,LENGTHEN,LABELLER,LOWE,LOOMING
LIMPNESS,LIED,LETTERING,LOAVES,LIMOUSINE,LOGINS,LIFTING,LAPSE,LATER,LEOPARDS
LIONESSES,LANCES,LOGICIAN,LOOSELY,LOOTS,LATTIMER,LUXURIOUSLY,LOTHARIO,LEVELING,LIKELY
LAMBS,LOWLANDS,LAGOS,LEADED,LONDONIZATIONS,LEGISLATION,LISS,LUMP,LINERS,LISPING
LOWLANDS,LIKENESSES,LOADERS,LUMBERED,LATRINE,LIMAN,LEVELS,LUMBERED,LOIS,LEADER
LANDLORDS,LENTIL,LUSH,LINDEN,LIFESTYLES,LEMUEL,LIECHTENSTEIN,LEGITIMATE,LOWERING,LAMP
LAGOS,LOYAL,LEOPOLDVILLE,LITIGANT,LUCK,LETTERHEAD,LIEBERMAN,LENS,LOTS,LOVELIES
LACQUER,LIQUOR,LEVER,LOVELACE,LANDLORDS,LEMONS,LIGHTER,LYNCHER,LARGER,LIVERPUDLIAN
LABELLED,LEILA,LETTING,LIMOUSINE,LIMITED,LACKED,LUMP,LATTERLY,LETTUCE,LUSCIOUSLY
LYNXES,LIBERALIZING,LOUISIANA,LICK,LEVELLER,LEXICAL,LONELIER,LIVENESS,LONGINGS,LOANING
LARKS,LIFESPAN,LIGHTER,LENDER,LOIS,LOGAN,LAME,LAIRS,LIMITER,LOGICALLY
LITERATURES,LENIN,LINENS,LUCKIEST,LANDINGS,LEATHER,LIABLE,LENDER,LIBEL,LIMITABLY
LONDONIZE,LACQUERS,LIEU,LORDSHIP,LOWLY,LUKE,LARSEN,LOCKOUT,LACKAWANNA,LURKS
LAVOISIER,LANG,LIBERATES,LOUNGE,LISP,LOOSEN,LANGUIDNESS,LIBYA,LIVERPOOL,LAMBERT
LEAR,LECTURERS,LIBERATING,LIGHTERS,LOUVRE,LECTURE,LAWRENCE,LINEARIZABLE,LEYDEN,LIVERIED
LOUNGE,LEARNER,LEVELLEST,LILA,LITMUS,LEVIES,LIE,LITERALLY,LIFTED,LOOSENS
LOCALITIES,LUNCHEONS,LIBERTY,LEVERAGE,LOCOMOTIVES,LUXURIES,LONDONDERRY,LAWN,LEXICOGRAPHICALLY,LEATHER
LANCER,LIPSCHITZ,LORETTA,LEEUWENHOEK,LINDHOLM,LAYMEN,LAY,LORINDA,LARSEN,LINDBERG
LOKI,LUDLOW,LEXICON,LINUX,LAUNDROMAT,LOCKOUTS,LARRY,LONGS,LAVISH,LINKED
LURCHED,LECTURING,LACERATION,LESSEN,LOPEZ,LIBRARIANS,LUSTROUS,LUNAR,LADIES,LYMAN
LIEGE,LITIGANT,LEAVENWORTH,LAKEHURST,LANSING,LEAKY,LEWELLYN,LEVELLER,LOATHLY,LEMMAS
LINEARIZED,LIONESS,LEVELLY,LORD,LOCATING,LOITERED,LOOT,LEEWARD,LIND,LEVEL
LEFT,LOLA,LORDS,LOOKING,LOCI,LUMPS,LETTERHEAD,LEADED,LURES,LISTED
LASTING,LUXEMBURG,LOCUSTS,LEAPFROG,LEER,LUNCHES,LITIGIOUS,LOATHED,LOOP,LOOSENING
LITANY,LASHES,LYNCHER,LOSS,LEAVEN,LAYER,LENGTHENED,LARAMIE,LITTERED,LICENSED
LIMITS,LUNATIC,LAVA,LOVELIER,LAMENTING,LIGHTER,LIN,LOLA,LAMPORT,LONG
LINGER,LOVABLY,LITERALS,LEON,LICKED,LABRADOR,LASS,LENINISM,LOINCLOTH,LARGEST
LIBRARIANS,LINEN,LOWER,LOUNGING,LANDED,LAGOS,LENDING,LIEGE,LYRICS,LANDS
LOOKERS,LINGUISTIC,LUCKED,LEGALIZATION,LOINCLOTH,LAO,LAVISHING,LEAGUE,LECTURES,LAZED
LIECHTENSTEIN,LEVELLING,LANDOWNERS,LOVERS,LILAC,LORENTZIAN,LARKS,LENIENT,LAW,LATER
LOCKERS,LANDOWNERS,LABORER,LOOKUP,LOUNGES,LIBERATOR,LEVIABLE,LUTES,LATHE,LEERY
LOGICIAN,LUSAKA,LYSENKO,LEDGE,LEOPOLDVILLE,LOYALTY,LAZED,LINT,LIZZIE,LENGTHY
LIMOUSINE,LOCALS,LAGS,LESSER,LAURENTIAN,LESSENING,LADY,LUXURY,LATERAL,LEGISLATORS
LUIS,LIMITLESS,LEGALITY,LADS,LOVELACE,LIECHTENSTEIN,LICE,LANGLEY,LETITIA,LOATHING
LIVABLY,LICENSED,LOOSENESS,LANKA,LISTENERS,LANDSLIDE,LOUNGING,LAOCOON,LETTERHEAD,LYRE
LILY,LUCIFER,LYNDON,LINUX,LUTHERANIZER,LAVATORIES,LAMENTING,LINDSEY,LOCKIAN,LOOP
LASHINGS,LAUNCH,LAGUNA,LECTURER,LASTING,LIGHTENS,LIMP,LUBRICANT,LOOSEST,LIFELESSNESS
LEFTISTS,LEONARDO,LONDONIZES,LUBBOCK,LOITERS,LUND,LUCIUS,LAIR,LOADS,LAMPREY
LATENESS,LENGTHEN,LOREN,LEGALIZATION,LOGISTIC,LOUDSPEAKERS,LOOKUPS,LICKS,LOWERED,LUNCHEON
LINT,LOCALLY,LANDSCAPE,LAZED,LOWERING,LEPROSY,LOOKING,LIVID,LIBYAN,LIMPLY
LEVIABLE,LAMBERT,LITTON,LATHE,LUNCHING,LEONA,LIPSCHITZ,LUXURIANT,LOCALS,LEGALIZED
LURCH,LACERTA,LEGS,LANGUISHES,LOCUSTS,LITERATURES,LORDSHIP,LAUSANNE,LEADERS,LINDSEY
LIGHTS,LIEBERMAN,LUDWIG,LOVERS,LEXICAL,LASTING,LAUNCHINGS,LOUD,LATENESS,LEANED
LODGE,LEVELLY,LEANS,LUCILLE,LUSCIOUSLY,LEANER,LOVELIES,LABELLERS,LORRAINE,LETTER
LINDHOLM,LUDWIG,LAZYBONES,LYON,LEAPING,LONDONIZES,LORENZ,LOUSE,LOVELIER,LILY
LEAVED,LISP,LOUD,LAMELY,LOCKSMITH,LAWSUIT,LAVISH,LIEUTENANTS,LIVES,LEVELER
LINDEN,LODGE,LOBBY,LASER,LODGED,LIVINGSTON,LITTER,LEOPARD,LILACS,LESOTHO
LEAGUER,LEVERS,LUSTER,LAPEL,LINED,LEGITIMACY,LACERATING,LISS,LIAISONS,LOSSY
LAW,LAWRENCEVILLE,LONELIEST,LENGTHENS,LIVENESS,LESBIAN,LOADER,LUCIUS,LIBERATES,LOUNGE
LEISURELY,LEGISLATE,LIDS,LUCIEN,LUSTFUL,LIECHTENSTEIN,LURED,LEATHERS,LIDS,LIFEGUARD
