HARSHLY,HOLCOMB,HONORABLY,HEELS,HARDEST,HAWLEY,HERBIVOROUS,HECTIC,HOOVERIZE,HUMMEL
HURRAH,HARMFULLY,HEGELIAN,HARBORS,HURD,HAYDEN,HEATEDLY,HALVERSON,HOODLUM,HUGGINS
HANDBAGS,HAM,HARRINGTON,HANDS,HAMBURGER,HEYWOOD,HARMONICS,HAMMOCKS,HUSTON,HALLMARK
HUGENESS,HARDHAT,HOLLOWNESS,HEWED,HITLERITES,HORATIO,HUMBLENESS,HAMMOND,HEREFORD,HARTFORD
HONORED,HITLERITE,HENDERSON,HARVESTING,HURT,HOUSEWIFE,HOOVERIZES,HEDGEHOGS,HOPING,HOVERING
HARPY,HITLERITE,HECATE,HAYING,HARRISON,HOUSEHOLDER,HITLERITES,HOUSE,HUSBANDS,HOES
HEATH,HAILING,HANDMAID,HERES,HEAVE,HILLSIDES,HALVERS,HEIRESS,HUMBLE,HARDING
HOLMDEL,HEFTY,HAMMOCK,HEISER,HYPERBOLIC,HAMLET,HAMILTONIAN,HORRIBLENESS,HIVE,HANDLE
HIERARCHICAL,HATING,HORATIO,HANDCUFFS,HONEYMOONS,HYPERBOLIC,HILLCREST,HEARTBREAK,HARSHNESS,HERDER
HERETIC,HAVANA,HUMID,HITLERISM,HARMONIZE,HIT,HIERARCHIES,HORNY,HOMOSEXUAL,HORRIBLE
HIPPO,HEATABLE,HARKEN,HOME,HORROR,HENDRICKS,HANOVERIANIZE,HUSTLER,HARDLY,HELPED
HOES,HARROWED,HEARING,HANGOVERS,HIP,HINKLE,HEREAFTER,HARNESS,HERTZOG,HUNGRIER
HAUNCH,HOMICIDAL,HOPE,HARROWED,HUMMINGBIRD,HAPPIEST,HANUKKAH,HATEFUL,HERB,HANDSOMEST
HIGH,HORROR,HELP,HUT,HIVE,HESITANTLY,HOLLERITH,HOBBES,HORSEPLAY,HIRER
HAUGHTY,HIPPOPOTAMUS,HOMERIC,HANDLE,HYDRAULIC,HIGHWAYMEN,HEBRIDES,HAMMING,HENDRICKSON,HOMESTEADER
HEAVERS,HINSDALE,HOOPER,HOP,HEAVIER,HOMERIC,HARLEM,HILLSBORO,HUN,HOISTING
HIRINGS,HAZEL,HENPECK,HOOKED,HEXADECIMAL,HITCHED,HINDUISM,HUSKINESS,HAPPENED,HOLLISTER
HIERARCHY,HOUSEKEEPER,HELSINKI,HISTORICALLY,HINT,HUMOR,HESS,HERSELF,HANDICAPS,HERESY
HAMSTER,HARASSES,HURTLING,HAVILLAND,HIDEOUSNESS,HUMANNESS,HAILED,HALFWAY,HALCYON,HOMEMAKER
HOARSELY,HELIOCENTRIC,HOSE,HANGMEN,HEISENBERG,HAPSBURG,HEM,HAZEL,HARMONIST,HEALTHY
HANDIWORK,HEALTHY,HAMMING,HUMBLENESS,HANDSOME,HYDE,HACKSAW,HERMAN,HYPOCRISY,HOSTESS
HOPKINS,HURDLE,HAULED,HANDSOMEST,HARDHAT,HALTED,HORRIBLE,HEAL,HERMETICALLY,HUMIDIFIERS
HANDICAP,HEADLINE,HORRIFIED,HELIOPOLIS,HONDURAS,HEARTBREAK,HITLERITES,HEADQUARTERS,HIGHNESS,HAUNTING
HUSBANDS,HAUL,HIKED,HIKES,HUDDLE,HOSPITALS,HOWLED,HESTER,HEELING,HOGGING
HARMONIOUS,HOOF,HURTLE,HOOKED,HILTS,HOMOSEXUAL,HINDUISM,HABITAT,HUGO,HEUBLEIN
HOPPING,HABEAS,HYPOTHESIZE,HOUDINI,HANDWRITTEN,HOLM,HUMBUG,HORIZONTAL,HESITANTLY,HOMESICK
HEATHEN,HAIRIER,HUMBUG,HELLFIRE,HIGHEST,HESPERUS,HOLLYWOODIZES,HINES,HASTENING,HAMBURGER
HOBBES,HYPOTHESIZING,HALTERS,HORDES,HEMP,HOSPITABLE,HENS,HEROICS,HOWLING,HEATS
HOBDAY,HANDS,HUN,HAULED,HUMPBACK,HAILING,HEADLINED,HALLINAN,HERES,HAVENS
HOUNDING,HEADSET,HUDDLING,HANOI,HEDGEHOGS,HEELERS,HOODED,HOLBROOK,HUMILIATION,HEUSEN
HELENA,HUMIDLY,HIGGINS,HAPHAZARD,HERSEY,HEMP,HORACE,HEROICS,HARVEY,HAPLESSLY
HOSTED,HOP,HOLDS,HANGARS,HONER,HYPHENATE,HEARTEN,HANOVER,HOBDAY,HOIST
HYDRANT,HANDCUFFS,HOLLOW,HERMANN,HUMIDIFIES,HERBS,HELLENIC,HIRING,HONDURAS,HELM
HINMAN,HEWETT,HEGELIANIZES,HEREUNDER,HEADROOM,HANG,HEALY,HEAPS,HONESTY,HIKED
HEGELIANIZE,HIROSHIMA,HANSON,HOOTING,HERR,HUMANELY,HOLLOWS,HARE,HIRSCH,HEAVE
HOUSETOP,HUTCH,HISSES,HEEDED,HAYS,HAMMERED,HAYDN,HAMMETT,HEARST,HOMELESS
HEARERS,HISPANIC,HEIDEGGER,HEARKEN,HESITATING,HERALDING,HARLOTS,HEATHER,HELM,HEALER
HOMELY,HOOTER,HASTINESS,HUGE,HENCEFORTH,HALLWAY,HIGHLAND,HAUGHTILY,HERE,HUSTLED
HARRISBURG,HILLSDALE,HENRI,HYPOTHETICAL,HIATT,HOMOGENEITY,HEALER,HARK,HAUGHTY,HITS
HERALD,HALTER,HOBART,HORIZONTAL,HONEYMOONS,HITCHHIKE,HAIR,HAUGHTINESS,HEWS,HORRID
HONEYMOONED,HOMESTEADERS,HOWL,HEIRS,HARRIS,HACKS,HACKING,HIPPOCRATIC,HATCHED,HOMERS
HONEYCOMBED,HALER,HARVESTING,HARMED,HOTLY,HELM,HARRISONBURG,HANDICAPPED,HANGERS,HELEN
HAND,HENNING,HACKS,HEARSAY,HEIR,HIDING,HOST,HEEL,HOMOSEXUAL,HUMANE
HIERARCHIC,HERACLITUS,HEUBLEIN,HOWL,HIRINGS,HARASSMENT,HANNIBAL,HAMPSHIRE,HEMISPHERE,HISSES
