CIRCUMLOCUTIONS,CLING,CAUSALITY,CRIPPLED,CHASE,COAUTHOR,CYBERNETIC,CASTLED,COLLECTIVELY,CURES
CLEAVAGE,CONSTANCY,CANDLER,CENSURER,COMMANDANT,COMPLIMENTED,CRUMBLES,CONCERNS,CUSTARD,COTTAGES
CONCUR,COLLAPSIBLE,CLEARER,COUPLER,CONSUMPTIONS,CROMWELL,CHAPLAINS,CANTO,CARBOLOY,CHIEFTAIN
CONSOLATIONS,COGS,COINCIDENCE,CRUDER,COUNTABLY,CHICKEN,CONVENING,CELTICIZE,CZECHOSLOVAKIA,CLIME
CHEAPENS,CORSICAN,CONSTERNATION,COERCES,CONJURING,COMMONWEALTHS,CHEROKEE,CALDERA,COMBINATORIALLY,COMPRESSIBLE
CHOCOLATES,CONCEDING,CRUELER,CURRENTLY,CURRENTS,CONNECTIONLESS,CREATING,CONSTRUING,CINNAMON,COLLABORATIVE
COUSINS,CLAREMONT,CORPORAL,CREAKY,CHISELER,COMMONEST,CAIN,COMPLAIN,CAVINESS,CONTINGENCY
CRAIG,CHOREOGRAPHY,CALLAGHAN,COMMONPLACES,COACHER,CLIMES,CONTINUITIES,CELLS,CONSOLERS,CHLOROPHYLL
CANNERS,CORKS,COEXISTS,CONSTRUCTIONS,CLIP,CONCERTO,CONTRIVED,COMMUNION,CRAVE,CASINGS
CORRECTLY,CROMWELLIAN,CRUSOE,CANFIELD,COMMUTING,CLOCKER,CRAVES,CONCERTMASTER,CRUISING,CONFLAGRATION
CORONATION,COMPARED,CHAOS,CREWS,CREWS,COMPLEXION,CONCRETES,COMMEMORATES,CROCODILE,COMMONWEALTH
CONTAGIOUSLY,CONSEQUENCE,CIRCUSES,CONFESSING,COMBATIVE,CRAZES,CANARY,CORPORATION,CLAMPED,CONFINE
CUTTERS,COVETED,CHALKED,COMPETITOR,COMMENTATORS,CORDED,CONSECRATE,CARTONS,CAVERNOUS,CLUCKED
COPSE,CERTIFIABLE,COVENTRY,COMMUNE,CARBONIZED,CLASSROOM,CRUCIFIED,CULL,CONFINE,CONTRIVANCES
CHECKERBOARDING,CRETE,CARELESSLY,CAPACITIVE,CALLERS,COVALENT,CONTAINMENTS,COEXISTS,CONFISCATED,CUED
CHILDISHNESS,COWERS,CONDUCTIVE,COLDEST,CONTINUANCES,COMPUSERVE,CONTRARY,CLANNISH,CONVECT,CREWED
COMMENDATIONS,CULMINATING,CAPITALIZE,CONFUCIUS,CALCULATES,CUTTLEFISH,CRAVEN,CRYPTOGRAPHICALLY,CHRISTENSON,COMFORTERS
COINCIDED,CRUNCH,CUMULATIVELY,CHANDELIER,CALVINIZES,CONTEMPLATIVE,CONQUERED,COUNTERFEITED,CONCATENATES,COLONS
CATALYSTS,CARIBBEAN,CALM,CREVICES,COBBLESTONE,CARDS,CAPTURES,CLIMATE,COMPILATION,CONSEQUENCES
CAPTOR,CILIA,CRYSTALS,CONGLOMERATE,CULTIVATED,CROWNED,COULD,CONSTRAINED,CRAFTSPEOPLE,COGNITION
COHESIVENESS,CONTINENTS,CRUSADING,COMPARED,CONSENTED,CANDIDLY,CARCINOGENIC,CHANCES,CRITIQUES,CRANKIEST
CASTRO,CRAZY,CONVERSED,CANNER,CHEEKY,CAPTORS,CHIPMUNK,CRANE,COMPARATOR,CONJUNCT
CENTIGRADE,CONSTITUENCY,CRUDENESS,CHRISTLIKE,CONTRARY,CLONES,CAST,CHIRPED,CANOES,COMPRESSIBLE
CAMPERS,CHATEAUS,CONSORTED,COMPONENT,CORSICAN,CONDOM,COVE,CAUSED,CAGER,COMPLEMENT
CHOKING,CHANTED,CAPTORS,CRUNCHY,CALVERT,COMPARTMENTALIZE,COMEDIC,CALM,CYST,COPYRIGHTABLE
CHAPLAIN,CONFRONTATION,CHARGEABLE,CHAUTAUQUA,CRUCIFIED,CRAWLED,CIRCUMNAVIGATE,CONTROVERSIAL,COURSE,COMPELLING
CAFETERIA,CONVICTION,CLAWS,CHALKED,CAPITALIZED,CHRISTINA,CONVICTION,COPIOUSNESS,CONDEMNED,CROCKERY
CRAFTSMEN,CONDUCTED,COMMEND,CURRICULUMS,CHARTREUSE,CONFESSION,COMFORT,CHEST,CORNING,CALLER
CONSORTED,CHAPEL,CRAVE,COMMONNESS,COMPARTMENTALIZED,CAROLS,COLUMN,CORRECTNESS,CALLING,COIN
CHARLEY,CROMWELLIAN,CHRISTIANA,COOK,COMPACTORS,CONSTABLE,CONNELLY,CLINGING,COUNTERINTUITIVE,CRANDALL
