SPIRITEDLY,SUFFOCATES,STREW,SPAYED,SUBCULTURE,SCRIBE,SIREN,STERILIZATION,SHASTA,SCISSOR
SIAMESE,SCRIPTURE,SANCTIFY,SOIREE,SPATES,SHUTTLE,SEEKING,SEMICONDUCTOR,SWEATER,SIAN
SLEIGHT,SPOTLESS,SILVERWARE,SAMPLER,SECRETE,SHAPELESS,SACRED,SUFFERINGS,SPEAKABLE,STANDPOINT
SAILBOAT,SCREENED,SCHEDULERS,SPLENDIDLY,SPIRITUALS,SKIMPED,SERVITUDE,SHOWPIECE,SOUND,SHATTERING
SLAVICIZES,SEAFOOD,SOLOVIEV,STEPMOTHER,SWANKY,STACK,SCHEDULES,SARDINE,SHORTCOMINGS,SYMMETRICAL
SUPPLIED,SLEEK,SHY,SECRETIONS,STORMING,STEREOTYPE,SYNAPSES,SCENARIO,SUFFERANCE,SIZZLE
SINGER,SOCIALIZES,SMARTLY,SCORNED,SEXY,SETTERS,SURMOUNTED,SHRINES,STUNTS,SUPERSCRIPT
SLOPED,SAVAGING,SPAWN,SURVEY,SUFFICES,SUBCOMPONENTS,SUPERIMPOSING,SORENSON,SPRINKLER,SUBSCRIPTIONS
SNORE,STARTLE,SCULPTORS,SITTERS,SEEP,SUMMAND,SWEATING,SECRETION,STABLED,STONEHENGE
STEUBEN,SANCTIMONIOUS,SENDS,SORROW,SWAYED,SYNCHRONISM,SHYLY,SHEILA,SPECIALISTS,SLAMS
SHREWS,SOFTENED,SPELLING,SHELLED,SIXTH,SUBCOMPONENT,SECONDARIES,STAN,STANCHION,SCOPES
STRATTON,SIGHTED,SEQUENTIALIZE,SUFFOLK,SUMMARIES,STARS,SOLDERED,SUFFICIENTLY,SUCKS,SHEILA
SHILOH,STANDARDLY,SPUDS,SUBSTITUTABILITY,SUPERSCRIPT,SIXTIES,SUCCESSFULLY,STREW,SURGED,SLANG
SAPIENS,STRIVES,SPIKES,SUBCYCLES,STRICTEST,SOLEMNNESS,SENILE,SIGH,SOMBERLY,SHAPED
SOGGY,SCRUTINY,SHALLOWER,SERF,SEVENS,SOWN,SYNERGY,SCREAMER,SCOFFING,SCHWEITZER
SPA,SEPTEMBER,SLED,SMUTTY,SMOKER,SHORTNESS,SMELLED,SUBSCRIPTED,SHORTENED,SHIPPED
SENSITIVITIES,STAGNATE,STEVEDORE,SENDS,SOLUTION,SUBSISTENCE,SCIENCE,SIEGEL,STIFFLY,SHORTFALL
SAXONIZE,STIFFLY,STEP,SWELLS,SHORTHAND,SILKILY,SUFFER,SHEETING,SATAN,SUPPOSITION
SPRINTER,STATEMENTS,SHARON,STALWARTLY,SEQUENTIALIZE,SERVICED,SAVAGED,SCYLLA,SUFFRAGE,SUBNETWORKS
SILLIEST,SOLILOQUY,SYMBOLS,SHINGLE,STILLING,STEEPS,SUPPOSITIONS,SCIENTISTS,SHOPS,SMITHSON
SUBSCRIPTION,SKELETONS,SCREECHED,SUPERSEDED,SEASONS,SPOILS,SOPHISTICATION,SNEAKIER,SARATOGA,STIGMA
SEQUENCED,SPRAGUE,SWUNG,SLEEPY,SWIFTEST,SATANIST,SARCASM,SCANDAL,SUSPENSES,STRUGGLED
SHORTING,SOILS,STUPEFY,SPINDLE,SUPERINTEND,SATE,SOUSA,STANTON,SPEEDY,SPLENDID
STEALTH,SHEIK,SEMANTICS,SALVES,STUPIDITIES,SYMBOLIZING,SNAKE,STARLET,SADISM,SWEEP
SEPARATENESS,SHACKS,SPACERS,STOUFFER,SAFER,SHERWOOD,SPANIEL,SMALLNESS,SLEEK,SMALLISH
SLICE,SOVIET,SQUIRREL,SCHUYLER,SPEECHLESS,SLIPS,SETTLES,SUPPORTINGLY,SAWED,SUKARNO
SENDER,SCAR,SUPPORTIVE,SCHOOLHOUSE,SLENDERER,STAPHYLOCOCCUS,SYNOPSIS,SHOWED,SUPPLIERS,SOPRANO
SIKKIM,SEARCHER,SPURIOUS,SHOP,SORES,SCORECARD,SPOOLING,SHRIEKED,SMILED,SALIVA
SITUATE,SUCCESSIVE,SYMMETRIC,SIPHON,SPILT,SHORTEST,SYMPATHIES,SPRAWLING,SOBS,STROVE
SCHEDULED,SOJOURNER,SHELVING,SAINTED,SONGBOOK,SPIRITUAL,SLIPPAGE,SOFTWARES,SNEEZE,STEREOS
STOPPAGE,SWAGGERING,SATISFACTORY,SEACOAST,STARVES,SLAMMING,SLAUGHTERING,SUBSLOT,SWARTHMORE,SEDUCE
SPEARED,STREAMLINES,SUBSCRIPT,STRANGLINGS,SOLICITS,STATEWIDE,SWUNG,SHORTAGE,SIEGEL,SUFFICIENTLY
SERPENT,SIGHTED,SEGMENTED,SALUTE,SEEKER,SUSPECTS,STODGY,SHIPWRECK,STRONTIUM,SPIDERS
SILVERY,SERGEANT,SAFEGUARDED,SCHOLASTICS,STEREOSCOPIC,SINISTER,SCHAPIRO,SHOUT,SUPPORTINGLY,SUBUNIT
SHELTERS,SOMETIMES,SHENANIGAN,SERVICED,SHELTERS,SCHOOLING,SYLOW,SERIOUSNESS,SERVERS,SALTERS
SWEATSHIRT,STRATIFIES,SHERWOOD,SENIORITY,SPORTIVE,SPEEDBOAT,SEEPAGE,SNARE,SAUCEPANS,SHORTS
SMITHTOWN,STEEPLE,SURGERY,SOMALIS,STAFFING,STEWARDESS,SENTIMENTS,STEPPER,SUPERGROUPS,STUBBORNNESS
SCRAPPED,SOCKETS,STANDARDS,SNEERED,SUBCOMPONENTS,SCANDINAVIANS,SCHOOLBOYS,SWEETER,SERGEANT,STOICHIOMETRY
SPECTATOR,SEETHING,SITUATIONAL,STOCKHOLDER,STILT,SLUMBER,SALARY,STOPPING,SEVENTEEN,SPANISHIZE
SWEETHEART,SUNGLASSES,STONES,SINGLENESS,STENCHES,SURVEYS,STOP,SHIRK,SACREDLY,SPEARMINT
STRICTNESS,STRAP,STOOD,SEPARATION,STRIKE,SPADED,SUBLAYERS,SPIRITUALS,SHRIEKED,SUPERVISORY
SPRINGIER,SHUTTLECOCK,SNEAKING,SPRINTER,STETHOSCOPE,STIGMATA,SIMONS,SPILL,SCOLDING,STOCKY
SPIDERS,SWEEPSTAKES,SIDEBURNS,STATISTICALLY,SPACING,SNIFFS,SILENCES,SENSIBILITIES,SPOILS,SHERBET
SLIDING,SACK,STUBBLE,SUBSEGMENT,SACK,STIPULATIONS,SILENCERS,SACRILEGIOUS,SITUATIONAL,SCOLDING
SHAFER,SINGLEHANDED,STRENGTHENING,SHRINE,SPEEDY,SIDEBAND,SHAM,STUPEFY,STACKS,SPOT
SUBVERT,STARCH,SCALING,STRIPE,SWAPPED,STROBOSCOPIC,SCOT,SURNAMES,SPICE,SAD
