BRAY,BEAK,BABOON,BEATABLE,BLAMER,BALE,BURNISH,BRIBERS,BEGINNINGS,BEREAVED
BOHEMIA,BREVITY,BUCHAREST,BELOVED,BEASTS,BACKER,BLASPHEMOUSNESS,BANQUETS,BREED,BETROTHED
BEST,BONN,BENEFITED,BRACKETS,BAIL,BALKANIZATION,BITER,BUREAUCRACY,BLASPHEMOUS,BOULDER
BACKSLASHES,BLEMISH,BEFOG,BLAMES,BEFITS,BECALMED,BENDER,BELONGING,BUSIED,BLOCKER
BURSITIS,BURGEONED,BORG,BOISTEROUS,BREWSTER,BLOC,BLUSTERS,BATTLESHIPS,BRAG,BAPTISTERY
BONDER,BAUER,BONNETED,BASEBOARD,BALLROOMS,BLEMISH,BOSSES,BELOVED,BACKORDER,BACKSTITCH
BERNARD,BOOTLEG,BEHAVED,BLONDS,BOWDOIN,BUDWEISERS,BEGGARS,BROADCASTING,BADGE,BLOCKED
BATHROBE,BEDEVIL,BOTTLENECKS,BINGHAM,BAYOU,BURUNDI,BURL,BARBARIANS,BIOGRAPHER,BEAKER
BELLIGERENT,BELAY,BOYHOOD,BUGEYED,BODE,BOOKKEEPER,BONE,BOARDINGHOUSE,BLUEFISH,BASEMAN
BARRENNESS,BATTLEMENTS,BRICKLAYERS,BRICKLAYING,BAWDY,BOASTING,BERLITZ,BAY,BERTHA,BLOSSOM
BEETLES,BAUDELAIRE,BIOGRAPHIC,BROWNED,BELIES,BART,BYPRODUCT,BREWER,BLANKS,BOATSWAIN
BERT,BROWSING,BOOSTED,BENCH,BROCK,BASQUE,BOWED,BURR,BUNGLING,BONN
BURR,BEREFT,BLOODSTAIN,BEVERAGES,BEAUREGARD,BAROMETRIC,BREEZILY,BASEBOARDS,BAREFOOTED,BOURGEOISIE
BACTERIAL,BABYLONIAN,BLEATS,BONNY,BROMIDES,BOWING,BADGER,BETTERING,BUCHANAN,BEADLES
BLADES,BIG,BANAL,BACKSTITCHED,BONANZAS,BERTIE,BEDROCK,BEGET,BUREAUCRATIC,BREAKTHROUGHES
BETWIXT,BOUNTEOUS,BREWS,BUNGALOW,BEAUTEOUS,BOTH,BLOCKERS,BASQUE,BEQUEATHS,BRIEFINGS
BEFOULS,BEATEN,BEGRUDGED,BLUEBONNETS,BARRED,BANDING,BALI,BLASPHEMOUSNESS,BUSTER,BROKENLY
BUSES,BLUDGEONING,BENIGN,BENEATH,BUTTON,BELLWETHER,BUDDIES,BURGLARY,BATTLEMENTS,BACKACHE
BARRELLING,BEEP,BADMINTON,BERATED,BLESSINGS,BUTTERNUT,BUFFERS,BUMPER,BRETONS,BELCHED
BEQUEATHED,BENEATH,BOGGED,BILLIKEN,BLEACHES,BEGRUDGINGLY,BLUNDERING,BABBLE,BULLDOZES,BESMIRCHES
BOOKING,BITTERNESS,BUBBLED,BUNTING,BLOAT,BROWNIAN,BOHR,BESPECTACLED,BRIDESMAIDS,BLACKBOARDS
BOWLED,BUNNIES,BUREAUCRACIES,BRILLIANT,BUFFER,BLUSTER,BLUBBER,BRAVERY,BATES,BOLT
BADLANDS,BREACHED,BESIDES,BOVINES,BEFIT,BOOKLETS,BUSIED,BAMBERGER,BISMARK,BRAWLER
BOSUN,BERIBBONED,BOARDINGHOUSES,BALKANIZATION,BADEN,BILLIARD,BARBOUR,BURNS,BONNET,BORDERINGS
BASTION,BEHEMOTHS,BERYL,BREATHERS,BULLDOGS,BEFORE,BEARINGS,BRICK,BRITISHLY,BRUSHFIRES
BARLOW,BANEFUL,BOSWELL,BACKLOGGED,BALANCES,BUMBLING,BREATHLESS,BROOKMONT,BAILEYS,BREAKWATER
BOSWELL,BANTU,BOMBASTIC,BOOKS,BUDGING,BASIC,BARD,BACKSLASHES,BORROW,BASHFUL
BENELUX,BEGS,BENZEDRINE,BUNKER,BRIMSTONE,BOYISH,BANISHMENT,BASTES,BEATNIK,BANDAGES
BLUSTERS,BRETHREN,BECALMING,BEFRIENDING,BLINDS,BUGATTI,BARB,BRITON,BENNINGTON,BYPRODUCTS
BYPASSED,BOWDLERIZING,BROWSE,BACKSLASH,BALER,BOATMEN,BURPS,BARED,BARKS,BYLINE
BOTTOMING,BESMIRCH,BAYPORT,BATCH,BLATANTLY,BRIGHTLY,BROWBEATEN,BOLDNESS,BIGHT,BYWORD
BESTS,BUDDED,BLESS,BERNE,BEACHES,BRIEFCASES,BUCKLED,BANQUETING,BERTRAM,BEHAVIORS
BRASSTOWN,BRIBES,BEFOUL,BURGLARS,BIRCH,BARNSTORMED,BASELINES,BARREN,BOUNDING,BLACKBIRDS
BESPOKE,BRAKES,BOBS,BATTLESHIPS,BERLITZ,BUGGIES,BUDS,BILLIKENS,BEDSTEAD,BLISTERS
BOB,BULBS,BACKDROP,BET,BEQUEATH,BUTTERS,BASKED,BOOB,BELLINGHAM,BUNKMATE
BOSTONIANS,BUSTER,BEWARE,BERLINERS,BAWLED,BOLDEST,BOO,BOXERS,BUBBLED,BEES
BENGAL,BASICALLY,BARNABAS,BRENNAN,BURGLARIZES,BAPTIZES,BROOKLINE,BLISSFUL,BASHED,BYGONE
BRAINARD,BACILLUS,BILATERAL,BETRAYED,BREVITY,BATTERIES,BAKELITE,BIGGEST,BIDDIES,BESEECH
BRAZIER,BERIBERI,BELIEVABLE,BOWL,BOWDOIN,BECALM,BEEFING,BUG,BROADEN,BLEACHER
BLUNDERINGS,BUFFALO,BILLOW,BELIEVABLE,BENJAMIN,BEHEST,BETTERS,BOREAS,BRITANNIC,BUNDOORA
BANKRUPT,BROKE,BANKED,BUTTERMILK,BADE,BULGE,BRONCHIOLES,BEFOGGING,BUILDUPS,BLACKER
BRIEFEST,BRACELETS,BALLOONING,BAYPORT,BOTCHED,BUMPED,BLISS,BUMBLING,BATTLESHIP,BICONVEX
BELGRADE,BALANCE,BOTANIST,BERIBBONED,BEGOTTEN,BUNGLED,BYTE,BALCONY,BLANKER,BOOKISH
BLACKMAN,BRUSQUELY,BELIEVERS,BUFF,BOATHOUSES,BLUEFISH,BALMY,BUTTRESSED,BERET,BRAVEST
BAREFOOT,BRIGHTLY,BOUNCING,BOTCH,BEATNIK,BUTLERS,BITTERNUT,BRIDES,BRAINY,BOYS
BROOKMONT,BATTELLE,BUCKSKIN,BRANIFF,BLACKLISTS,BACK,BYGONE,BLURB,BRIDLES,BEGGED
BEGOT,BLITZ,BELONGED,BRUISES,BLANKING,BUCKED,BREATHLESS,BELIEF,BUTTERED,BITINGLY
BRIM,BRAINSTEMS,BONFIRES,BEAN,BREATH,BACKBEND,BLADES,BLIMPS,BIGNESS,BULLYING
BOYS,BRITONS,BENSON,BARBELLS,BALSAM,BYRONIZES,BACKSTAIRS,BACKLOGGED,BURGUNDIAN,BLUR
BEVERLY,BLOATED,BURTT,BROADWAY,BAKING,BUSBOY,BELIZE,BRAINWASHING,BOWS,BLUESTOCKING
BUDGETARY,BETRAYER,BLARED,BLESSINGS,BRIDLE,BRUSQUE,BESSIE,BALANCER,BIREFRINGENT,BRIBER
BLACKFEET,BRIEFER,BRUSH,BELOVED,BANDITS,BIOSYNTHESIZE,BOTTLENECK,BUCKBOARDS,BABELIZE,BUNCHING
BLAST,BEDPOST,BICYCLERS,BROADENED,BERSERK,BLEACHING,BOURGEOISIE,BEAMING,BINARIES,BAUDELAIRE
BLEND,BRUTALITY,BESET,BLAIR,BARNYARD,BASHED,BRISTLE,BLUMENTHAL,BUILDS,BOWED
BACKLOG,BANTERING,BUZZER,BENIGN,BARRELLING,BLOSSOM,BELAY,BORDEAUX,BEHOLDING,BLOODSTAIN
BILINEAR,BORROWERS,BRIEFLY,BOTTLING,BIOLOGISTS,BLURTED,BURY,BREVETING,BALSA,BREWING
BRONCHITIS,BANDING,BREADS,BISECTED,BOATHOUSES,BUTCHER,BLINK,BUNGLE,BRYN,BOY
BREVE,BLOCKADING,BEARDED,BILLOWS,BROILERS,BLINDINGLY,BREASTS,BUSHWHACKS,BIRDBATHS,BRICKLAYING
BORNE,BOLT,BAWLING,BEAUTIFICATIONS,BOUNCER,BOSOM,BOWED,BELL,BELABORS,BOOMED
BACKSCATTERED,BIRDS,BOSWELLIZES,BELONG,BULLDOZE,BEWILDER,BENEFITS,BORATES,BID,BANISHING
BESSEL,BOTCHERS,BRANDY,BEEHIVES,BROKEN,BIANCO,BOWERS,BAGELS,BOMBER,BRANDS
BUCHAREST,BAKES,BASTARD,BURMESE,BREACH,BLEACHED,BOUNCES,BEDDERS,BARRACKS,BYTE
BELATED,BRAGG,BAILEYS,BERNE,BASELESS,BERATES,BADGER,BLASTER,BIDDERS,BLEAK
BOOKIES,BOUNDS,BLANKLY,BUGGING,BOATMAN,BASEBOARD,BOWLS,BUTTRICK,BROOKHAVEN,BLURRING
BUFFALO,BOATSWAINS,BOUNDING,BURTT,BUEHRING,BRANDED,BLACKSMITH,BONNET,BRIDGEHEADS,BEARER
BEATIFIC,BIOMEDICAL,BOUND,BALE,BACKSPACING,BITTERS,BOWSTRING,BERNET,BRAKES,BURDENSOME
BACHELOR,BURNISH,BINUCLEAR,BLINDFOLD,BEHOOVE,BEEHIVE,BEHIND,BESS,BROWNE,BECALM
BLACKEST,BOOTLEGGING,BAPTISTRIES,BURDENSOME,BRUNHILDE,BASENESS,BARNUM,BREWED,BABY,BUBBLES
BIND,BURDENSOME,BLEEDINGS,BAYS,BABYING,BRUISE,BEDSPRINGS,BORDERS,BEREAVEMENTS,BLOUSE
BEDDER,BROWS,BOSWELL,BARIUM,BANQUETS,BILLOWS,BASSINET,BRAINSTEM,BANTAM,BARTERS
BLAMERS,BITTERS,BOUNDEN,BOARDINGHOUSE,BRANCHING,BLOODY,BLANCHARD,BULLY,BOOBOO,BARLEY
BELLA,BASTARD,BRUSHLIKE,BIOGRAPHERS,BUCK,BILABIAL,BARBAROUSLY,BUREAU,BLACKMAILS,BOOST
BRASHLY,BEHIND,BLACKMAILED,BALANCE,BRAVENESS,BOMBARDED,BELLY,BOYCOTTS,BLUSTERED,BRIDGETOWN
BALKANIZE,BEGINNINGS,BRAND,BURNS,BUTTRESSED,BANGUI,BORDERING,BESPECTACLED,BOTTOMLESS,BRAVES
BAYONETS,BATTED,BRIDEWELL,BLUSH,BEFORE,BIGGEST,BLOCKADES,BIBLIOGRAPHIC,BLOCK,BANSHEE
BOEOTIAN,BLARING,BRIGHT,BAKLAVA,BRIEFING,BOTTOMS,BAFFLERS,BRANDS,BURY,BUSSED
BUSS,BRIDGEHEAD,BORDEN,BAGHDAD,BABES,BRIBER,BIENVILLE,BROKERAGE,BIOPHYSICAL,BARTERS
BRANDS,BURNISHED,BACKBONE,BENELUX,BRANDISHES,BROMIDE,BROKENNESS,BARKING,BUNCHES,BALDNESS
BEACHHEAD,BONDSMAN,BRADLEY,BETSY,BAIL,BOOLEANS,BLUFFS,BOMBER,BIGELOW,BLOATING
BARNABAS,BRIDGES,BRAINWASH,BUSSES,BEARABLE,BROADER,BRICK,BARFLY,BARRED,BOG
BONDS,BABBAGE,BABYLONIAN,BOXTOPS,BUNGLERS,BRUTES,BEGINS,BARITONES,BLACKBERRIES,BOARDING
