KIROV,KIRKWOOD,KIRKPATRICK,KISS,KRUEGER,KEYNESIAN,KIOWA,KEWASKUM,KOWTOW,KEYHOLE
KOREANS,KNOCKER,KRAKOW,KITCHENETTE,KINGLY,KUWAITI,KNOT,KISSER,KING,KILL
KNOCK,KAFKAESQUE,KNIGHTLY,KNOBS,KEENAN,KETTLE,KIGALI,KAPLAN,KLAUS,KONRAD
KRUEGER,KONG,KASHMIR,KRISHNA,KINGDOM,KEEPER,KATIE,KIDDIE,KOBAYASHI,KITES
KENNING,KRAEMER,KISSES,KISSER,KINSMAN,KILOHM,KNOTTED,KNUCKLES,KEENEST,KLUDGES
KEITH,KIKUYU,KOVACS,KNIGHTHOOD,KEYSTROKE,KEEN,KEYNESIAN,KANTIAN,KRONECKER,KILIMANJARO
KILOJOULE,KOVACS,KILIMANJARO,KEATON,KEYSTROKES,KEEGAN,KANARESE,KNAUER,KEENLY,KIEL
KEWAUNEE,KATHY,KIDDED,KAFKAESQUE,KEENEST,KINSEY,KELLOGG,KERNELS,KILL,KINGSTON
KICKING,KIMBERLY,KNUTSON,KNOWABLE,KNAVE,KOVACS,KANE,KIRKPATRICK,KRAMER,KICK
KENNETH,KIRCHOFF,KNOWHOW,KENOSHA,KAMCHATKA,KITS,KREMLIN,KOSHER,KEVIN,KELVIN
KEEPS,KELLEY,KLEINROCK,KENNEY,KNITS,KNAVE,KNEE,KATHLEEN,KNIGHTHOOD,KNOWS
KISS,KITE,KILOWATT,KASHMIR,KIDNEY,KENNEL,KANARESE,KEYPAD,KNOTTING,KEELING
KLUDGE,KENNEDY,KLEINROCK,KASKASKIA,KREBS,KILIMANJARO,KITE,KINNEY,KNOW,KNOXVILLE
KATOWICE,KILIMANJARO,KOALA,KIND,KIROV,KIOWA,KIDNAPPING,KEYNESIAN,KENOSHA,KINGPIN
KAMCHATKA,KEELING,KIDDE,KEITH,KEYED,KNOSSOS,KISSED,KILLERS,KITTY,KICKS
KUALA,KINDER,KEPLER,KICKER,KIKUYU,KEYWORDS,KHMER,KIWANIS,KEEGAN,KNOCKOUT
KURDISH,KITAKYUSHU,KNOWLTON,KUWAITI,KIDNAPPERS,KITE,KELLOGG,KELLER,KILLED,KNOTT
KESSLER,KIEWIT,KNOBELOCH,KUHN,KENNEDY,KEYES,KNIGHTSBRIDGE,KURDISH,KENTUCKY,KIRBY
KICKOFF,KNOTTING,KRUEGER,KEWASKUM,KARP,KILLJOY,KILOHERTZ,KLAUS,KATHY,KENNEDY
KIRKLAND,KICKOFF,KNAUER,KNELL,KOSHER,KINDLY,KILGORE,KUMAR,KNICKERBOCKERS,KNAVES
KNIGHTHOOD,KRUEGER,KENNY,KLEIN,KHRUSHCHEV,KUWAIT,KABUKI,KELLER,KNOT,KEPT
KEATS,KIDDIE,KNOX,KATHERINE,KNACK,KLAN,KEENEST,KNOWLEDGE,KETTLE,KILOHERTZ
KINDNESS,KILOWATT,KLUDGE,KISSED,KATHLEEN,KITTEN,KIDDIE,KATOWICE,KRUEGER,KEWAUNEE
KEYSTROKES,KETTLE,KANE,KINDLED,KETTERING,KOENIGSBERG,KINDS,KNOT,KLYSTRON,KNIGHTS
KUENNING,KILLJOY,KILOBIT,KANTIAN,KEEPING,KODACHROME,KEYHOLE,KERMIT,KRAKATOA,KEWASKUM
KIDDED,KNOBELOCH,KINGSBURY,KINSHASHA,KIRCHNER,KEENNESS,KNOWABLE,KNOWN,KRESGE,KICKERS
KNUCKLES,KIEL,KALAMAZOO,KNOTTED,KURD,KODACHROME,KEEP,KEYED,KNEEL,KNEELING
KEELS,KIEV,KEYING,KUWAITI,KINDRED,KREBS,KENILWORTH,KENDALL,KETTLE,KINGSBURY
KNIVES,KUWAIT,KNUCKLED,KNOWLEDGE,KNAVE,KUHN,KURDISH,KEYNOTE,KNIFE,KIDNAPPINGS
KIND,KICK,KITE,KISSERS,KEENER,KANNADA,KRAEMER,KRUEGER,KINDLED,KRONECKER
KLUDGE,KABUKI,KLINE,KILOBIT,KICKS,KENNETH,KAMIKAZE,KAY,KINGLY,KODIAK
KINGDOM,KEEGAN,KANGAROO,KNIFES,KATE,KEWAUNEE,KIRBY,KNOWINGLY,KENT,KEYWORDS
KNUCKLE,KINK,KINGS,KERNIGHAN,KINDHEARTED,KERNIGHAN,KICKS,KOWLOON,KURDISH,KENTON
KINGDOMS,KALMUK,KUALA,KICK,KNOWER,KAMIKAZES,KHRUSHCHEVS,KNOBELOCH,KEEPS,KNIT
KOWALEWSKI,KIDNEYS,KNOCK,KURD,KITES,KAREN,KODIAK,KILOWORD,KILL,KREBS
KIRBY,KILOWORD,KOWALEWSKI,KISSED,KNOB,KISSERS,KEEPER,KENNEDY,KETTLES,KINSHIP
KILIMANJARO,KNOWHOW,KNUCKLE,KOALA,KNIGHT,KOREAN,KNEEING,KINDS,KILLED,KEYNES
KNIGHTS,KANE,KETTLES,KEENER,KNEAD,KRISTIN,KARL,KATHLEEN,KITTY,KNOLL
KILLING,KIMONO,KNIFES,KAFKAESQUE,KAPPA,KITTEN,KINDLY,KILOVOLT,KICK,KNEECAP
KATHARINE,KIRKPATRICK,KINETIC,KILOHERTZ,KIMONO,KENNELS,KOENIG,KIND,KNAPSACK,KIDNAPPING
KEATS,KONRAD,KNOWLES,KINSHASHA,KERN,KILOGRAMS,KILLEBREW,KADDISH,KEEPER,KALAMAZOO
KLINE,KICKAPOO,KIROV,KNEELING,KITE,KEROSENE,KILOBLOCK,KEVIN,KILLINGLY,KEYS
KERCHIEF,KNAPSACK,KEEP,KEYHOLE,KEEGAN,KNELT,KEYHOLE,KERCHIEF,KNIFING,KUENNING
KLINE,KRAKOW,KENTUCKY,KEELING,KINDLED,KNEE,KAMIKAZES,KINGSLEY,KUHN,KNOWLEDGEABLE
KINDLING,KNOTTING,KNOBELOCH,KNIGHTHOOD,KITCHENS,KILOBYTE,KNEEING,KUMAR,KAREN,KNICKERBOCKERS
KNOCK,KICKING,KNAVES,KANE,KRAUSE,KNEAD,KINSMAN,KALMUK,KENTON,KARATE
KINKY,KEYWORD,KINDEST,KNOB,KURD,KATHLEEN,KNICKERBOCKER,KINGS,KNOCK,KILOBITS
KNOWER,KNEECAP,KILLER,KANARESE,KILOMETERS,KENT,KUWAIT,KENILWORTH,KATZ,KINGLY
KESSLER,KNEW,KRUSE,KENNEY,KNOT,KEELING,KIDNAPPING,KINDRED,KIDDE,KINDERGARTEN
KARACHI,KIEV,KILOHERTZ,KEYHOLE,KRUGER,KNICKERBOCKER,KENYON,KNOWLES,KNAVE,KINDLED
KNAVE,KERNIGHAN,KUHN,KEYPAD,KNUTH,KICK,KILOWATT,KERN,KIOWA,KOSHER
KEMP,KERMIT,KNIT,KNAPSACK,KATOWICE,KNOCKER,KEEPING,KNOWLEDGEABLE,KEEPER,KIDNEYS
KIEWIT,KAMCHATKA,KIEWIT,KICKING,KEELS,KETTERING,KERCHIEFS,KETCHUP,KNOWS,KEYES
